13-07-2026 16:47:29,178 DEBUG Worker-2 <!--- delegate --->
13-07-2026 16:47:35,110 DEBUG Worker-2 <!--- trade created --->
13-07-2026 16:47:49,250 DEBUG Worker-5 <!--- delegate --->
13-07-2026 16:47:54,803 DEBUG Worker-4 <!--- delegate --->
13-07-2026 16:47:58,746 DEBUG Worker-4 <!--- trade created --->
13-07-2026 16:48:02,129 ERROR IssueWorker.1 <!--- 操作设备msf失败, 参数:read,2 --->
java.io.IOException: 0018 终端没有配置MSF类型的外设
	at cn.com.agree.ab.gui.device.MsfDeviceDelegate.delegateCallDevice(MsfDeviceDelegate.java:48)
	at cn.com.agree.ab.gui.DeviceUtil.call(DeviceUtil.java:77)
	at cn.com.agree.ab.gui.GuiTradeIssueListener.callDevice(GuiTradeIssueListener.java:170)
	at cn.com.agree.ab.trade.TradeServiceMarshaller.delegateCallDevice(TradeServiceMarshaller.java:113)
	at cn.com.agree.ab.trade.client.TradeIssuer.handleIssue(TradeIssuer.java:95)
	at cn.com.agree.ab.trade.client.TradeIssuer.run(TradeIssuer.java:191)
	at java.util.concurrent.ThreadPoolExecutor$Worker.runTask(Unknown Source)
	at java.util.concurrent.ThreadPoolExecutor$Worker.run(Unknown Source)
	at java.lang.Thread.run(Unknown Source)
13-07-2026 16:48:02,306 DEBUG Worker-4 <!--- trade inited --->
13-07-2026 16:48:02,319 DEBUG Worker-2 <!--- delegate --->
13-07-2026 16:49:13,898 DEBUG Worker-4 <!--- delegate --->
13-07-2026 16:49:22,833 DEBUG Worker-3 <!--- delegate --->
13-07-2026 16:49:33,150 DEBUG Worker-3 <!--- delegate --->
13-07-2026 16:49:33,150 DEBUG Worker-5 <!--- delegate --->
13-07-2026 16:49:33,338 DEBUG Worker-5 <!--- trade created --->
13-07-2026 16:49:34,846 DEBUG Worker-5 <!--- trade inited --->
13-07-2026 17:01:31,688 DEBUG Worker-5 <!--- delegate --->
13-07-2026 17:01:34,801 DEBUG Worker-5 <!--- delegate --->
13-07-2026 17:01:36,334 DEBUG Worker-1 <!--- delegate --->
13-07-2026 17:01:37,185 DEBUG Worker-2 <!--- delegate --->
13-07-2026 17:01:37,907 DEBUG Worker-4 <!--- delegate --->
13-07-2026 17:01:38,422 DEBUG Worker-4 <!--- delegate --->
13-07-2026 17:01:43,285 DEBUG Worker-3 <!--- delegate --->
13-07-2026 17:01:43,331 DEBUG Worker-1 <!--- delegate --->
13-07-2026 17:01:43,682 DEBUG Worker-3 <!--- trade created --->
13-07-2026 17:01:44,512 DEBUG Worker-3 <!--- trade inited --->
13-07-2026 17:01:45,151 DEBUG Worker-1 <!--- delegate --->
13-07-2026 17:01:45,352 DEBUG Worker-1 <!--- trade created --->
13-07-2026 17:01:46,409 DEBUG Worker-1 <!--- trade inited --->
13-07-2026 17:01:51,795 DEBUG Worker-2 <!--- delegate --->
13-07-2026 17:01:58,048 DEBUG Worker-1 <!--- delegate --->
13-07-2026 17:01:58,169 DEBUG Worker-4 <!--- delegate --->
13-07-2026 17:01:58,261 DEBUG Worker-1 <!--- delegate --->
13-07-2026 17:11:50,878 DEBUG Worker-5 <!--- delegate --->
13-07-2026 17:11:52,173 DEBUG Worker-1 <!--- delegate --->
13-07-2026 17:11:53,421 DEBUG Worker-3 <!--- delegate --->
13-07-2026 17:11:53,884 DEBUG Worker-4 <!--- delegate --->
13-07-2026 17:11:53,975 DEBUG Worker-4 <!--- trade created --->
13-07-2026 17:11:54,283 DEBUG Worker-4 <!--- trade inited --->
13-07-2026 17:11:56,575 DEBUG Worker-3 <!--- delegate --->
13-07-2026 17:11:56,677 DEBUG Worker-4 <!--- delegate --->
13-07-2026 17:11:56,777 DEBUG Worker-1 <!--- delegate --->
13-07-2026 17:11:58,967 DEBUG Worker-2 <!--- delegate --->
13-07-2026 17:36:45,891 DEBUG Worker-3 <!--- delegate --->
13-07-2026 17:36:45,892 DEBUG Worker-0 <!--- delegate --->
14-07-2026 09:21:55,837 DEBUG Worker-2 <!--- delegate --->
14-07-2026 09:22:02,528 DEBUG Worker-2 <!--- trade created --->
14-07-2026 09:22:06,100 ERROR IssueWorker.2 <!--- 操作设备msf失败, 参数:read,2 --->
java.io.IOException: 0018 终端没有配置MSF类型的外设
	at cn.com.agree.ab.gui.device.MsfDeviceDelegate.delegateCallDevice(MsfDeviceDelegate.java:48)
	at cn.com.agree.ab.gui.DeviceUtil.call(DeviceUtil.java:77)
	at cn.com.agree.ab.gui.GuiTradeIssueListener.callDevice(GuiTradeIssueListener.java:170)
	at cn.com.agree.ab.trade.TradeServiceMarshaller.delegateCallDevice(TradeServiceMarshaller.java:113)
	at cn.com.agree.ab.trade.client.TradeIssuer.handleIssue(TradeIssuer.java:95)
	at cn.com.agree.ab.trade.client.TradeIssuer.run(TradeIssuer.java:191)
	at java.util.concurrent.ThreadPoolExecutor$Worker.runTask(Unknown Source)
	at java.util.concurrent.ThreadPoolExecutor$Worker.run(Unknown Source)
	at java.lang.Thread.run(Unknown Source)
14-07-2026 09:22:06,459 DEBUG Worker-2 <!--- trade inited --->
14-07-2026 09:22:06,471 DEBUG Worker-5 <!--- delegate --->
14-07-2026 09:27:40,644 DEBUG Worker-2 <!--- delegate --->
14-07-2026 09:27:45,779 DEBUG Worker-2 <!--- delegate --->
14-07-2026 09:27:49,532 DEBUG Worker-2 <!--- delegate --->
14-07-2026 09:27:54,732 DEBUG Worker-2 <!--- delegate --->
14-07-2026 09:27:56,740 DEBUG Worker-2 <!--- delegate --->
14-07-2026 09:48:23,272 DEBUG Worker-4 <!--- delegate --->
14-07-2026 09:48:28,145 DEBUG Worker-4 <!--- trade created --->
14-07-2026 09:48:30,097 ERROR IssueWorker.1 <!--- 操作设备msf失败, 参数:read,2 --->
java.io.IOException: 0018 终端没有配置MSF类型的外设
	at cn.com.agree.ab.gui.device.MsfDeviceDelegate.delegateCallDevice(MsfDeviceDelegate.java:48)
	at cn.com.agree.ab.gui.DeviceUtil.call(DeviceUtil.java:77)
	at cn.com.agree.ab.gui.GuiTradeIssueListener.callDevice(GuiTradeIssueListener.java:170)
	at cn.com.agree.ab.trade.TradeServiceMarshaller.delegateCallDevice(TradeServiceMarshaller.java:113)
	at cn.com.agree.ab.trade.client.TradeIssuer.handleIssue(TradeIssuer.java:95)
	at cn.com.agree.ab.trade.client.TradeIssuer.run(TradeIssuer.java:191)
	at java.util.concurrent.ThreadPoolExecutor$Worker.runTask(Unknown Source)
	at java.util.concurrent.ThreadPoolExecutor$Worker.run(Unknown Source)
	at java.lang.Thread.run(Unknown Source)
14-07-2026 09:48:30,254 DEBUG Worker-4 <!--- trade inited --->
14-07-2026 09:48:30,266 DEBUG Worker-1 <!--- delegate --->
14-07-2026 09:48:33,290 DEBUG Worker-4 <!--- delegate --->
14-07-2026 09:48:44,754 DEBUG Worker-4 <!--- delegate --->
14-07-2026 09:48:45,982 DEBUG Worker-2 <!--- delegate --->
14-07-2026 09:48:47,705 DEBUG Worker-3 <!--- delegate --->
14-07-2026 09:48:52,995 DEBUG Worker-1 <!--- delegate --->
14-07-2026 09:48:58,755 DEBUG Worker-1 <!--- trade created --->
14-07-2026 09:49:00,163 ERROR IssueWorker.1 <!--- 操作设备msf失败, 参数:read,2 --->
java.io.IOException: 0018 终端没有配置MSF类型的外设
	at cn.com.agree.ab.gui.device.MsfDeviceDelegate.delegateCallDevice(MsfDeviceDelegate.java:48)
	at cn.com.agree.ab.gui.DeviceUtil.call(DeviceUtil.java:77)
	at cn.com.agree.ab.gui.GuiTradeIssueListener.callDevice(GuiTradeIssueListener.java:170)
	at cn.com.agree.ab.trade.TradeServiceMarshaller.delegateCallDevice(TradeServiceMarshaller.java:113)
	at cn.com.agree.ab.trade.client.TradeIssuer.handleIssue(TradeIssuer.java:95)
	at cn.com.agree.ab.trade.client.TradeIssuer.run(TradeIssuer.java:191)
	at java.util.concurrent.ThreadPoolExecutor$Worker.runTask(Unknown Source)
	at java.util.concurrent.ThreadPoolExecutor$Worker.run(Unknown Source)
	at java.lang.Thread.run(Unknown Source)
14-07-2026 09:49:00,314 DEBUG Worker-1 <!--- trade inited --->
14-07-2026 09:49:00,321 DEBUG Worker-4 <!--- delegate --->
14-07-2026 09:55:39,654 DEBUG Worker-1 <!--- delegate --->
14-07-2026 09:56:02,218 DEBUG Worker-1 <!--- delegate --->
14-07-2026 11:11:41,959 DEBUG Worker-5 <!--- delegate --->
14-07-2026 13:33:10,569 DEBUG Worker-2 <!--- delegate --->
14-07-2026 13:33:16,569 DEBUG Worker-2 <!--- trade created --->
14-07-2026 13:33:19,815 ERROR IssueWorker.1 <!--- 操作设备msf失败, 参数:read,2 --->
java.io.IOException: 0018 终端没有配置MSF类型的外设
	at cn.com.agree.ab.gui.device.MsfDeviceDelegate.delegateCallDevice(MsfDeviceDelegate.java:48)
	at cn.com.agree.ab.gui.DeviceUtil.call(DeviceUtil.java:77)
	at cn.com.agree.ab.gui.GuiTradeIssueListener.callDevice(GuiTradeIssueListener.java:170)
	at cn.com.agree.ab.trade.TradeServiceMarshaller.delegateCallDevice(TradeServiceMarshaller.java:113)
	at cn.com.agree.ab.trade.client.TradeIssuer.handleIssue(TradeIssuer.java:95)
	at cn.com.agree.ab.trade.client.TradeIssuer.run(TradeIssuer.java:191)
	at java.util.concurrent.ThreadPoolExecutor$Worker.runTask(Unknown Source)
	at java.util.concurrent.ThreadPoolExecutor$Worker.run(Unknown Source)
	at java.lang.Thread.run(Unknown Source)
14-07-2026 13:33:20,050 DEBUG Worker-2 <!--- trade inited --->
14-07-2026 13:33:20,053 DEBUG Worker-5 <!--- delegate --->
14-07-2026 13:33:37,226 DEBUG Worker-2 <!--- delegate --->
14-07-2026 13:33:40,003 DEBUG Worker-2 <!--- delegate --->
14-07-2026 13:33:41,065 DEBUG Worker-2 <!--- delegate --->
14-07-2026 13:44:13,888 DEBUG Worker-2 <!--- delegate --->
14-07-2026 13:44:19,982 DEBUG Worker-2 <!--- trade created --->
14-07-2026 13:44:23,649 ERROR IssueWorker.1 <!--- 操作设备msf失败, 参数:read,2 --->
java.io.IOException: 0018 终端没有配置MSF类型的外设
	at cn.com.agree.ab.gui.device.MsfDeviceDelegate.delegateCallDevice(MsfDeviceDelegate.java:48)
	at cn.com.agree.ab.gui.DeviceUtil.call(DeviceUtil.java:77)
	at cn.com.agree.ab.gui.GuiTradeIssueListener.callDevice(GuiTradeIssueListener.java:170)
	at cn.com.agree.ab.trade.TradeServiceMarshaller.delegateCallDevice(TradeServiceMarshaller.java:113)
	at cn.com.agree.ab.trade.client.TradeIssuer.handleIssue(TradeIssuer.java:95)
	at cn.com.agree.ab.trade.client.TradeIssuer.run(TradeIssuer.java:191)
	at java.util.concurrent.ThreadPoolExecutor$Worker.runTask(Unknown Source)
	at java.util.concurrent.ThreadPoolExecutor$Worker.run(Unknown Source)
	at java.lang.Thread.run(Unknown Source)
14-07-2026 13:44:23,820 DEBUG Worker-2 <!--- trade inited --->
14-07-2026 13:44:23,835 DEBUG Worker-4 <!--- delegate --->
14-07-2026 13:44:43,376 DEBUG Worker-5 <!--- delegate --->
14-07-2026 13:44:45,684 DEBUG Worker-5 <!--- delegate --->
14-07-2026 13:45:03,144 DEBUG Worker-2 <!--- delegate --->
14-07-2026 13:45:08,550 DEBUG Worker-2 <!--- delegate --->
14-07-2026 13:45:10,125 DEBUG Worker-3 <!--- delegate --->
14-07-2026 13:46:15,804 DEBUG Worker-4 <!--- delegate --->
14-07-2026 13:46:18,516 ERROR IssueWorker.4 <!--- 操作设备msf失败, 参数:read,2 --->
java.io.IOException: 0018 终端没有配置MSF类型的外设
	at cn.com.agree.ab.gui.device.MsfDeviceDelegate.delegateCallDevice(MsfDeviceDelegate.java:48)
	at cn.com.agree.ab.gui.DeviceUtil.call(DeviceUtil.java:77)
	at cn.com.agree.ab.gui.GuiTradeIssueListener.callDevice(GuiTradeIssueListener.java:170)
	at cn.com.agree.ab.trade.TradeServiceMarshaller.delegateCallDevice(TradeServiceMarshaller.java:113)
	at cn.com.agree.ab.trade.client.TradeIssuer.handleIssue(TradeIssuer.java:95)
	at cn.com.agree.ab.trade.client.TradeIssuer.run(TradeIssuer.java:191)
	at java.util.concurrent.ThreadPoolExecutor$Worker.runTask(Unknown Source)
	at java.util.concurrent.ThreadPoolExecutor$Worker.run(Unknown Source)
	at java.lang.Thread.run(Unknown Source)
14-07-2026 13:46:18,660 DEBUG Worker-4 <!--- delegate --->
14-07-2026 13:46:20,421 DEBUG Worker-4 <!--- delegate --->
14-07-2026 13:46:26,488 DEBUG Worker-4 <!--- delegate --->
14-07-2026 13:47:28,432 DEBUG Worker-3 <!--- delegate --->
14-07-2026 13:47:30,006 DEBUG Worker-3 <!--- delegate --->
14-07-2026 13:48:48,835 DEBUG Worker-1 <!--- delegate --->
14-07-2026 13:48:53,236 DEBUG Worker-4 <!--- delegate --->
14-07-2026 13:48:57,371 DEBUG Worker-4 <!--- delegate --->
14-07-2026 13:48:57,371 DEBUG Worker-1 <!--- delegate --->
14-07-2026 13:48:57,463 DEBUG Worker-1 <!--- trade created --->
14-07-2026 13:48:58,611 DEBUG Worker-1 <!--- trade inited --->
14-07-2026 13:49:33,806 DEBUG Worker-5 <!--- delegate --->
14-07-2026 13:49:35,550 DEBUG Worker-4 <!--- delegate --->
14-07-2026 13:49:36,716 DEBUG Worker-5 <!--- delegate --->
14-07-2026 13:49:36,797 DEBUG Worker-5 <!--- trade created --->
14-07-2026 13:49:36,882 DEBUG Worker-5 <!--- trade inited --->
14-07-2026 13:49:53,331 DEBUG Worker-2 <!--- delegate --->
14-07-2026 13:49:54,602 DEBUG Worker-5 <!--- delegate --->
14-07-2026 13:50:18,825 DEBUG Worker-5 <!--- delegate --->
14-07-2026 13:50:19,856 DEBUG Worker-1 <!--- delegate --->
14-07-2026 13:50:39,020 DEBUG Worker-1 <!--- delegate --->
14-07-2026 13:50:57,974 DEBUG Worker-3 <!--- delegate --->
14-07-2026 13:51:16,093 DEBUG Worker-2 <!--- delegate --->
14-07-2026 13:51:34,680 DEBUG Worker-3 <!--- delegate --->
14-07-2026 13:51:36,168 DEBUG Worker-5 <!--- delegate --->
14-07-2026 13:51:39,823 DEBUG Worker-4 <!--- delegate --->
14-07-2026 13:52:02,332 DEBUG Worker-4 <!--- delegate --->
14-07-2026 13:52:11,985 DEBUG Worker-3 <!--- delegate --->
14-07-2026 13:52:13,251 DEBUG Worker-3 <!--- delegate --->
14-07-2026 13:52:22,866 DEBUG Worker-3 <!--- delegate --->
14-07-2026 13:57:09,052 DEBUG Worker-2 <!--- delegate --->
14-07-2026 13:57:11,633 DEBUG Worker-4 <!--- delegate --->
14-07-2026 13:57:11,850 DEBUG Worker-2 <!--- delegate --->
14-07-2026 13:57:11,967 DEBUG Worker-3 <!--- delegate --->
14-07-2026 13:57:12,064 DEBUG Worker-4 <!--- delegate --->
14-07-2026 13:57:12,972 DEBUG Worker-3 <!--- delegate --->
14-07-2026 13:57:13,935 DEBUG Worker-4 <!--- delegate --->
14-07-2026 13:57:13,935 DEBUG Worker-3 <!--- delegate --->
14-07-2026 13:57:14,265 DEBUG Worker-3 <!--- trade created --->
14-07-2026 13:57:15,180 ERROR IssueWorker.12 <!--- 操作设备msf失败, 参数:read,2 --->
java.io.IOException: 0018 终端没有配置MSF类型的外设
	at cn.com.agree.ab.gui.device.MsfDeviceDelegate.delegateCallDevice(MsfDeviceDelegate.java:48)
	at cn.com.agree.ab.gui.DeviceUtil.call(DeviceUtil.java:77)
	at cn.com.agree.ab.gui.GuiTradeIssueListener.callDevice(GuiTradeIssueListener.java:170)
	at cn.com.agree.ab.trade.TradeServiceMarshaller.delegateCallDevice(TradeServiceMarshaller.java:113)
	at cn.com.agree.ab.trade.client.TradeIssuer.handleIssue(TradeIssuer.java:95)
	at cn.com.agree.ab.trade.client.TradeIssuer.run(TradeIssuer.java:191)
	at java.util.concurrent.ThreadPoolExecutor$Worker.runTask(Unknown Source)
	at java.util.concurrent.ThreadPoolExecutor$Worker.run(Unknown Source)
	at java.lang.Thread.run(Unknown Source)
14-07-2026 13:57:15,333 DEBUG Worker-3 <!--- trade inited --->
14-07-2026 13:57:15,338 DEBUG Worker-1 <!--- delegate --->
14-07-2026 13:57:20,708 DEBUG Worker-1 <!--- delegate --->
14-07-2026 13:57:41,858 DEBUG Worker-2 <!--- delegate --->
14-07-2026 13:57:45,172 DEBUG Worker-2 <!--- trade created --->
14-07-2026 13:57:46,519 ERROR IssueWorker.1 <!--- 操作设备msf失败, 参数:read,2 --->
java.io.IOException: 0018 终端没有配置MSF类型的外设
	at cn.com.agree.ab.gui.device.MsfDeviceDelegate.delegateCallDevice(MsfDeviceDelegate.java:48)
	at cn.com.agree.ab.gui.DeviceUtil.call(DeviceUtil.java:77)
	at cn.com.agree.ab.gui.GuiTradeIssueListener.callDevice(GuiTradeIssueListener.java:170)
	at cn.com.agree.ab.trade.TradeServiceMarshaller.delegateCallDevice(TradeServiceMarshaller.java:113)
	at cn.com.agree.ab.trade.client.TradeIssuer.handleIssue(TradeIssuer.java:95)
	at cn.com.agree.ab.trade.client.TradeIssuer.run(TradeIssuer.java:191)
	at java.util.concurrent.ThreadPoolExecutor$Worker.runTask(Unknown Source)
	at java.util.concurrent.ThreadPoolExecutor$Worker.run(Unknown Source)
	at java.lang.Thread.run(Unknown Source)
14-07-2026 13:57:46,693 DEBUG Worker-2 <!--- trade inited --->
14-07-2026 13:57:46,706 DEBUG Worker-5 <!--- delegate --->
14-07-2026 13:57:50,667 DEBUG Worker-0 <!--- delegate --->
14-07-2026 13:58:45,337 DEBUG Worker-3 <!--- delegate --->
14-07-2026 13:58:48,556 DEBUG Worker-3 <!--- trade created --->
14-07-2026 13:58:49,926 ERROR IssueWorker.1 <!--- 操作设备msf失败, 参数:read,2 --->
java.io.IOException: 0018 终端没有配置MSF类型的外设
	at cn.com.agree.ab.gui.device.MsfDeviceDelegate.delegateCallDevice(MsfDeviceDelegate.java:48)
	at cn.com.agree.ab.gui.DeviceUtil.call(DeviceUtil.java:77)
	at cn.com.agree.ab.gui.GuiTradeIssueListener.callDevice(GuiTradeIssueListener.java:170)
	at cn.com.agree.ab.trade.TradeServiceMarshaller.delegateCallDevice(TradeServiceMarshaller.java:113)
	at cn.com.agree.ab.trade.client.TradeIssuer.handleIssue(TradeIssuer.java:95)
	at cn.com.agree.ab.trade.client.TradeIssuer.run(TradeIssuer.java:191)
	at java.util.concurrent.ThreadPoolExecutor$Worker.runTask(Unknown Source)
	at java.util.concurrent.ThreadPoolExecutor$Worker.run(Unknown Source)
	at java.lang.Thread.run(Unknown Source)
14-07-2026 13:58:50,085 DEBUG Worker-3 <!--- trade inited --->
14-07-2026 13:58:50,096 DEBUG Worker-5 <!--- delegate --->
14-07-2026 13:58:52,248 DEBUG Worker-5 <!--- delegate --->
14-07-2026 13:59:06,263 DEBUG Worker-3 <!--- delegate --->
14-07-2026 13:59:09,601 DEBUG Worker-3 <!--- trade created --->
14-07-2026 13:59:10,828 ERROR IssueWorker.1 <!--- 操作设备msf失败, 参数:read,2 --->
java.io.IOException: 0018 终端没有配置MSF类型的外设
	at cn.com.agree.ab.gui.device.MsfDeviceDelegate.delegateCallDevice(MsfDeviceDelegate.java:48)
	at cn.com.agree.ab.gui.DeviceUtil.call(DeviceUtil.java:77)
	at cn.com.agree.ab.gui.GuiTradeIssueListener.callDevice(GuiTradeIssueListener.java:170)
	at cn.com.agree.ab.trade.TradeServiceMarshaller.delegateCallDevice(TradeServiceMarshaller.java:113)
	at cn.com.agree.ab.trade.client.TradeIssuer.handleIssue(TradeIssuer.java:95)
	at cn.com.agree.ab.trade.client.TradeIssuer.run(TradeIssuer.java:191)
	at java.util.concurrent.ThreadPoolExecutor$Worker.runTask(Unknown Source)
	at java.util.concurrent.ThreadPoolExecutor$Worker.run(Unknown Source)
	at java.lang.Thread.run(Unknown Source)
14-07-2026 13:59:10,977 DEBUG Worker-3 <!--- trade inited --->
14-07-2026 13:59:10,987 DEBUG Worker-1 <!--- delegate --->
14-07-2026 13:59:25,772 DEBUG Worker-2 <!--- delegate --->
14-07-2026 13:59:33,178 DEBUG Worker-1 <!--- delegate --->
14-07-2026 13:59:39,581 DEBUG Worker-1 <!--- delegate --->
14-07-2026 13:59:39,581 DEBUG Worker-0 <!--- delegate --->
14-07-2026 13:59:39,782 DEBUG Worker-0 <!--- trade created --->
14-07-2026 13:59:41,267 DEBUG Worker-0 <!--- trade inited --->
14-07-2026 13:59:59,649 DEBUG Worker-5 <!--- delegate --->
14-07-2026 14:00:01,502 DEBUG Worker-0 <!--- delegate --->
14-07-2026 14:00:02,483 DEBUG Worker-3 <!--- delegate --->
14-07-2026 14:00:02,571 DEBUG Worker-3 <!--- trade created --->
14-07-2026 14:00:02,771 DEBUG Worker-3 <!--- trade inited --->
14-07-2026 14:00:05,288 DEBUG Worker-5 <!--- delegate --->
14-07-2026 14:00:13,178 DEBUG Worker-0 <!--- delegate --->
14-07-2026 14:34:50,632 DEBUG Worker-5 <!--- delegate --->
14-07-2026 14:34:53,158 DEBUG Worker-5 <!--- delegate --->
14-07-2026 14:34:54,894 DEBUG Worker-5 <!--- delegate --->
14-07-2026 14:34:55,116 DEBUG Worker-5 <!--- trade created --->
14-07-2026 14:34:55,231 DEBUG Worker-5 <!--- trade inited --->
14-07-2026 14:35:02,571 DEBUG Worker-0 <!--- delegate --->
14-07-2026 14:35:02,654 DEBUG Worker-5 <!--- delegate --->
14-07-2026 14:36:48,984 DEBUG Worker-2 <!--- delegate --->
14-07-2026 14:36:49,363 DEBUG Worker-5 <!--- delegate --->
14-07-2026 14:36:49,501 DEBUG Worker-0 <!--- delegate --->
14-07-2026 14:39:47,928 DEBUG Worker-5 <!--- delegate --->
14-07-2026 14:39:53,078 DEBUG Worker-6 <!--- delegate --->
14-07-2026 14:39:54,302 DEBUG Worker-6 <!--- delegate --->
14-07-2026 14:39:54,384 DEBUG Worker-6 <!--- trade created --->
14-07-2026 14:39:54,525 DEBUG Worker-6 <!--- trade inited --->
14-07-2026 14:39:57,307 DEBUG Worker-5 <!--- delegate --->
14-07-2026 14:41:42,403 DEBUG Worker-5 <!--- delegate --->
14-07-2026 14:41:42,529 DEBUG Worker-5 <!--- delegate --->
14-07-2026 14:41:42,623 DEBUG Worker-6 <!--- delegate --->
14-07-2026 14:41:45,000 DEBUG Worker-5 <!--- delegate --->
14-07-2026 14:41:45,083 DEBUG Worker-6 <!--- delegate --->
14-07-2026 14:41:45,176 DEBUG Worker-5 <!--- delegate --->
14-07-2026 14:41:50,318 DEBUG Worker-0 <!--- delegate --->
14-07-2026 14:41:52,192 DEBUG Worker-0 <!--- delegate --->
14-07-2026 14:41:52,286 DEBUG Worker-0 <!--- trade created --->
14-07-2026 14:41:52,949 DEBUG Worker-0 <!--- trade inited --->
14-07-2026 14:41:54,953 DEBUG Worker-6 <!--- delegate --->
14-07-2026 14:43:25,706 DEBUG Worker-2 <!--- delegate --->
14-07-2026 14:43:29,833 DEBUG Worker-0 <!--- delegate --->
14-07-2026 14:45:39,986 DEBUG Worker-6 <!--- delegate --->
14-07-2026 14:45:56,454 DEBUG Worker-0 <!--- delegate --->
14-07-2026 14:45:59,108 DEBUG Worker-6 <!--- delegate --->
14-07-2026 14:47:00,070 DEBUG Worker-0 <!--- delegate --->
14-07-2026 14:47:03,647 DEBUG Worker-6 <!--- delegate --->
14-07-2026 14:47:14,312 DEBUG Worker-0 <!--- delegate --->
14-07-2026 14:47:15,315 DEBUG Worker-5 <!--- delegate --->
14-07-2026 14:47:20,895 DEBUG Worker-2 <!--- delegate --->
14-07-2026 14:47:36,991 DEBUG Worker-6 <!--- delegate --->
14-07-2026 14:47:40,649 DEBUG Worker-5 <!--- delegate --->
14-07-2026 14:48:04,252 DEBUG Worker-5 <!--- delegate --->
14-07-2026 14:48:28,858 DEBUG Worker-2 <!--- delegate --->
14-07-2026 14:48:32,779 DEBUG Worker-5 <!--- delegate --->
14-07-2026 14:48:36,096 DEBUG Worker-5 <!--- delegate --->
14-07-2026 14:48:54,153 DEBUG Worker-6 <!--- delegate --->
14-07-2026 14:48:55,388 DEBUG Worker-0 <!--- delegate --->
14-07-2026 14:49:02,841 DEBUG Worker-5 <!--- delegate --->
14-07-2026 14:49:06,419 DEBUG Worker-5 <!--- delegate --->
14-07-2026 14:49:24,374 DEBUG Worker-6 <!--- delegate --->
14-07-2026 14:49:25,630 DEBUG Worker-0 <!--- delegate --->
14-07-2026 14:49:32,729 DEBUG Worker-0 <!--- delegate --->
14-07-2026 14:49:34,250 DEBUG Worker-2 <!--- delegate --->
14-07-2026 14:49:34,670 DEBUG Worker-0 <!--- delegate --->
14-07-2026 14:49:35,652 DEBUG Worker-6 <!--- delegate --->
14-07-2026 14:49:36,043 DEBUG Worker-2 <!--- delegate --->
14-07-2026 14:49:36,712 DEBUG Worker-0 <!--- delegate --->
14-07-2026 14:49:39,785 DEBUG Worker-2 <!--- delegate --->
14-07-2026 14:50:16,794 DEBUG Worker-0 <!--- delegate --->
14-07-2026 14:50:16,868 DEBUG Worker-6 <!--- delegate --->
14-07-2026 14:50:16,950 DEBUG Worker-0 <!--- delegate --->
14-07-2026 14:50:35,543 DEBUG Worker-5 <!--- delegate --->
14-07-2026 14:50:36,850 ERROR main <!--- 0020 无法解析资源路径, 交易'CommonTrade', 资源'CommonTrade.abf'. --->
java.io.FileNotFoundException: 0020 无法解析资源路径, 交易'CommonTrade', 资源'CommonTrade.abf'.
	at cn.com.agree.ab.gui.DomainDelegator.resolveTradeResource(DomainDelegator.java:752)
	at cn.com.agree.ab.gui.DomainDelegator.getTradeXml(DomainDelegator.java:643)
	at cn.com.agree.ab.exterior.Domain.updateContent(Domain.java:3524)
	at cn.com.agree.ab.exterior.Domain.updateContent(Domain.java:3484)
	at cn.com.agree.ab.exterior.Domain.updateContent(Domain.java:3549)
	at cn.com.agree.ab.exterior.ExteriorView.initDomain(ExteriorView.java:1025)
	at cn.com.agree.ab.exterior.ExteriorView.access$6(ExteriorView.java:1020)
	at cn.com.agree.ab.exterior.ExteriorView$8.run(ExteriorView.java:620)
	at org.eclipse.swt.widgets.Synchronizer.syncExec(Synchronizer.java:178)
	at org.eclipse.ui.internal.UISynchronizer.syncExec(UISynchronizer.java:150)
	at org.eclipse.swt.widgets.Display.syncExec(Display.java:4251)
	at cn.com.agree.ab.exterior.ExteriorView.createDomain(ExteriorView.java:580)
	at cn.com.agree.ab.exterior.view.MultiTradeCompositeView.startTrade(MultiTradeCompositeView.java:765)
	at cn.com.agree.ab.exterior.view.MultiTradeCompositeView.refresh(MultiTradeCompositeView.java:585)
	at cn.com.agree.ab.exterior.controller.Controller.propertyChange(Controller.java:234)
	at java.beans.PropertyChangeSupport.firePropertyChange(Unknown Source)
	at java.beans.PropertyChangeSupport.firePropertyChange(Unknown Source)
	at cn.com.agree.ab.exterior.model.Model.firePropertyChanged(Model.java:88)
	at cn.com.agree.ab.exterior.Domain$24.run(Domain.java:2568)
	at org.eclipse.ui.internal.UILockListener.doPendingWork(UILockListener.java:155)
	at org.eclipse.ui.internal.UISynchronizer$3.run(UISynchronizer.java:158)
	at org.eclipse.swt.widgets.RunnableLock.run(RunnableLock.java:35)
	at org.eclipse.swt.widgets.Synchronizer.runAsyncMessages(Synchronizer.java:133)
	at org.eclipse.swt.widgets.Display.runAsyncMessages(Display.java:3800)
	at org.eclipse.swt.widgets.Display.readAndDispatch(Display.java:3425)
	at org.eclipse.ui.internal.Workbench.runEventLoop(Workbench.java:2384)
	at org.eclipse.ui.internal.Workbench.runUI(Workbench.java:2348)
	at org.eclipse.ui.internal.Workbench.access$4(Workbench.java:2200)
	at org.eclipse.ui.internal.Workbench$5.run(Workbench.java:495)
	at org.eclipse.core.databinding.observable.Realm.runWithDefault(Realm.java:288)
	at org.eclipse.ui.internal.Workbench.createAndRunWorkbench(Workbench.java:490)
	at org.eclipse.ui.PlatformUI.createAndRunWorkbench(PlatformUI.java:149)
	at cn.com.agree.ab.client.ABCApplication.start(ABCApplication.java:624)
	at org.eclipse.equinox.internal.app.EclipseAppHandle.run(EclipseAppHandle.java:193)
	at org.eclipse.core.runtime.internal.adaptor.EclipseAppLauncher.runApplication(EclipseAppLauncher.java:110)
	at org.eclipse.core.runtime.internal.adaptor.EclipseAppLauncher.start(EclipseAppLauncher.java:79)
	at org.eclipse.core.runtime.adaptor.EclipseStarter.run(EclipseStarter.java:386)
	at org.eclipse.core.runtime.adaptor.EclipseStarter.run(EclipseStarter.java:179)
	at sun.reflect.NativeMethodAccessorImpl.invoke0(Native Method)
	at sun.reflect.NativeMethodAccessorImpl.invoke(Unknown Source)
	at sun.reflect.DelegatingMethodAccessorImpl.invoke(Unknown Source)
	at java.lang.reflect.Method.invoke(Unknown Source)
	at org.eclipse.equinox.launcher.Main.invokeFramework(Main.java:549)
	at org.eclipse.equinox.launcher.Main.basicRun(Main.java:504)
	at org.eclipse.equinox.launcher.Main.run(Main.java:1236)
14-07-2026 14:50:37,753 DEBUG Worker-5 <!--- delegate --->
14-07-2026 14:50:37,848 DEBUG Worker-5 <!--- trade created --->
14-07-2026 14:50:37,978 DEBUG Worker-5 <!--- trade inited --->
14-07-2026 14:50:53,040 DEBUG Worker-6 <!--- delegate --->
14-07-2026 14:50:53,269 DEBUG Worker-2 <!--- delegate --->
14-07-2026 14:50:59,798 DEBUG Worker-0 <!--- delegate --->
14-07-2026 14:50:59,872 DEBUG Worker-5 <!--- delegate --->
14-07-2026 14:50:59,972 DEBUG Worker-0 <!--- delegate --->
14-07-2026 14:51:01,766 DEBUG Worker-0 <!--- delegate --->
14-07-2026 14:51:02,682 DEBUG Worker-0 <!--- delegate --->
14-07-2026 14:51:02,769 DEBUG Worker-0 <!--- trade created --->
14-07-2026 14:51:03,106 DEBUG Worker-0 <!--- trade inited --->
14-07-2026 14:51:04,886 DEBUG Worker-0 <!--- delegate --->
14-07-2026 14:51:15,918 DEBUG Worker-5 <!--- delegate --->
14-07-2026 14:51:16,015 DEBUG Worker-2 <!--- delegate --->
14-07-2026 14:51:16,993 DEBUG Worker-6 <!--- delegate --->
14-07-2026 14:51:17,092 DEBUG Worker-0 <!--- delegate --->
14-07-2026 14:51:21,732 DEBUG Worker-0 <!--- delegate --->
14-07-2026 14:51:21,732 DEBUG Worker-5 <!--- delegate --->
14-07-2026 14:51:21,931 DEBUG Worker-5 <!--- trade created --->
14-07-2026 14:51:22,825 DEBUG Worker-5 <!--- trade inited --->
14-07-2026 14:54:22,481 DEBUG Worker-6 <!--- delegate --->
14-07-2026 14:54:24,405 DEBUG Worker-0 <!--- delegate --->
14-07-2026 14:54:24,558 DEBUG Worker-0 <!--- trade created --->
14-07-2026 14:54:25,064 DEBUG Worker-0 <!--- trade inited --->
14-07-2026 14:54:36,692 DEBUG Worker-7 <!--- delegate --->
14-07-2026 14:54:40,279 DEBUG Worker-7 <!--- delegate --->
14-07-2026 14:54:42,210 DEBUG Worker-7 <!--- delegate --->
14-07-2026 14:54:52,927 DEBUG Worker-2 <!--- delegate --->
14-07-2026 14:54:53,363 DEBUG Worker-6 <!--- delegate --->
14-07-2026 14:54:57,536 DEBUG Worker-5 <!--- delegate --->
14-07-2026 14:55:02,796 DEBUG Worker-5 <!--- delegate --->
14-07-2026 14:55:11,422 DEBUG Worker-0 <!--- delegate --->
14-07-2026 14:55:13,926 DEBUG Worker-6 <!--- delegate --->
14-07-2026 14:55:28,147 DEBUG Worker-7 <!--- delegate --->
14-07-2026 14:55:29,401 DEBUG Worker-6 <!--- delegate --->
14-07-2026 14:55:34,328 DEBUG Worker-7 <!--- delegate --->
14-07-2026 14:55:35,693 DEBUG Worker-2 <!--- delegate --->
14-07-2026 14:55:41,084 DEBUG Worker-5 <!--- delegate --->
14-07-2026 14:55:41,794 DEBUG Worker-6 <!--- delegate --->
14-07-2026 14:55:43,127 DEBUG Worker-7 <!--- delegate --->
14-07-2026 14:55:46,908 DEBUG Worker-0 <!--- delegate --->
14-07-2026 14:55:50,582 DEBUG Worker-6 <!--- delegate --->
14-07-2026 14:56:02,827 DEBUG Worker-2 <!--- delegate --->
14-07-2026 14:56:03,950 DEBUG Worker-5 <!--- delegate --->
14-07-2026 14:56:06,601 DEBUG Worker-5 <!--- delegate --->
14-07-2026 14:56:08,327 DEBUG Worker-2 <!--- delegate --->
14-07-2026 14:56:15,337 DEBUG Worker-0 <!--- delegate --->
14-07-2026 14:56:16,446 DEBUG Worker-2 <!--- delegate --->
14-07-2026 14:56:20,264 DEBUG Worker-0 <!--- delegate --->
14-07-2026 14:56:22,535 DEBUG Worker-0 <!--- delegate --->
14-07-2026 14:56:22,882 DEBUG Worker-6 <!--- delegate --->
14-07-2026 14:56:23,258 DEBUG Worker-7 <!--- delegate --->
14-07-2026 14:56:23,617 DEBUG Worker-7 <!--- delegate --->
14-07-2026 14:56:24,083 DEBUG Worker-2 <!--- delegate --->
14-07-2026 14:56:24,486 DEBUG Worker-6 <!--- delegate --->
14-07-2026 14:56:29,445 DEBUG Worker-7 <!--- delegate --->
14-07-2026 14:56:29,531 DEBUG Worker-5 <!--- delegate --->
14-07-2026 14:56:29,689 DEBUG Worker-0 <!--- delegate --->
14-07-2026 14:56:43,750 DEBUG Worker-6 <!--- delegate --->
14-07-2026 14:56:43,821 DEBUG Worker-0 <!--- delegate --->
14-07-2026 14:56:43,897 DEBUG Worker-7 <!--- delegate --->
14-07-2026 14:56:44,789 DEBUG Worker-2 <!--- delegate --->
14-07-2026 14:56:46,533 DEBUG Worker-5 <!--- delegate --->
14-07-2026 14:56:46,584 DEBUG Worker-0 <!--- delegate --->
14-07-2026 14:56:46,626 DEBUG Worker-5 <!--- trade created --->
14-07-2026 14:56:47,068 DEBUG Worker-8 <!--- delegate --->
14-07-2026 14:56:47,147 DEBUG Worker-8 <!--- trade created --->
14-07-2026 14:56:47,823 DEBUG Worker-5 <!--- trade inited --->
14-07-2026 14:56:47,888 DEBUG Worker-8 <!--- trade inited --->
14-07-2026 14:56:48,637 DEBUG Worker-7 <!--- delegate --->
14-07-2026 14:56:48,749 DEBUG Worker-5 <!--- delegate --->
14-07-2026 14:56:48,848 DEBUG Worker-8 <!--- delegate --->
14-07-2026 14:56:51,807 DEBUG Worker-7 <!--- delegate --->
14-07-2026 14:56:53,912 DEBUG Worker-6 <!--- delegate --->
14-07-2026 14:57:00,586 DEBUG Worker-0 <!--- delegate --->
14-07-2026 14:57:00,718 DEBUG Worker-6 <!--- delegate --->
14-07-2026 14:57:03,289 DEBUG Worker-6 <!--- delegate --->
14-07-2026 14:57:03,392 DEBUG Worker-9 <!--- delegate --->
14-07-2026 14:57:05,535 DEBUG Worker-2 <!--- delegate --->
14-07-2026 14:57:05,535 DEBUG Worker-9 <!--- delegate --->
14-07-2026 14:57:06,045 DEBUG Worker-9 <!--- trade created --->
14-07-2026 14:57:07,407 DEBUG Worker-9 <!--- trade inited --->
14-07-2026 14:57:39,739 DEBUG Worker-6 <!--- delegate --->
14-07-2026 14:57:39,822 DEBUG Worker-9 <!--- delegate --->
14-07-2026 14:57:39,917 DEBUG Worker-8 <!--- delegate --->
14-07-2026 14:57:40,698 DEBUG Worker-2 <!--- delegate --->
14-07-2026 14:57:41,127 DEBUG Worker-0 <!--- delegate --->
14-07-2026 14:57:41,200 DEBUG Worker-0 <!--- trade created --->
14-07-2026 14:57:41,630 DEBUG Worker-0 <!--- trade inited --->
14-07-2026 14:57:45,903 DEBUG Worker-7 <!--- delegate --->
14-07-2026 14:57:48,478 DEBUG Worker-5 <!--- delegate --->
14-07-2026 14:57:48,577 DEBUG Worker-0 <!--- delegate --->
14-07-2026 14:57:50,957 DEBUG Worker-8 <!--- delegate --->
14-07-2026 14:57:51,033 DEBUG Worker-11 <!--- delegate --->
14-07-2026 14:57:53,409 DEBUG Worker-10 <!--- delegate --->
14-07-2026 14:57:53,409 DEBUG Worker-8 <!--- delegate --->
14-07-2026 14:57:53,605 DEBUG Worker-8 <!--- trade created --->
14-07-2026 14:57:54,536 DEBUG Worker-8 <!--- trade inited --->
14-07-2026 14:58:05,409 DEBUG Worker-11 <!--- delegate --->
14-07-2026 14:58:09,360 DEBUG Worker-6 <!--- delegate --->
14-07-2026 14:58:09,487 DEBUG Worker-0 <!--- delegate --->
14-07-2026 14:58:10,812 DEBUG Worker-8 <!--- delegate --->
14-07-2026 14:58:10,918 DEBUG Worker-8 <!--- trade created --->
14-07-2026 14:58:11,092 DEBUG Worker-8 <!--- trade inited --->
14-07-2026 14:58:17,059 DEBUG Worker-8 <!--- delegate --->
14-07-2026 14:58:17,958 DEBUG Worker-2 <!--- delegate --->
14-07-2026 14:58:18,485 DEBUG Worker-2 <!--- trade created --->
14-07-2026 14:58:18,562 DEBUG Worker-2 <!--- trade inited --->
14-07-2026 14:58:18,579 DEBUG Worker-7 <!--- delegate --->
14-07-2026 14:58:20,696 DEBUG Worker-6 <!--- delegate --->
14-07-2026 14:58:20,867 ERROR IssueWorker.20 <!--- 操作设备msf失败, 参数:read,2 --->
java.io.IOException: 0018 终端没有配置MSF类型的外设
	at cn.com.agree.ab.gui.device.MsfDeviceDelegate.delegateCallDevice(MsfDeviceDelegate.java:48)
	at cn.com.agree.ab.gui.DeviceUtil.call(DeviceUtil.java:77)
	at cn.com.agree.ab.gui.GuiTradeIssueListener.callDevice(GuiTradeIssueListener.java:170)
	at cn.com.agree.ab.trade.TradeServiceMarshaller.delegateCallDevice(TradeServiceMarshaller.java:113)
	at cn.com.agree.ab.trade.client.TradeIssuer.handleIssue(TradeIssuer.java:95)
	at cn.com.agree.ab.trade.client.TradeIssuer.run(TradeIssuer.java:191)
	at java.util.concurrent.ThreadPoolExecutor$Worker.runTask(Unknown Source)
	at java.util.concurrent.ThreadPoolExecutor$Worker.run(Unknown Source)
	at java.lang.Thread.run(Unknown Source)
14-07-2026 14:58:22,467 DEBUG Worker-6 <!--- delegate --->
14-07-2026 14:58:25,211 DEBUG Worker-7 <!--- delegate --->
14-07-2026 14:58:27,362 DEBUG Worker-7 <!--- delegate --->
14-07-2026 14:58:32,028 DEBUG Worker-6 <!--- delegate --->
14-07-2026 14:58:33,936 DEBUG Worker-6 <!--- delegate --->
14-07-2026 14:58:40,446 DEBUG Worker-2 <!--- delegate --->
14-07-2026 14:58:41,715 DEBUG Worker-2 <!--- delegate --->
14-07-2026 14:58:59,420 DEBUG Worker-2 <!--- delegate --->
14-07-2026 14:59:04,668 DEBUG Worker-5 <!--- delegate --->
14-07-2026 14:59:05,282 DEBUG Worker-6 <!--- delegate --->
14-07-2026 14:59:05,440 DEBUG Worker-9 <!--- delegate --->
14-07-2026 14:59:08,687 DEBUG Worker-7 <!--- delegate --->
14-07-2026 15:00:25,159 DEBUG Worker-6 <!--- delegate --->
14-07-2026 15:00:25,233 DEBUG Worker-11 <!--- delegate --->
14-07-2026 15:00:25,323 DEBUG Worker-2 <!--- delegate --->
14-07-2026 15:01:13,613 DEBUG Worker-6 <!--- delegate --->
14-07-2026 15:01:17,214 DEBUG Worker-10 <!--- delegate --->
14-07-2026 15:01:17,309 DEBUG Worker-10 <!--- trade created --->
14-07-2026 15:01:17,519 DEBUG Worker-10 <!--- trade inited --->
14-07-2026 15:01:17,623 DEBUG Worker-9 <!--- delegate --->
14-07-2026 15:01:51,323 DEBUG Worker-5 <!--- delegate --->
14-07-2026 15:01:51,705 DEBUG Worker-5 <!--- delegate --->
14-07-2026 15:01:53,821 DEBUG Worker-10 <!--- delegate --->
14-07-2026 15:01:54,820 DEBUG Worker-0 <!--- delegate --->
14-07-2026 15:01:54,915 DEBUG Worker-5 <!--- delegate --->
14-07-2026 15:04:01,206 DEBUG Worker-9 <!--- delegate --->
14-07-2026 15:04:07,663 DEBUG Worker-0 <!--- delegate --->
14-07-2026 15:04:07,706 DEBUG Worker-11 <!--- delegate --->
14-07-2026 15:04:07,837 DEBUG Worker-0 <!--- trade created --->
14-07-2026 15:04:08,794 DEBUG Worker-0 <!--- trade inited --->
14-07-2026 15:04:15,665 DEBUG Worker-7 <!--- delegate --->
14-07-2026 15:04:24,017 DEBUG Worker-0 <!--- delegate --->
14-07-2026 15:04:26,812 DEBUG Worker-8 <!--- delegate --->
14-07-2026 15:05:17,418 DEBUG Worker-11 <!--- delegate --->
14-07-2026 15:05:21,259 DEBUG Worker-7 <!--- delegate --->
14-07-2026 15:05:22,557 DEBUG Worker-7 <!--- delegate --->
14-07-2026 15:05:33,162 DEBUG Worker-9 <!--- delegate --->
14-07-2026 15:05:33,921 DEBUG Worker-9 <!--- delegate --->
14-07-2026 15:05:46,834 DEBUG Worker-0 <!--- delegate --->
14-07-2026 15:05:53,418 DEBUG Worker-0 <!--- delegate --->
14-07-2026 15:05:53,530 DEBUG Worker-0 <!--- delegate --->
14-07-2026 15:05:53,755 ERROR IssueWorker.24 <!--- 操作设备pin失败, 参数:readOnce,, --->
java.io.IOException: 0018 终端没有配置PIN类型的外设
	at cn.com.agree.ab.gui.device.PinDeviceDelegate.delegateCallDevice(PinDeviceDelegate.java:37)
	at cn.com.agree.ab.gui.DeviceUtil.call(DeviceUtil.java:77)
	at cn.com.agree.ab.gui.GuiTradeIssueListener.callDevice(GuiTradeIssueListener.java:170)
	at cn.com.agree.ab.trade.TradeServiceMarshaller.delegateCallDevice(TradeServiceMarshaller.java:113)
	at cn.com.agree.ab.trade.client.TradeIssuer.handleIssue(TradeIssuer.java:95)
	at cn.com.agree.ab.trade.client.TradeIssuer.run(TradeIssuer.java:191)
	at java.util.concurrent.ThreadPoolExecutor$Worker.runTask(Unknown Source)
	at java.util.concurrent.ThreadPoolExecutor$Worker.run(Unknown Source)
	at java.lang.Thread.run(Unknown Source)
14-07-2026 15:05:54,286 DEBUG Worker-6 <!--- delegate --->
14-07-2026 15:05:54,395 DEBUG Worker-6 <!--- trade created --->
14-07-2026 15:05:54,524 DEBUG Worker-6 <!--- trade inited --->
14-07-2026 15:05:57,900 DEBUG Worker-8 <!--- delegate --->
14-07-2026 15:05:58,030 DEBUG Worker-7 <!--- delegate --->
14-07-2026 15:05:58,606 ERROR IssueWorker.23 <!--- 操作设备pin失败, 参数:readTwice,, --->
java.io.IOException: 0018 终端没有配置PIN类型的外设
	at cn.com.agree.ab.gui.device.PinDeviceDelegate.delegateCallDevice(PinDeviceDelegate.java:37)
	at cn.com.agree.ab.gui.DeviceUtil.call(DeviceUtil.java:77)
	at cn.com.agree.ab.gui.GuiTradeIssueListener.callDevice(GuiTradeIssueListener.java:170)
	at cn.com.agree.ab.trade.TradeServiceMarshaller.delegateCallDevice(TradeServiceMarshaller.java:113)
	at cn.com.agree.ab.trade.client.TradeIssuer.handleIssue(TradeIssuer.java:95)
	at cn.com.agree.ab.trade.client.TradeIssuer.run(TradeIssuer.java:191)
	at java.util.concurrent.ThreadPoolExecutor$Worker.runTask(Unknown Source)
	at java.util.concurrent.ThreadPoolExecutor$Worker.run(Unknown Source)
	at java.lang.Thread.run(Unknown Source)
14-07-2026 15:05:58,965 DEBUG Worker-6 <!--- delegate --->
14-07-2026 15:05:59,048 DEBUG Worker-6 <!--- trade created --->
14-07-2026 15:05:59,161 DEBUG Worker-6 <!--- trade inited --->
14-07-2026 15:06:01,323 DEBUG Worker-9 <!--- delegate --->
14-07-2026 15:06:01,458 DEBUG Worker-7 <!--- delegate --->
14-07-2026 15:06:49,903 DEBUG Worker-0 <!--- delegate --->
14-07-2026 15:06:51,221 DEBUG Worker-8 <!--- delegate --->
14-07-2026 15:06:51,673 DEBUG Worker-9 <!--- delegate --->
14-07-2026 15:06:51,879 DEBUG Worker-9 <!--- trade created --->
14-07-2026 15:06:52,492 DEBUG Worker-9 <!--- trade inited --->
14-07-2026 15:06:58,122 DEBUG Worker-9 <!--- delegate --->
14-07-2026 15:08:02,986 DEBUG Worker-6 <!--- delegate --->
14-07-2026 15:08:04,068 DEBUG Worker-6 <!--- delegate --->
14-07-2026 15:08:16,751 DEBUG Worker-6 <!--- delegate --->
14-07-2026 15:08:18,746 DEBUG Worker-9 <!--- delegate --->
14-07-2026 15:08:25,244 DEBUG Worker-0 <!--- delegate --->
14-07-2026 15:08:29,349 DEBUG Worker-6 <!--- delegate --->
14-07-2026 15:08:30,842 DEBUG Worker-6 <!--- delegate --->
14-07-2026 15:08:48,354 DEBUG Worker-6 <!--- delegate --->
14-07-2026 15:08:50,206 DEBUG Worker-9 <!--- delegate --->
14-07-2026 15:08:50,513 DEBUG Worker-9 <!--- trade created --->
14-07-2026 15:08:51,405 DEBUG Worker-9 <!--- trade inited --->
14-07-2026 15:08:51,475 DEBUG Worker-8 <!--- delegate --->
14-07-2026 15:09:04,945 DEBUG Worker-11 <!--- delegate --->
14-07-2026 15:09:08,758 DEBUG Worker-8 <!--- delegate --->
14-07-2026 15:09:09,612 DEBUG Worker-7 <!--- delegate --->
14-07-2026 15:09:13,746 DEBUG Worker-0 <!--- delegate --->
14-07-2026 15:09:15,605 ERROR IssueWorker.25 <!--- 操作设备msf失败, 参数:write,1490030111009800007525002667655300000|0123456789,23 --->
java.io.IOException: 0018 终端没有配置MSF类型的外设
	at cn.com.agree.ab.gui.device.MsfDeviceDelegate.delegateCallDevice(MsfDeviceDelegate.java:48)
	at cn.com.agree.ab.gui.DeviceUtil.call(DeviceUtil.java:77)
	at cn.com.agree.ab.gui.GuiTradeIssueListener.callDevice(GuiTradeIssueListener.java:170)
	at cn.com.agree.ab.trade.TradeServiceMarshaller.delegateCallDevice(TradeServiceMarshaller.java:113)
	at cn.com.agree.ab.trade.client.TradeIssuer.handleIssue(TradeIssuer.java:95)
	at cn.com.agree.ab.trade.client.TradeIssuer.run(TradeIssuer.java:191)
	at java.util.concurrent.ThreadPoolExecutor$Worker.runTask(Unknown Source)
	at java.util.concurrent.ThreadPoolExecutor$Worker.run(Unknown Source)
	at java.lang.Thread.run(Unknown Source)
14-07-2026 15:09:27,662 DEBUG Worker-7 <!--- delegate --->
14-07-2026 15:09:27,757 DEBUG Worker-6 <!--- delegate --->
14-07-2026 15:09:27,946 DEBUG Worker-0 <!--- delegate --->
14-07-2026 15:09:32,757 DEBUG Worker-8 <!--- delegate --->
14-07-2026 15:09:32,853 DEBUG Worker-9 <!--- delegate --->
14-07-2026 15:09:32,933 DEBUG Worker-9 <!--- delegate --->
14-07-2026 15:10:00,361 DEBUG Worker-9 <!--- delegate --->
14-07-2026 15:10:00,444 DEBUG Worker-0 <!--- delegate --->
14-07-2026 15:10:00,535 DEBUG Worker-7 <!--- delegate --->
14-07-2026 15:10:05,554 DEBUG Worker-9 <!--- delegate --->
14-07-2026 15:10:08,088 DEBUG Worker-8 <!--- delegate --->
14-07-2026 15:10:08,343 DEBUG Worker-8 <!--- trade created --->
14-07-2026 15:10:09,046 DEBUG Worker-8 <!--- trade inited --->
14-07-2026 15:10:23,656 DEBUG Worker-6 <!--- delegate --->
14-07-2026 15:10:32,441 DEBUG Worker-11 <!--- delegate --->
14-07-2026 15:10:39,966 DEBUG Worker-6 <!--- delegate --->
14-07-2026 15:10:41,035 DEBUG Worker-11 <!--- delegate --->
14-07-2026 15:10:48,565 DEBUG Worker-8 <!--- delegate --->
14-07-2026 15:10:50,755 DEBUG Worker-7 <!--- delegate --->
14-07-2026 15:10:52,015 DEBUG Worker-7 <!--- delegate --->
14-07-2026 15:10:59,160 DEBUG Worker-6 <!--- delegate --->
14-07-2026 15:10:59,605 DEBUG Worker-6 <!--- delegate --->
14-07-2026 15:11:02,829 DEBUG Worker-6 <!--- delegate --->
14-07-2026 15:11:06,323 DEBUG Worker-6 <!--- delegate --->
14-07-2026 15:11:06,421 DEBUG Worker-6 <!--- delegate --->
14-07-2026 15:11:06,584 ERROR IssueWorker.25 <!--- 操作设备pin失败, 参数:readOnce,, --->
java.io.IOException: 0018 终端没有配置PIN类型的外设
	at cn.com.agree.ab.gui.device.PinDeviceDelegate.delegateCallDevice(PinDeviceDelegate.java:37)
	at cn.com.agree.ab.gui.DeviceUtil.call(DeviceUtil.java:77)
	at cn.com.agree.ab.gui.GuiTradeIssueListener.callDevice(GuiTradeIssueListener.java:170)
	at cn.com.agree.ab.trade.TradeServiceMarshaller.delegateCallDevice(TradeServiceMarshaller.java:113)
	at cn.com.agree.ab.trade.client.TradeIssuer.handleIssue(TradeIssuer.java:95)
	at cn.com.agree.ab.trade.client.TradeIssuer.run(TradeIssuer.java:191)
	at java.util.concurrent.ThreadPoolExecutor$Worker.runTask(Unknown Source)
	at java.util.concurrent.ThreadPoolExecutor$Worker.run(Unknown Source)
	at java.lang.Thread.run(Unknown Source)
14-07-2026 15:11:06,973 DEBUG Worker-8 <!--- delegate --->
14-07-2026 15:11:07,049 DEBUG Worker-8 <!--- trade created --->
14-07-2026 15:11:07,120 DEBUG Worker-8 <!--- trade inited --->
14-07-2026 15:11:09,432 DEBUG Worker-0 <!--- delegate --->
14-07-2026 15:11:09,568 DEBUG Worker-8 <!--- delegate --->
14-07-2026 15:11:09,880 ERROR IssueWorker.26 <!--- 操作设备pin失败, 参数:readTwice,, --->
java.io.IOException: 0018 终端没有配置PIN类型的外设
	at cn.com.agree.ab.gui.device.PinDeviceDelegate.delegateCallDevice(PinDeviceDelegate.java:37)
	at cn.com.agree.ab.gui.DeviceUtil.call(DeviceUtil.java:77)
	at cn.com.agree.ab.gui.GuiTradeIssueListener.callDevice(GuiTradeIssueListener.java:170)
	at cn.com.agree.ab.trade.TradeServiceMarshaller.delegateCallDevice(TradeServiceMarshaller.java:113)
	at cn.com.agree.ab.trade.client.TradeIssuer.handleIssue(TradeIssuer.java:95)
	at cn.com.agree.ab.trade.client.TradeIssuer.run(TradeIssuer.java:191)
	at java.util.concurrent.ThreadPoolExecutor$Worker.runTask(Unknown Source)
	at java.util.concurrent.ThreadPoolExecutor$Worker.run(Unknown Source)
	at java.lang.Thread.run(Unknown Source)
14-07-2026 15:11:10,192 DEBUG Worker-9 <!--- delegate --->
14-07-2026 15:11:10,556 DEBUG Worker-9 <!--- trade created --->
14-07-2026 15:11:10,702 DEBUG Worker-9 <!--- trade inited --->
14-07-2026 15:11:13,286 DEBUG Worker-9 <!--- delegate --->
14-07-2026 15:11:13,425 DEBUG Worker-8 <!--- delegate --->
14-07-2026 15:11:18,426 DEBUG Worker-9 <!--- delegate --->
14-07-2026 15:11:19,409 DEBUG Worker-7 <!--- delegate --->
14-07-2026 15:11:20,104 DEBUG Worker-11 <!--- delegate --->
14-07-2026 15:11:20,253 DEBUG Worker-11 <!--- trade created --->
14-07-2026 15:11:20,382 DEBUG Worker-11 <!--- trade inited --->
14-07-2026 15:11:21,942 DEBUG Worker-9 <!--- delegate --->
14-07-2026 15:11:36,480 DEBUG Worker-9 <!--- delegate --->
14-07-2026 15:11:37,901 DEBUG Worker-11 <!--- delegate --->
14-07-2026 15:11:39,574 DEBUG Worker-6 <!--- delegate --->
14-07-2026 15:11:45,384 DEBUG Worker-8 <!--- delegate --->
14-07-2026 15:11:47,889 DEBUG Worker-6 <!--- delegate --->
14-07-2026 15:11:48,722 DEBUG Worker-6 <!--- delegate --->
14-07-2026 15:11:50,391 DEBUG Worker-0 <!--- delegate --->
14-07-2026 15:11:50,889 DEBUG Worker-6 <!--- delegate --->
14-07-2026 15:11:50,966 DEBUG Worker-6 <!--- trade created --->
14-07-2026 15:11:51,344 DEBUG Worker-6 <!--- trade inited --->
14-07-2026 15:11:51,455 DEBUG Worker-8 <!--- delegate --->
14-07-2026 15:11:52,968 DEBUG Worker-9 <!--- delegate --->
14-07-2026 15:11:57,185 DEBUG Worker-9 <!--- delegate --->
14-07-2026 15:11:57,844 DEBUG Worker-7 <!--- delegate --->
14-07-2026 15:12:01,949 DEBUG Worker-8 <!--- delegate --->
14-07-2026 15:12:02,960 ERROR IssueWorker.25 <!--- 操作设备msf失败, 参数:write,1490030111009800007552002667655400000|0123456789,23 --->
java.io.IOException: 0018 终端没有配置MSF类型的外设
	at cn.com.agree.ab.gui.device.MsfDeviceDelegate.delegateCallDevice(MsfDeviceDelegate.java:48)
	at cn.com.agree.ab.gui.DeviceUtil.call(DeviceUtil.java:77)
	at cn.com.agree.ab.gui.GuiTradeIssueListener.callDevice(GuiTradeIssueListener.java:170)
	at cn.com.agree.ab.trade.TradeServiceMarshaller.delegateCallDevice(TradeServiceMarshaller.java:113)
	at cn.com.agree.ab.trade.client.TradeIssuer.handleIssue(TradeIssuer.java:95)
	at cn.com.agree.ab.trade.client.TradeIssuer.run(TradeIssuer.java:191)
	at java.util.concurrent.ThreadPoolExecutor$Worker.runTask(Unknown Source)
	at java.util.concurrent.ThreadPoolExecutor$Worker.run(Unknown Source)
	at java.lang.Thread.run(Unknown Source)
14-07-2026 15:13:03,525 DEBUG Worker-9 <!--- delegate --->
14-07-2026 15:13:03,639 DEBUG Worker-0 <!--- delegate --->
14-07-2026 15:13:03,730 DEBUG Worker-11 <!--- delegate --->
14-07-2026 15:13:06,347 DEBUG Worker-7 <!--- delegate --->
14-07-2026 15:13:06,422 DEBUG Worker-0 <!--- delegate --->
14-07-2026 15:13:06,515 DEBUG Worker-6 <!--- delegate --->
14-07-2026 15:13:07,390 DEBUG Worker-7 <!--- delegate --->
14-07-2026 15:13:08,849 DEBUG Worker-0 <!--- delegate --->
14-07-2026 15:13:08,930 DEBUG Worker-0 <!--- trade created --->
14-07-2026 15:13:09,035 DEBUG Worker-0 <!--- trade inited --->
14-07-2026 15:13:09,041 DEBUG Worker-8 <!--- delegate --->
14-07-2026 15:13:09,475 DEBUG Worker-7 <!--- delegate --->
14-07-2026 15:13:09,562 DEBUG Worker-7 <!--- trade created --->
14-07-2026 15:13:09,652 DEBUG Worker-7 <!--- trade inited --->
14-07-2026 15:13:38,635 DEBUG Worker-9 <!--- delegate --->
14-07-2026 15:13:38,834 DEBUG Worker-7 <!--- delegate --->
14-07-2026 15:13:38,920 DEBUG Worker-0 <!--- delegate --->
14-07-2026 15:13:39,014 DEBUG Worker-11 <!--- delegate --->
14-07-2026 15:13:41,313 DEBUG Worker-0 <!--- delegate --->
14-07-2026 15:13:42,620 DEBUG Worker-8 <!--- delegate --->
14-07-2026 15:13:42,706 DEBUG Worker-8 <!--- trade created --->
14-07-2026 15:13:42,907 DEBUG Worker-8 <!--- trade inited --->
14-07-2026 15:13:42,910 DEBUG Worker-9 <!--- delegate --->
14-07-2026 15:13:43,846 DEBUG Worker-11 <!--- delegate --->
14-07-2026 15:13:43,927 DEBUG Worker-11 <!--- trade created --->
14-07-2026 15:13:44,015 DEBUG Worker-11 <!--- trade inited --->
14-07-2026 15:13:45,371 DEBUG Worker-0 <!--- delegate --->
14-07-2026 15:13:45,520 DEBUG Worker-7 <!--- delegate --->
14-07-2026 15:14:00,646 DEBUG Worker-6 <!--- delegate --->
14-07-2026 15:14:06,454 DEBUG Worker-8 <!--- delegate --->
14-07-2026 15:14:08,154 DEBUG Worker-7 <!--- delegate --->
14-07-2026 15:14:08,444 DEBUG Worker-6 <!--- delegate --->
14-07-2026 15:14:08,524 DEBUG Worker-6 <!--- trade created --->
14-07-2026 15:14:08,614 DEBUG Worker-6 <!--- trade inited --->
14-07-2026 15:14:08,621 DEBUG Worker-11 <!--- delegate --->
14-07-2026 15:14:10,716 DEBUG Worker-9 <!--- delegate --->
14-07-2026 15:14:10,965 ERROR IssueWorker.32 <!--- 操作设备msf失败, 参数:read,2 --->
java.io.IOException: 0018 终端没有配置MSF类型的外设
	at cn.com.agree.ab.gui.device.MsfDeviceDelegate.delegateCallDevice(MsfDeviceDelegate.java:48)
	at cn.com.agree.ab.gui.DeviceUtil.call(DeviceUtil.java:77)
	at cn.com.agree.ab.gui.GuiTradeIssueListener.callDevice(GuiTradeIssueListener.java:170)
	at cn.com.agree.ab.trade.TradeServiceMarshaller.delegateCallDevice(TradeServiceMarshaller.java:113)
	at cn.com.agree.ab.trade.client.TradeIssuer.handleIssue(TradeIssuer.java:95)
	at cn.com.agree.ab.trade.client.TradeIssuer.run(TradeIssuer.java:191)
	at java.util.concurrent.ThreadPoolExecutor$Worker.runTask(Unknown Source)
	at java.util.concurrent.ThreadPoolExecutor$Worker.run(Unknown Source)
	at java.lang.Thread.run(Unknown Source)
14-07-2026 15:14:13,090 DEBUG Worker-9 <!--- delegate --->
14-07-2026 15:14:17,236 DEBUG Worker-6 <!--- delegate --->
14-07-2026 15:14:19,575 DEBUG Worker-0 <!--- delegate --->
14-07-2026 15:14:20,269 DEBUG Worker-0 <!--- delegate --->
14-07-2026 15:14:20,419 DEBUG Worker-11 <!--- delegate --->
14-07-2026 15:17:36,890 DEBUG Worker-0 <!--- delegate --->
14-07-2026 15:17:38,941 DEBUG Worker-11 <!--- delegate --->
14-07-2026 15:17:39,243 DEBUG Worker-7 <!--- delegate --->
14-07-2026 15:17:39,411 DEBUG Worker-7 <!--- trade created --->
14-07-2026 15:17:39,491 DEBUG Worker-7 <!--- trade inited --->
14-07-2026 15:17:39,507 DEBUG Worker-0 <!--- delegate --->
14-07-2026 15:18:03,884 DEBUG Worker-0 <!--- delegate --->
14-07-2026 15:18:04,551 DEBUG Worker-7 <!--- delegate --->
14-07-2026 15:18:04,706 DEBUG Worker-7 <!--- trade created --->
14-07-2026 15:18:04,805 DEBUG Worker-7 <!--- trade inited --->
14-07-2026 15:18:04,820 DEBUG Worker-0 <!--- delegate --->
14-07-2026 15:18:05,083 DEBUG Worker-9 <!--- delegate --->
14-07-2026 15:18:05,156 DEBUG Worker-9 <!--- trade created --->
14-07-2026 15:18:05,229 DEBUG Worker-9 <!--- trade inited --->
14-07-2026 15:18:06,435 DEBUG Worker-7 <!--- delegate --->
14-07-2026 15:18:06,559 DEBUG Worker-9 <!--- delegate --->
14-07-2026 15:18:07,252 DEBUG Worker-7 <!--- delegate --->
14-07-2026 15:18:09,667 DEBUG Worker-8 <!--- delegate --->
14-07-2026 15:18:11,241 DEBUG Worker-0 <!--- delegate --->
14-07-2026 15:18:11,535 DEBUG Worker-8 <!--- delegate --->
14-07-2026 15:18:11,652 DEBUG Worker-8 <!--- trade created --->
14-07-2026 15:18:11,735 DEBUG Worker-8 <!--- trade inited --->
14-07-2026 15:18:11,747 DEBUG Worker-9 <!--- delegate --->
14-07-2026 15:18:13,291 DEBUG Worker-8 <!--- delegate --->
14-07-2026 15:18:13,454 ERROR IssueWorker.38 <!--- 操作设备msf失败, 参数:read,2 --->
java.io.IOException: 0018 终端没有配置MSF类型的外设
	at cn.com.agree.ab.gui.device.MsfDeviceDelegate.delegateCallDevice(MsfDeviceDelegate.java:48)
	at cn.com.agree.ab.gui.DeviceUtil.call(DeviceUtil.java:77)
	at cn.com.agree.ab.gui.GuiTradeIssueListener.callDevice(GuiTradeIssueListener.java:170)
	at cn.com.agree.ab.trade.TradeServiceMarshaller.delegateCallDevice(TradeServiceMarshaller.java:113)
	at cn.com.agree.ab.trade.client.TradeIssuer.handleIssue(TradeIssuer.java:95)
	at cn.com.agree.ab.trade.client.TradeIssuer.run(TradeIssuer.java:191)
	at java.util.concurrent.ThreadPoolExecutor$Worker.runTask(Unknown Source)
	at java.util.concurrent.ThreadPoolExecutor$Worker.run(Unknown Source)
	at java.lang.Thread.run(Unknown Source)
14-07-2026 15:18:15,002 DEBUG Worker-8 <!--- delegate --->
14-07-2026 15:18:17,976 DEBUG Worker-8 <!--- delegate --->
14-07-2026 15:18:20,966 DEBUG Worker-8 <!--- delegate --->
14-07-2026 15:18:21,498 DEBUG Worker-9 <!--- delegate --->
14-07-2026 15:18:21,615 DEBUG Worker-9 <!--- delegate --->
14-07-2026 15:19:49,753 DEBUG Worker-8 <!--- delegate --->
14-07-2026 15:19:51,171 DEBUG Worker-0 <!--- delegate --->
14-07-2026 15:19:51,319 DEBUG Worker-0 <!--- trade created --->
14-07-2026 15:19:52,079 DEBUG Worker-0 <!--- trade inited --->
14-07-2026 15:19:52,087 DEBUG Worker-8 <!--- delegate --->
14-07-2026 15:19:52,347 DEBUG Worker-6 <!--- delegate --->
14-07-2026 15:19:52,718 DEBUG Worker-6 <!--- trade created --->
14-07-2026 15:19:52,869 DEBUG Worker-6 <!--- trade inited --->
14-07-2026 15:24:45,764 DEBUG Worker-9 <!--- delegate --->
14-07-2026 15:24:45,888 DEBUG Worker-6 <!--- delegate --->
14-07-2026 15:24:57,492 DEBUG Worker-7 <!--- delegate --->
14-07-2026 15:25:00,498 DEBUG Worker-0 <!--- delegate --->
14-07-2026 15:25:14,498 DEBUG Worker-7 <!--- delegate --->
14-07-2026 15:25:19,518 DEBUG Worker-6 <!--- delegate --->
14-07-2026 15:25:22,291 DEBUG Worker-7 <!--- delegate --->
14-07-2026 15:25:23,936 DEBUG Worker-0 <!--- delegate --->
14-07-2026 15:25:53,011 DEBUG Worker-7 <!--- delegate --->
14-07-2026 15:25:54,147 DEBUG Worker-9 <!--- delegate --->
14-07-2026 15:25:55,621 DEBUG Worker-9 <!--- trade created --->
14-07-2026 15:25:55,994 DEBUG Worker-9 <!--- trade inited --->
14-07-2026 15:25:56,102 DEBUG Worker-0 <!--- delegate --->
14-07-2026 15:25:59,783 DEBUG Worker-0 <!--- delegate --->
14-07-2026 15:26:04,280 DEBUG Worker-0 <!--- delegate --->
14-07-2026 15:26:04,971 DEBUG Worker-6 <!--- delegate --->
14-07-2026 15:26:13,296 DEBUG Worker-0 <!--- delegate --->
14-07-2026 15:26:13,402 DEBUG Worker-7 <!--- delegate --->
14-07-2026 15:26:13,496 DEBUG Worker-0 <!--- delegate --->
14-07-2026 15:28:05,375 DEBUG Worker-7 <!--- delegate --->
14-07-2026 15:28:09,769 DEBUG Worker-8 <!--- delegate --->
14-07-2026 15:28:10,319 DEBUG Worker-8 <!--- trade created --->
14-07-2026 15:28:10,449 DEBUG Worker-8 <!--- trade inited --->
14-07-2026 15:28:10,457 DEBUG Worker-7 <!--- delegate --->
14-07-2026 15:28:10,699 DEBUG Worker-9 <!--- delegate --->
14-07-2026 15:28:10,787 DEBUG Worker-9 <!--- trade created --->
14-07-2026 15:28:10,868 DEBUG Worker-9 <!--- trade inited --->
14-07-2026 15:28:26,184 DEBUG Worker-9 <!--- delegate --->
14-07-2026 15:28:26,301 DEBUG Worker-0 <!--- delegate --->
14-07-2026 15:28:36,442 DEBUG Worker-7 <!--- delegate --->
14-07-2026 15:28:37,149 DEBUG Worker-7 <!--- delegate --->
14-07-2026 15:28:37,311 ERROR IssueWorker.43 <!--- 操作设备pin失败, 参数:readOnce,, --->
java.io.IOException: 0018 终端没有配置PIN类型的外设
	at cn.com.agree.ab.gui.device.PinDeviceDelegate.delegateCallDevice(PinDeviceDelegate.java:37)
	at cn.com.agree.ab.gui.DeviceUtil.call(DeviceUtil.java:77)
	at cn.com.agree.ab.gui.GuiTradeIssueListener.callDevice(GuiTradeIssueListener.java:170)
	at cn.com.agree.ab.trade.TradeServiceMarshaller.delegateCallDevice(TradeServiceMarshaller.java:113)
	at cn.com.agree.ab.trade.client.TradeIssuer.handleIssue(TradeIssuer.java:95)
	at cn.com.agree.ab.trade.client.TradeIssuer.run(TradeIssuer.java:191)
	at java.util.concurrent.ThreadPoolExecutor$Worker.runTask(Unknown Source)
	at java.util.concurrent.ThreadPoolExecutor$Worker.run(Unknown Source)
	at java.lang.Thread.run(Unknown Source)
14-07-2026 15:28:37,600 DEBUG Worker-0 <!--- delegate --->
14-07-2026 15:28:37,681 DEBUG Worker-0 <!--- trade created --->
14-07-2026 15:28:37,760 DEBUG Worker-0 <!--- trade inited --->
14-07-2026 15:28:41,942 DEBUG Worker-8 <!--- delegate --->
14-07-2026 15:28:42,093 DEBUG Worker-0 <!--- delegate --->
14-07-2026 15:28:47,776 DEBUG Worker-9 <!--- delegate --->
14-07-2026 15:28:48,548 DEBUG Worker-8 <!--- delegate --->
14-07-2026 15:28:49,048 DEBUG Worker-9 <!--- delegate --->
14-07-2026 15:28:49,150 DEBUG Worker-9 <!--- trade created --->
14-07-2026 15:28:49,302 DEBUG Worker-9 <!--- trade inited --->
14-07-2026 15:28:51,218 DEBUG Worker-7 <!--- delegate --->
14-07-2026 15:28:51,304 DEBUG Worker-6 <!--- delegate --->
14-07-2026 15:28:51,428 DEBUG Worker-8 <!--- delegate --->
14-07-2026 15:28:51,505 DEBUG Worker-0 <!--- delegate --->
14-07-2026 15:28:53,457 DEBUG Worker-8 <!--- delegate --->
14-07-2026 15:28:53,859 DEBUG Worker-7 <!--- delegate --->
14-07-2026 15:28:53,940 DEBUG Worker-7 <!--- trade created --->
14-07-2026 15:28:54,076 DEBUG Worker-7 <!--- trade inited --->
14-07-2026 15:28:55,320 DEBUG Worker-6 <!--- delegate --->
14-07-2026 15:29:39,451 DEBUG Worker-9 <!--- delegate --->
14-07-2026 15:29:43,216 DEBUG Worker-6 <!--- delegate --->
14-07-2026 15:29:45,374 DEBUG Worker-6 <!--- delegate --->
14-07-2026 15:29:46,903 DEBUG Worker-7 <!--- delegate --->
14-07-2026 15:29:47,001 DEBUG Worker-7 <!--- trade created --->
14-07-2026 15:29:47,413 DEBUG Worker-7 <!--- trade inited --->
14-07-2026 15:29:47,527 DEBUG Worker-8 <!--- delegate --->
14-07-2026 15:29:49,599 DEBUG Worker-9 <!--- delegate --->
14-07-2026 15:29:53,483 DEBUG Worker-7 <!--- delegate --->
14-07-2026 15:29:54,560 DEBUG Worker-7 <!--- delegate --->
14-07-2026 15:30:36,562 DEBUG Worker-8 <!--- delegate --->
14-07-2026 15:30:36,670 DEBUG Worker-6 <!--- delegate --->
14-07-2026 15:30:37,136 DEBUG Worker-8 <!--- delegate --->
14-07-2026 15:30:49,496 DEBUG Worker-6 <!--- delegate --->
14-07-2026 15:30:51,068 DEBUG Worker-8 <!--- delegate --->
14-07-2026 15:30:51,339 DEBUG Worker-0 <!--- delegate --->
14-07-2026 15:30:51,446 DEBUG Worker-0 <!--- trade created --->
14-07-2026 15:30:51,537 DEBUG Worker-0 <!--- trade inited --->
14-07-2026 15:30:51,551 DEBUG Worker-9 <!--- delegate --->
14-07-2026 15:30:54,717 DEBUG Worker-0 <!--- delegate --->
14-07-2026 15:30:54,896 ERROR IssueWorker.48 <!--- 操作设备msf失败, 参数:read,2 --->
java.io.IOException: 0018 终端没有配置MSF类型的外设
	at cn.com.agree.ab.gui.device.MsfDeviceDelegate.delegateCallDevice(MsfDeviceDelegate.java:48)
	at cn.com.agree.ab.gui.DeviceUtil.call(DeviceUtil.java:77)
	at cn.com.agree.ab.gui.GuiTradeIssueListener.callDevice(GuiTradeIssueListener.java:170)
	at cn.com.agree.ab.trade.TradeServiceMarshaller.delegateCallDevice(TradeServiceMarshaller.java:113)
	at cn.com.agree.ab.trade.client.TradeIssuer.handleIssue(TradeIssuer.java:95)
	at cn.com.agree.ab.trade.client.TradeIssuer.run(TradeIssuer.java:191)
	at java.util.concurrent.ThreadPoolExecutor$Worker.runTask(Unknown Source)
	at java.util.concurrent.ThreadPoolExecutor$Worker.run(Unknown Source)
	at java.lang.Thread.run(Unknown Source)
14-07-2026 15:30:55,657 DEBUG Worker-0 <!--- delegate --->
14-07-2026 15:30:58,996 DEBUG Worker-6 <!--- delegate --->
14-07-2026 15:31:03,271 DEBUG Worker-0 <!--- delegate --->
14-07-2026 15:31:04,947 DEBUG Worker-0 <!--- delegate --->
14-07-2026 15:31:06,751 DEBUG Worker-6 <!--- delegate --->
14-07-2026 15:31:08,296 DEBUG Worker-6 <!--- delegate --->
14-07-2026 15:31:08,664 DEBUG Worker-6 <!--- delegate --->
14-07-2026 15:31:08,807 DEBUG Worker-6 <!--- delegate --->
14-07-2026 15:33:25,877 DEBUG Worker-6 <!--- delegate --->
14-07-2026 15:33:27,295 DEBUG Worker-9 <!--- delegate --->
14-07-2026 15:33:27,384 DEBUG Worker-9 <!--- trade created --->
14-07-2026 15:33:27,499 DEBUG Worker-9 <!--- trade inited --->
14-07-2026 15:33:27,514 DEBUG Worker-0 <!--- delegate --->
14-07-2026 15:33:30,097 DEBUG Worker-9 <!--- delegate --->
14-07-2026 15:33:39,426 DEBUG Worker-8 <!--- delegate --->
14-07-2026 15:33:48,143 DEBUG Worker-9 <!--- delegate --->
14-07-2026 15:34:12,112 DEBUG Worker-9 <!--- delegate --->
14-07-2026 15:34:12,674 DEBUG Worker-9 <!--- delegate --->
14-07-2026 15:34:23,410 DEBUG Worker-7 <!--- delegate --->
14-07-2026 15:34:34,225 DEBUG Worker-0 <!--- delegate --->
14-07-2026 15:34:35,375 DEBUG Worker-9 <!--- delegate --->
14-07-2026 15:34:47,503 DEBUG Worker-7 <!--- delegate --->
14-07-2026 15:34:47,606 DEBUG Worker-6 <!--- delegate --->
14-07-2026 15:34:48,401 DEBUG Worker-7 <!--- delegate --->
14-07-2026 15:34:48,509 DEBUG Worker-7 <!--- trade created --->
14-07-2026 15:34:48,592 DEBUG Worker-7 <!--- trade inited --->
14-07-2026 15:34:48,607 DEBUG Worker-9 <!--- delegate --->
14-07-2026 15:34:51,404 DEBUG Worker-9 <!--- delegate --->
14-07-2026 15:34:51,579 ERROR IssueWorker.52 <!--- 操作设备msf失败, 参数:read,2 --->
java.io.IOException: 0018 终端没有配置MSF类型的外设
	at cn.com.agree.ab.gui.device.MsfDeviceDelegate.delegateCallDevice(MsfDeviceDelegate.java:48)
	at cn.com.agree.ab.gui.DeviceUtil.call(DeviceUtil.java:77)
	at cn.com.agree.ab.gui.GuiTradeIssueListener.callDevice(GuiTradeIssueListener.java:170)
	at cn.com.agree.ab.trade.TradeServiceMarshaller.delegateCallDevice(TradeServiceMarshaller.java:113)
	at cn.com.agree.ab.trade.client.TradeIssuer.handleIssue(TradeIssuer.java:95)
	at cn.com.agree.ab.trade.client.TradeIssuer.run(TradeIssuer.java:191)
	at java.util.concurrent.ThreadPoolExecutor$Worker.runTask(Unknown Source)
	at java.util.concurrent.ThreadPoolExecutor$Worker.run(Unknown Source)
	at java.lang.Thread.run(Unknown Source)
14-07-2026 15:34:52,702 DEBUG Worker-9 <!--- delegate --->
14-07-2026 15:34:57,514 DEBUG Worker-0 <!--- delegate --->
14-07-2026 15:35:00,097 DEBUG Worker-9 <!--- delegate --->
14-07-2026 15:35:00,938 DEBUG Worker-7 <!--- delegate --->
14-07-2026 15:35:01,065 DEBUG Worker-9 <!--- delegate --->
14-07-2026 15:36:15,065 DEBUG Worker-9 <!--- delegate --->
14-07-2026 15:36:15,212 DEBUG Worker-0 <!--- delegate --->
14-07-2026 15:36:15,307 DEBUG Worker-9 <!--- delegate --->
14-07-2026 15:36:24,501 DEBUG Worker-0 <!--- delegate --->
14-07-2026 15:36:25,461 DEBUG Worker-8 <!--- delegate --->
14-07-2026 15:36:25,614 DEBUG Worker-8 <!--- trade created --->
14-07-2026 15:36:25,742 DEBUG Worker-8 <!--- trade inited --->
14-07-2026 15:36:25,743 DEBUG Worker-0 <!--- delegate --->
14-07-2026 15:36:34,367 DEBUG Worker-6 <!--- delegate --->
14-07-2026 15:36:41,126 DEBUG Worker-8 <!--- delegate --->
14-07-2026 15:36:41,598 DEBUG Worker-8 <!--- delegate --->
14-07-2026 15:37:03,556 DEBUG Worker-0 <!--- delegate --->
14-07-2026 15:37:04,263 DEBUG Worker-0 <!--- delegate --->
14-07-2026 15:37:04,900 DEBUG Worker-8 <!--- delegate --->
14-07-2026 15:37:06,807 DEBUG Worker-8 <!--- delegate --->
14-07-2026 15:37:08,751 DEBUG Worker-9 <!--- delegate --->
14-07-2026 15:37:08,831 DEBUG Worker-9 <!--- trade created --->
14-07-2026 15:37:08,970 DEBUG Worker-9 <!--- trade inited --->
14-07-2026 15:37:13,434 DEBUG Worker-6 <!--- delegate --->
14-07-2026 15:37:14,186 DEBUG Worker-7 <!--- delegate --->
14-07-2026 15:37:14,345 DEBUG Worker-9 <!--- delegate --->
14-07-2026 15:37:15,064 DEBUG Worker-6 <!--- delegate --->
14-07-2026 15:37:15,140 DEBUG Worker-6 <!--- trade created --->
14-07-2026 15:37:15,215 DEBUG Worker-6 <!--- trade inited --->
14-07-2026 15:37:15,233 DEBUG Worker-7 <!--- delegate --->
14-07-2026 15:37:17,326 DEBUG Worker-9 <!--- delegate --->
14-07-2026 15:37:17,477 ERROR IssueWorker.54 <!--- 操作设备msf失败, 参数:read,2 --->
java.io.IOException: 0018 终端没有配置MSF类型的外设
	at cn.com.agree.ab.gui.device.MsfDeviceDelegate.delegateCallDevice(MsfDeviceDelegate.java:48)
	at cn.com.agree.ab.gui.DeviceUtil.call(DeviceUtil.java:77)
	at cn.com.agree.ab.gui.GuiTradeIssueListener.callDevice(GuiTradeIssueListener.java:170)
	at cn.com.agree.ab.trade.TradeServiceMarshaller.delegateCallDevice(TradeServiceMarshaller.java:113)
	at cn.com.agree.ab.trade.client.TradeIssuer.handleIssue(TradeIssuer.java:95)
	at cn.com.agree.ab.trade.client.TradeIssuer.run(TradeIssuer.java:191)
	at java.util.concurrent.ThreadPoolExecutor$Worker.runTask(Unknown Source)
	at java.util.concurrent.ThreadPoolExecutor$Worker.run(Unknown Source)
	at java.lang.Thread.run(Unknown Source)
14-07-2026 15:37:18,498 DEBUG Worker-9 <!--- delegate --->
14-07-2026 15:37:20,876 DEBUG Worker-9 <!--- delegate --->
14-07-2026 15:37:23,490 DEBUG Worker-9 <!--- delegate --->
14-07-2026 15:37:24,206 DEBUG Worker-6 <!--- delegate --->
14-07-2026 15:37:24,354 DEBUG Worker-6 <!--- delegate --->
14-07-2026 15:38:12,987 DEBUG Worker-7 <!--- delegate --->
14-07-2026 15:38:13,083 DEBUG Worker-8 <!--- delegate --->
14-07-2026 15:38:13,173 DEBUG Worker-9 <!--- delegate --->
14-07-2026 15:39:56,042 DEBUG Worker-0 <!--- delegate --->
14-07-2026 15:39:57,808 DEBUG Worker-9 <!--- delegate --->
14-07-2026 15:39:57,897 DEBUG Worker-9 <!--- trade created --->
14-07-2026 15:39:58,043 DEBUG Worker-9 <!--- trade inited --->
14-07-2026 15:40:18,297 DEBUG Worker-8 <!--- delegate --->
14-07-2026 15:40:19,040 DEBUG Worker-8 <!--- delegate --->
14-07-2026 15:40:19,190 ERROR IssueWorker.55 <!--- 操作设备pin失败, 参数:readOnce,, --->
java.io.IOException: 0018 终端没有配置PIN类型的外设
	at cn.com.agree.ab.gui.device.PinDeviceDelegate.delegateCallDevice(PinDeviceDelegate.java:37)
	at cn.com.agree.ab.gui.DeviceUtil.call(DeviceUtil.java:77)
	at cn.com.agree.ab.gui.GuiTradeIssueListener.callDevice(GuiTradeIssueListener.java:170)
	at cn.com.agree.ab.trade.TradeServiceMarshaller.delegateCallDevice(TradeServiceMarshaller.java:113)
	at cn.com.agree.ab.trade.client.TradeIssuer.handleIssue(TradeIssuer.java:95)
	at cn.com.agree.ab.trade.client.TradeIssuer.run(TradeIssuer.java:191)
	at java.util.concurrent.ThreadPoolExecutor$Worker.runTask(Unknown Source)
	at java.util.concurrent.ThreadPoolExecutor$Worker.run(Unknown Source)
	at java.lang.Thread.run(Unknown Source)
14-07-2026 15:40:19,483 DEBUG Worker-6 <!--- delegate --->
14-07-2026 15:40:19,842 DEBUG Worker-6 <!--- trade created --->
14-07-2026 15:40:20,016 DEBUG Worker-6 <!--- trade inited --->
14-07-2026 15:40:23,450 DEBUG Worker-7 <!--- delegate --->
14-07-2026 15:40:23,587 DEBUG Worker-7 <!--- delegate --->
14-07-2026 15:40:44,760 DEBUG Worker-9 <!--- delegate --->
14-07-2026 15:40:44,865 DEBUG Worker-6 <!--- delegate --->
14-07-2026 15:40:45,873 DEBUG Worker-8 <!--- delegate --->
14-07-2026 15:40:45,957 DEBUG Worker-8 <!--- trade created --->
14-07-2026 15:40:46,055 DEBUG Worker-8 <!--- trade inited --->
14-07-2026 15:40:46,074 DEBUG Worker-0 <!--- delegate --->
14-07-2026 15:40:49,619 DEBUG Worker-0 <!--- delegate --->
14-07-2026 15:40:50,235 ERROR IssueWorker.58 <!--- 操作设备msf失败, 参数:read,2 --->
java.io.IOException: 0018 终端没有配置MSF类型的外设
	at cn.com.agree.ab.gui.device.MsfDeviceDelegate.delegateCallDevice(MsfDeviceDelegate.java:48)
	at cn.com.agree.ab.gui.DeviceUtil.call(DeviceUtil.java:77)
	at cn.com.agree.ab.gui.GuiTradeIssueListener.callDevice(GuiTradeIssueListener.java:170)
	at cn.com.agree.ab.trade.TradeServiceMarshaller.delegateCallDevice(TradeServiceMarshaller.java:113)
	at cn.com.agree.ab.trade.client.TradeIssuer.handleIssue(TradeIssuer.java:95)
	at cn.com.agree.ab.trade.client.TradeIssuer.run(TradeIssuer.java:191)
	at java.util.concurrent.ThreadPoolExecutor$Worker.runTask(Unknown Source)
	at java.util.concurrent.ThreadPoolExecutor$Worker.run(Unknown Source)
	at java.lang.Thread.run(Unknown Source)
14-07-2026 15:40:51,794 DEBUG Worker-0 <!--- delegate --->
14-07-2026 15:40:53,732 DEBUG Worker-0 <!--- delegate --->
14-07-2026 15:40:56,614 DEBUG Worker-0 <!--- delegate --->
14-07-2026 15:40:57,309 DEBUG Worker-0 <!--- delegate --->
14-07-2026 15:40:57,450 DEBUG Worker-0 <!--- delegate --->
14-07-2026 15:42:31,067 DEBUG Worker-0 <!--- delegate --->
14-07-2026 15:42:31,160 DEBUG Worker-9 <!--- delegate --->
14-07-2026 15:42:31,253 DEBUG Worker-8 <!--- delegate --->
14-07-2026 15:42:34,283 DEBUG Worker-0 <!--- delegate --->
14-07-2026 15:42:34,868 DEBUG Worker-9 <!--- delegate --->
14-07-2026 15:42:34,950 DEBUG Worker-9 <!--- trade created --->
14-07-2026 15:42:35,434 DEBUG Worker-9 <!--- trade inited --->
14-07-2026 15:42:41,763 DEBUG Worker-7 <!--- delegate --->
14-07-2026 15:42:42,345 DEBUG Worker-7 <!--- delegate --->
14-07-2026 15:42:42,496 ERROR IssueWorker.56 <!--- 操作设备pin失败, 参数:readOnce,, --->
java.io.IOException: 0018 终端没有配置PIN类型的外设
	at cn.com.agree.ab.gui.device.PinDeviceDelegate.delegateCallDevice(PinDeviceDelegate.java:37)
	at cn.com.agree.ab.gui.DeviceUtil.call(DeviceUtil.java:77)
	at cn.com.agree.ab.gui.GuiTradeIssueListener.callDevice(GuiTradeIssueListener.java:170)
	at cn.com.agree.ab.trade.TradeServiceMarshaller.delegateCallDevice(TradeServiceMarshaller.java:113)
	at cn.com.agree.ab.trade.client.TradeIssuer.handleIssue(TradeIssuer.java:95)
	at cn.com.agree.ab.trade.client.TradeIssuer.run(TradeIssuer.java:191)
	at java.util.concurrent.ThreadPoolExecutor$Worker.runTask(Unknown Source)
	at java.util.concurrent.ThreadPoolExecutor$Worker.run(Unknown Source)
	at java.lang.Thread.run(Unknown Source)
14-07-2026 15:42:42,789 DEBUG Worker-9 <!--- delegate --->
14-07-2026 15:42:42,992 DEBUG Worker-9 <!--- trade created --->
14-07-2026 15:42:43,065 DEBUG Worker-9 <!--- trade inited --->
14-07-2026 15:42:47,406 DEBUG Worker-0 <!--- delegate --->
14-07-2026 15:42:47,540 DEBUG Worker-0 <!--- delegate --->
14-07-2026 15:42:52,841 DEBUG Worker-7 <!--- delegate --->
14-07-2026 15:42:55,166 DEBUG Worker-6 <!--- delegate --->
14-07-2026 15:42:55,810 DEBUG Worker-0 <!--- delegate --->
14-07-2026 15:42:55,892 DEBUG Worker-0 <!--- trade created --->
14-07-2026 15:42:56,344 DEBUG Worker-0 <!--- trade inited --->
14-07-2026 15:42:56,357 DEBUG Worker-9 <!--- delegate --->
14-07-2026 15:42:59,932 DEBUG Worker-9 <!--- delegate --->
14-07-2026 15:43:00,030 DEBUG Worker-7 <!--- delegate --->
14-07-2026 15:43:00,205 ERROR IssueWorker.60 <!--- 操作设备msf失败, 参数:read,2 --->
java.io.IOException: 0018 终端没有配置MSF类型的外设
	at cn.com.agree.ab.gui.device.MsfDeviceDelegate.delegateCallDevice(MsfDeviceDelegate.java:48)
	at cn.com.agree.ab.gui.DeviceUtil.call(DeviceUtil.java:77)
	at cn.com.agree.ab.gui.GuiTradeIssueListener.callDevice(GuiTradeIssueListener.java:170)
	at cn.com.agree.ab.trade.TradeServiceMarshaller.delegateCallDevice(TradeServiceMarshaller.java:113)
	at cn.com.agree.ab.trade.client.TradeIssuer.handleIssue(TradeIssuer.java:95)
	at cn.com.agree.ab.trade.client.TradeIssuer.run(TradeIssuer.java:191)
	at java.util.concurrent.ThreadPoolExecutor$Worker.runTask(Unknown Source)
	at java.util.concurrent.ThreadPoolExecutor$Worker.run(Unknown Source)
	at java.lang.Thread.run(Unknown Source)
14-07-2026 15:43:01,452 DEBUG Worker-7 <!--- delegate --->
14-07-2026 15:43:03,171 DEBUG Worker-9 <!--- delegate --->
14-07-2026 15:43:06,862 DEBUG Worker-9 <!--- delegate --->
14-07-2026 15:43:07,246 DEBUG Worker-12 <!--- delegate --->
14-07-2026 15:43:07,375 DEBUG Worker-12 <!--- delegate --->
14-07-2026 15:44:03,859 DEBUG Worker-12 <!--- delegate --->
14-07-2026 15:44:03,941 DEBUG Worker-8 <!--- delegate --->
14-07-2026 15:44:04,043 DEBUG Worker-7 <!--- delegate --->
14-07-2026 15:44:30,393 DEBUG Worker-7 <!--- delegate --->
14-07-2026 15:44:32,850 DEBUG Worker-6 <!--- delegate --->
14-07-2026 15:44:33,339 DEBUG Worker-6 <!--- trade created --->
14-07-2026 15:44:33,544 DEBUG Worker-6 <!--- trade inited --->
14-07-2026 15:44:35,691 DEBUG Worker-0 <!--- delegate --->
14-07-2026 15:44:35,870 DEBUG Worker-8 <!--- delegate --->
14-07-2026 15:44:35,979 DEBUG Worker-9 <!--- delegate --->
14-07-2026 15:44:41,730 DEBUG Worker-12 <!--- delegate --->
14-07-2026 15:44:42,376 DEBUG Worker-6 <!--- delegate --->
14-07-2026 15:44:42,521 DEBUG Worker-6 <!--- trade created --->
14-07-2026 15:44:42,666 DEBUG Worker-6 <!--- trade inited --->
14-07-2026 15:44:49,628 DEBUG Worker-9 <!--- delegate --->
14-07-2026 15:44:51,918 DEBUG Worker-0 <!--- delegate --->
14-07-2026 15:45:01,390 DEBUG Worker-7 <!--- delegate --->
14-07-2026 15:45:01,564 DEBUG Worker-6 <!--- delegate --->
14-07-2026 15:46:16,076 DEBUG Worker-0 <!--- delegate --->
14-07-2026 15:46:17,788 DEBUG Worker-7 <!--- delegate --->
14-07-2026 15:46:17,821 DEBUG Worker-0 <!--- delegate --->
14-07-2026 15:46:17,881 DEBUG Worker-7 <!--- trade created --->
14-07-2026 15:46:18,060 DEBUG Worker-7 <!--- trade inited --->
14-07-2026 15:46:18,067 DEBUG Worker-6 <!--- delegate --->
14-07-2026 15:46:18,506 DEBUG Worker-13 <!--- delegate --->
14-07-2026 15:46:19,238 DEBUG Worker-13 <!--- trade created --->
14-07-2026 15:46:19,367 DEBUG Worker-13 <!--- trade inited --->
14-07-2026 15:46:20,334 DEBUG Worker-13 <!--- delegate --->
14-07-2026 15:46:20,468 DEBUG Worker-7 <!--- delegate --->
14-07-2026 15:46:22,610 DEBUG Worker-12 <!--- delegate --->
14-07-2026 15:46:22,714 DEBUG Worker-8 <!--- delegate --->
14-07-2026 15:46:22,916 DEBUG Worker-13 <!--- delegate --->
14-07-2026 15:46:29,278 DEBUG Worker-6 <!--- delegate --->
14-07-2026 15:46:33,286 DEBUG Worker-0 <!--- delegate --->
14-07-2026 15:46:37,718 DEBUG Worker-8 <!--- delegate --->
14-07-2026 15:46:39,140 DEBUG Worker-13 <!--- delegate --->
14-07-2026 15:47:00,746 DEBUG Worker-12 <!--- delegate --->
14-07-2026 15:47:06,696 DEBUG Worker-7 <!--- delegate --->
14-07-2026 15:47:13,214 DEBUG Worker-8 <!--- delegate --->
14-07-2026 15:47:13,292 DEBUG Worker-6 <!--- delegate --->
14-07-2026 15:47:14,095 DEBUG Worker-8 <!--- delegate --->
14-07-2026 15:47:14,178 DEBUG Worker-8 <!--- trade created --->
14-07-2026 15:47:14,253 DEBUG Worker-8 <!--- trade inited --->
14-07-2026 15:47:14,272 DEBUG Worker-7 <!--- delegate --->
14-07-2026 15:47:15,931 DEBUG Worker-7 <!--- delegate --->
14-07-2026 15:47:16,099 ERROR IssueWorker.64 <!--- 操作设备msf失败, 参数:read,2 --->
java.io.IOException: 0018 终端没有配置MSF类型的外设
	at cn.com.agree.ab.gui.device.MsfDeviceDelegate.delegateCallDevice(MsfDeviceDelegate.java:48)
	at cn.com.agree.ab.gui.DeviceUtil.call(DeviceUtil.java:77)
	at cn.com.agree.ab.gui.GuiTradeIssueListener.callDevice(GuiTradeIssueListener.java:170)
	at cn.com.agree.ab.trade.TradeServiceMarshaller.delegateCallDevice(TradeServiceMarshaller.java:113)
	at cn.com.agree.ab.trade.client.TradeIssuer.handleIssue(TradeIssuer.java:95)
	at cn.com.agree.ab.trade.client.TradeIssuer.run(TradeIssuer.java:191)
	at java.util.concurrent.ThreadPoolExecutor$Worker.runTask(Unknown Source)
	at java.util.concurrent.ThreadPoolExecutor$Worker.run(Unknown Source)
	at java.lang.Thread.run(Unknown Source)
14-07-2026 15:47:16,840 DEBUG Worker-7 <!--- delegate --->
14-07-2026 15:47:18,431 DEBUG Worker-13 <!--- delegate --->
14-07-2026 15:47:21,611 DEBUG Worker-8 <!--- delegate --->
14-07-2026 15:47:25,821 DEBUG Worker-12 <!--- delegate --->
14-07-2026 15:47:33,107 DEBUG Worker-13 <!--- delegate --->
14-07-2026 15:47:37,943 DEBUG Worker-8 <!--- delegate --->
14-07-2026 15:47:39,725 DEBUG Worker-6 <!--- delegate --->
14-07-2026 15:47:39,880 DEBUG Worker-6 <!--- trade created --->
14-07-2026 15:47:40,004 DEBUG Worker-6 <!--- trade inited --->
14-07-2026 15:47:40,024 DEBUG Worker-0 <!--- delegate --->
14-07-2026 15:47:41,311 DEBUG Worker-13 <!--- delegate --->
14-07-2026 15:47:41,481 ERROR IssueWorker.64 <!--- 操作设备msf失败, 参数:read,2 --->
java.io.IOException: 0018 终端没有配置MSF类型的外设
	at cn.com.agree.ab.gui.device.MsfDeviceDelegate.delegateCallDevice(MsfDeviceDelegate.java:48)
	at cn.com.agree.ab.gui.DeviceUtil.call(DeviceUtil.java:77)
	at cn.com.agree.ab.gui.GuiTradeIssueListener.callDevice(GuiTradeIssueListener.java:170)
	at cn.com.agree.ab.trade.TradeServiceMarshaller.delegateCallDevice(TradeServiceMarshaller.java:113)
	at cn.com.agree.ab.trade.client.TradeIssuer.handleIssue(TradeIssuer.java:95)
	at cn.com.agree.ab.trade.client.TradeIssuer.run(TradeIssuer.java:191)
	at java.util.concurrent.ThreadPoolExecutor$Worker.runTask(Unknown Source)
	at java.util.concurrent.ThreadPoolExecutor$Worker.run(Unknown Source)
	at java.lang.Thread.run(Unknown Source)
14-07-2026 15:47:42,983 DEBUG Worker-13 <!--- delegate --->
14-07-2026 15:47:46,995 DEBUG Worker-6 <!--- delegate --->
14-07-2026 15:47:50,686 DEBUG Worker-6 <!--- delegate --->
14-07-2026 15:47:57,122 DEBUG Worker-12 <!--- delegate --->
14-07-2026 15:48:00,583 DEBUG Worker-13 <!--- delegate --->
14-07-2026 15:48:03,189 DEBUG Worker-8 <!--- delegate --->
14-07-2026 15:48:03,623 DEBUG Worker-7 <!--- delegate --->
14-07-2026 15:48:03,714 DEBUG Worker-7 <!--- trade created --->
14-07-2026 15:48:04,241 DEBUG Worker-7 <!--- trade inited --->
14-07-2026 15:48:06,284 DEBUG Worker-12 <!--- delegate --->
14-07-2026 15:48:30,670 DEBUG Worker-7 <!--- delegate --->
14-07-2026 15:48:42,475 DEBUG Worker-8 <!--- delegate --->
14-07-2026 15:48:43,339 DEBUG Worker-13 <!--- delegate --->
14-07-2026 15:48:43,431 DEBUG Worker-13 <!--- trade created --->
14-07-2026 15:48:43,877 DEBUG Worker-13 <!--- trade inited --->
14-07-2026 15:48:43,884 DEBUG Worker-7 <!--- delegate --->
14-07-2026 15:48:45,780 DEBUG Worker-13 <!--- delegate --->
14-07-2026 15:48:46,227 ERROR IssueWorker.63 <!--- 操作设备msf失败, 参数:read,2 --->
java.io.IOException: 0018 终端没有配置MSF类型的外设
	at cn.com.agree.ab.gui.device.MsfDeviceDelegate.delegateCallDevice(MsfDeviceDelegate.java:48)
	at cn.com.agree.ab.gui.DeviceUtil.call(DeviceUtil.java:77)
	at cn.com.agree.ab.gui.GuiTradeIssueListener.callDevice(GuiTradeIssueListener.java:170)
	at cn.com.agree.ab.trade.TradeServiceMarshaller.delegateCallDevice(TradeServiceMarshaller.java:113)
	at cn.com.agree.ab.trade.client.TradeIssuer.handleIssue(TradeIssuer.java:95)
	at cn.com.agree.ab.trade.client.TradeIssuer.run(TradeIssuer.java:191)
	at java.util.concurrent.ThreadPoolExecutor$Worker.runTask(Unknown Source)
	at java.util.concurrent.ThreadPoolExecutor$Worker.run(Unknown Source)
	at java.lang.Thread.run(Unknown Source)
14-07-2026 15:48:47,332 DEBUG Worker-13 <!--- delegate --->
14-07-2026 15:48:49,216 DEBUG Worker-9 <!--- delegate --->
14-07-2026 15:48:52,201 DEBUG Worker-9 <!--- delegate --->
14-07-2026 15:48:58,173 DEBUG Worker-7 <!--- delegate --->
14-07-2026 15:49:00,477 DEBUG Worker-9 <!--- delegate --->
14-07-2026 15:49:00,990 DEBUG Worker-9 <!--- delegate --->
14-07-2026 15:49:01,127 DEBUG Worker-12 <!--- delegate --->
14-07-2026 15:49:39,855 DEBUG Worker-9 <!--- delegate --->
14-07-2026 15:49:39,855 DEBUG Worker-12 <!--- delegate --->
14-07-2026 15:49:40,223 DEBUG Worker-12 <!--- trade created --->
14-07-2026 15:49:40,349 DEBUG Worker-12 <!--- trade inited --->
14-07-2026 15:49:40,351 DEBUG Worker-9 <!--- delegate --->
14-07-2026 15:49:40,658 DEBUG Worker-6 <!--- delegate --->
14-07-2026 15:49:41,038 DEBUG Worker-6 <!--- trade created --->
14-07-2026 15:49:41,177 DEBUG Worker-6 <!--- trade inited --->
14-07-2026 15:49:42,606 DEBUG Worker-6 <!--- delegate --->
14-07-2026 15:49:42,826 DEBUG Worker-6 <!--- delegate --->
14-07-2026 15:49:43,980 DEBUG Worker-6 <!--- delegate --->
14-07-2026 15:49:44,069 DEBUG Worker-12 <!--- delegate --->
14-07-2026 15:49:44,169 DEBUG Worker-8 <!--- delegate --->
14-07-2026 15:49:53,356 DEBUG Worker-8 <!--- delegate --->
14-07-2026 15:49:54,901 DEBUG Worker-12 <!--- delegate --->
14-07-2026 15:49:54,983 DEBUG Worker-12 <!--- trade created --->
14-07-2026 15:49:55,119 DEBUG Worker-12 <!--- trade inited --->
14-07-2026 15:50:02,704 DEBUG Worker-13 <!--- delegate --->
14-07-2026 15:50:05,629 DEBUG Worker-8 <!--- delegate --->
14-07-2026 15:50:05,713 DEBUG Worker-0 <!--- delegate --->
14-07-2026 15:50:54,950 DEBUG Worker-13 <!--- delegate --->
14-07-2026 15:50:56,893 DEBUG Worker-0 <!--- delegate --->
14-07-2026 15:50:56,974 DEBUG Worker-0 <!--- trade created --->
14-07-2026 15:50:57,199 DEBUG Worker-0 <!--- trade inited --->
14-07-2026 15:50:57,211 DEBUG Worker-9 <!--- delegate --->
14-07-2026 15:50:57,470 DEBUG Worker-13 <!--- delegate --->
14-07-2026 15:50:57,557 DEBUG Worker-13 <!--- trade created --->
14-07-2026 15:50:57,638 DEBUG Worker-13 <!--- trade inited --->
14-07-2026 15:50:58,824 DEBUG Worker-7 <!--- delegate --->
14-07-2026 15:50:58,961 DEBUG Worker-8 <!--- delegate --->
14-07-2026 15:50:59,921 DEBUG Worker-12 <!--- delegate --->
14-07-2026 15:51:00,111 DEBUG Worker-0 <!--- delegate --->
14-07-2026 15:51:00,250 DEBUG Worker-13 <!--- delegate --->
14-07-2026 15:51:07,883 DEBUG Worker-7 <!--- delegate --->
14-07-2026 15:51:33,836 DEBUG Worker-7 <!--- delegate --->
14-07-2026 15:51:35,599 DEBUG Worker-8 <!--- delegate --->
14-07-2026 15:51:35,631 DEBUG Worker-7 <!--- delegate --->
14-07-2026 15:51:35,680 DEBUG Worker-8 <!--- trade created --->
14-07-2026 15:51:35,828 DEBUG Worker-9 <!--- delegate --->
14-07-2026 15:51:35,916 DEBUG Worker-8 <!--- trade inited --->
14-07-2026 15:51:35,922 DEBUG Worker-0 <!--- delegate --->
14-07-2026 15:51:36,032 DEBUG Worker-7 <!--- delegate --->
14-07-2026 15:51:36,429 DEBUG Worker-13 <!--- delegate --->
14-07-2026 15:51:36,514 DEBUG Worker-13 <!--- trade created --->
14-07-2026 15:51:36,892 DEBUG Worker-13 <!--- trade inited --->
14-07-2026 15:51:38,249 DEBUG Worker-9 <!--- delegate --->
14-07-2026 15:51:38,379 DEBUG Worker-9 <!--- delegate --->
14-07-2026 15:51:44,106 DEBUG Worker-8 <!--- delegate --->
14-07-2026 15:52:05,306 DEBUG Worker-9 <!--- delegate --->
14-07-2026 15:52:06,293 DEBUG Worker-8 <!--- delegate --->
14-07-2026 15:52:06,377 DEBUG Worker-8 <!--- trade created --->
14-07-2026 15:52:06,497 DEBUG Worker-8 <!--- trade inited --->
14-07-2026 15:52:11,489 DEBUG Worker-12 <!--- delegate --->
14-07-2026 15:52:11,888 DEBUG Worker-13 <!--- delegate --->
14-07-2026 15:52:16,101 DEBUG Worker-0 <!--- delegate --->
14-07-2026 15:52:16,201 DEBUG Worker-12 <!--- delegate --->
14-07-2026 15:52:51,441 DEBUG Worker-9 <!--- delegate --->
14-07-2026 15:52:51,534 DEBUG Worker-6 <!--- delegate --->
14-07-2026 15:52:51,621 DEBUG Worker-12 <!--- delegate --->
14-07-2026 15:52:57,815 DEBUG Worker-6 <!--- delegate --->
14-07-2026 15:53:30,026 DEBUG Worker-12 <!--- delegate --->
14-07-2026 15:53:30,122 DEBUG Worker-0 <!--- delegate --->
14-07-2026 15:53:30,744 DEBUG Worker-13 <!--- delegate --->
14-07-2026 15:53:30,996 DEBUG Worker-13 <!--- trade created --->
14-07-2026 15:53:31,082 DEBUG Worker-13 <!--- trade inited --->
14-07-2026 15:53:31,093 DEBUG Worker-8 <!--- delegate --->
14-07-2026 15:53:32,864 DEBUG Worker-7 <!--- delegate --->
14-07-2026 15:53:33,013 ERROR IssueWorker.66 <!--- 操作设备msf失败, 参数:read,2 --->
java.io.IOException: 0018 终端没有配置MSF类型的外设
	at cn.com.agree.ab.gui.device.MsfDeviceDelegate.delegateCallDevice(MsfDeviceDelegate.java:48)
	at cn.com.agree.ab.gui.DeviceUtil.call(DeviceUtil.java:77)
	at cn.com.agree.ab.gui.GuiTradeIssueListener.callDevice(GuiTradeIssueListener.java:170)
	at cn.com.agree.ab.trade.TradeServiceMarshaller.delegateCallDevice(TradeServiceMarshaller.java:113)
	at cn.com.agree.ab.trade.client.TradeIssuer.handleIssue(TradeIssuer.java:95)
	at cn.com.agree.ab.trade.client.TradeIssuer.run(TradeIssuer.java:191)
	at java.util.concurrent.ThreadPoolExecutor$Worker.runTask(Unknown Source)
	at java.util.concurrent.ThreadPoolExecutor$Worker.run(Unknown Source)
	at java.lang.Thread.run(Unknown Source)
14-07-2026 15:53:33,905 DEBUG Worker-7 <!--- delegate --->
14-07-2026 15:53:36,752 DEBUG Worker-9 <!--- delegate --->
14-07-2026 15:53:38,624 DEBUG Worker-13 <!--- delegate --->
14-07-2026 15:53:39,704 DEBUG Worker-8 <!--- delegate --->
14-07-2026 15:53:39,853 DEBUG Worker-9 <!--- delegate --->
14-07-2026 15:54:24,707 DEBUG Worker-0 <!--- delegate --->
14-07-2026 15:54:24,708 DEBUG Worker-9 <!--- delegate --->
14-07-2026 15:54:25,019 DEBUG Worker-9 <!--- trade created --->
14-07-2026 15:54:25,141 DEBUG Worker-9 <!--- trade inited --->
14-07-2026 15:54:25,148 DEBUG Worker-8 <!--- delegate --->
14-07-2026 15:54:25,999 DEBUG Worker-7 <!--- delegate --->
14-07-2026 15:54:26,081 DEBUG Worker-7 <!--- trade created --->
14-07-2026 15:54:26,161 DEBUG Worker-7 <!--- trade inited --->
14-07-2026 15:54:27,411 DEBUG Worker-7 <!--- delegate --->
14-07-2026 15:54:27,552 DEBUG Worker-9 <!--- delegate --->
14-07-2026 15:54:29,493 DEBUG Worker-7 <!--- delegate --->
14-07-2026 15:54:29,608 DEBUG Worker-12 <!--- delegate --->
14-07-2026 15:54:29,703 DEBUG Worker-8 <!--- delegate --->
14-07-2026 15:54:55,336 DEBUG Worker-0 <!--- delegate --->
14-07-2026 15:54:55,894 DEBUG Worker-7 <!--- delegate --->
14-07-2026 15:54:55,980 DEBUG Worker-7 <!--- trade created --->
14-07-2026 15:54:56,097 DEBUG Worker-7 <!--- trade inited --->
14-07-2026 15:54:56,105 DEBUG Worker-12 <!--- delegate --->
14-07-2026 15:54:56,436 DEBUG Worker-13 <!--- delegate --->
14-07-2026 15:54:56,896 DEBUG Worker-13 <!--- trade created --->
14-07-2026 15:54:56,971 DEBUG Worker-13 <!--- trade inited --->
14-07-2026 15:54:58,567 DEBUG Worker-6 <!--- delegate --->
14-07-2026 15:54:58,703 DEBUG Worker-13 <!--- delegate --->
14-07-2026 15:55:05,814 DEBUG Worker-7 <!--- delegate --->
14-07-2026 15:55:19,577 DEBUG Worker-8 <!--- delegate --->
14-07-2026 15:55:24,635 DEBUG Worker-9 <!--- delegate --->
14-07-2026 15:55:25,940 DEBUG Worker-13 <!--- delegate --->
14-07-2026 15:55:28,825 DEBUG Worker-8 <!--- delegate --->
14-07-2026 15:55:29,444 DEBUG Worker-13 <!--- delegate --->
14-07-2026 15:55:29,524 DEBUG Worker-13 <!--- trade created --->
14-07-2026 15:55:29,605 DEBUG Worker-13 <!--- trade inited --->
14-07-2026 15:55:29,618 DEBUG Worker-0 <!--- delegate --->
14-07-2026 15:55:30,926 DEBUG Worker-7 <!--- delegate --->
14-07-2026 15:55:31,085 ERROR IssueWorker.68 <!--- 操作设备msf失败, 参数:read,2 --->
java.io.IOException: 0018 终端没有配置MSF类型的外设
	at cn.com.agree.ab.gui.device.MsfDeviceDelegate.delegateCallDevice(MsfDeviceDelegate.java:48)
	at cn.com.agree.ab.gui.DeviceUtil.call(DeviceUtil.java:77)
	at cn.com.agree.ab.gui.GuiTradeIssueListener.callDevice(GuiTradeIssueListener.java:170)
	at cn.com.agree.ab.trade.TradeServiceMarshaller.delegateCallDevice(TradeServiceMarshaller.java:113)
	at cn.com.agree.ab.trade.client.TradeIssuer.handleIssue(TradeIssuer.java:95)
	at cn.com.agree.ab.trade.client.TradeIssuer.run(TradeIssuer.java:191)
	at java.util.concurrent.ThreadPoolExecutor$Worker.runTask(Unknown Source)
	at java.util.concurrent.ThreadPoolExecutor$Worker.run(Unknown Source)
	at java.lang.Thread.run(Unknown Source)
14-07-2026 15:55:32,369 DEBUG Worker-7 <!--- delegate --->
14-07-2026 15:55:34,734 DEBUG Worker-9 <!--- delegate --->
14-07-2026 15:55:36,701 DEBUG Worker-13 <!--- delegate --->
14-07-2026 15:55:37,439 DEBUG Worker-9 <!--- delegate --->
14-07-2026 15:55:37,586 DEBUG Worker-7 <!--- delegate --->
14-07-2026 15:56:41,251 DEBUG Worker-6 <!--- delegate --->
14-07-2026 15:56:41,251 DEBUG Worker-9 <!--- delegate --->
14-07-2026 15:56:41,458 DEBUG Worker-9 <!--- trade created --->
14-07-2026 15:56:41,576 DEBUG Worker-9 <!--- trade inited --->
14-07-2026 15:56:41,582 DEBUG Worker-6 <!--- delegate --->
14-07-2026 15:56:41,823 DEBUG Worker-9 <!--- delegate --->
14-07-2026 15:56:41,908 DEBUG Worker-9 <!--- trade created --->
14-07-2026 15:56:41,993 DEBUG Worker-9 <!--- trade inited --->
14-07-2026 15:56:43,517 DEBUG Worker-13 <!--- delegate --->
14-07-2026 15:56:43,637 DEBUG Worker-13 <!--- delegate --->
14-07-2026 15:56:44,850 DEBUG Worker-7 <!--- delegate --->
14-07-2026 15:56:44,947 DEBUG Worker-6 <!--- delegate --->
14-07-2026 15:56:45,042 DEBUG Worker-8 <!--- delegate --->
14-07-2026 15:56:48,266 DEBUG Worker-8 <!--- delegate --->
14-07-2026 15:56:48,897 DEBUG Worker-9 <!--- delegate --->
14-07-2026 15:56:48,985 DEBUG Worker-9 <!--- trade created --->
14-07-2026 15:56:49,125 DEBUG Worker-9 <!--- trade inited --->
14-07-2026 15:56:54,046 DEBUG Worker-0 <!--- delegate --->
14-07-2026 15:56:55,489 DEBUG Worker-8 <!--- delegate --->
14-07-2026 15:56:57,960 DEBUG Worker-12 <!--- delegate --->
14-07-2026 15:56:58,045 DEBUG Worker-13 <!--- delegate --->
14-07-2026 15:57:31,935 DEBUG Worker-12 <!--- delegate --->
14-07-2026 15:57:32,947 DEBUG Worker-9 <!--- delegate --->
14-07-2026 15:57:33,044 DEBUG Worker-9 <!--- trade created --->
14-07-2026 15:57:33,274 DEBUG Worker-9 <!--- trade inited --->
14-07-2026 15:57:42,987 DEBUG Worker-6 <!--- delegate --->
14-07-2026 15:57:43,607 DEBUG Worker-7 <!--- delegate --->
14-07-2026 15:57:47,373 DEBUG Worker-0 <!--- delegate --->
14-07-2026 15:57:47,469 DEBUG Worker-9 <!--- delegate --->
14-07-2026 15:59:29,702 DEBUG Worker-6 <!--- delegate --->
14-07-2026 15:59:38,675 DEBUG Worker-12 <!--- delegate --->
14-07-2026 15:59:40,789 DEBUG Worker-0 <!--- delegate --->
14-07-2026 15:59:42,384 DEBUG Worker-7 <!--- delegate --->
14-07-2026 15:59:47,109 DEBUG Worker-0 <!--- delegate --->
14-07-2026 15:59:48,455 DEBUG Worker-9 <!--- delegate --->
14-07-2026 15:59:49,519 DEBUG Worker-0 <!--- delegate --->
14-07-2026 16:01:12,107 DEBUG Worker-7 <!--- delegate --->
14-07-2026 16:01:16,035 DEBUG Worker-8 <!--- delegate --->
14-07-2026 16:01:16,132 DEBUG Worker-8 <!--- trade created --->
14-07-2026 16:01:16,277 DEBUG Worker-8 <!--- trade inited --->
14-07-2026 16:01:44,978 DEBUG Worker-6 <!--- delegate --->
14-07-2026 16:01:45,079 DEBUG Worker-6 <!--- delegate --->
14-07-2026 16:01:45,477 DEBUG Worker-0 <!--- delegate --->
14-07-2026 16:01:45,591 DEBUG Worker-0 <!--- trade created --->
14-07-2026 16:01:45,679 DEBUG Worker-0 <!--- trade inited --->
14-07-2026 16:01:46,677 DEBUG Worker-7 <!--- delegate --->
14-07-2026 16:01:46,807 DEBUG Worker-9 <!--- delegate --->
14-07-2026 16:01:49,357 DEBUG Worker-9 <!--- delegate --->
14-07-2026 16:01:50,243 DEBUG Worker-9 <!--- delegate --->
14-07-2026 16:01:50,494 ERROR IssueWorker.71 <!--- 操作设备pin失败, 参数:readOnce,, --->
java.io.IOException: 0018 终端没有配置PIN类型的外设
	at cn.com.agree.ab.gui.device.PinDeviceDelegate.delegateCallDevice(PinDeviceDelegate.java:37)
	at cn.com.agree.ab.gui.DeviceUtil.call(DeviceUtil.java:77)
	at cn.com.agree.ab.gui.GuiTradeIssueListener.callDevice(GuiTradeIssueListener.java:170)
	at cn.com.agree.ab.trade.TradeServiceMarshaller.delegateCallDevice(TradeServiceMarshaller.java:113)
	at cn.com.agree.ab.trade.client.TradeIssuer.handleIssue(TradeIssuer.java:95)
	at cn.com.agree.ab.trade.client.TradeIssuer.run(TradeIssuer.java:191)
	at java.util.concurrent.ThreadPoolExecutor$Worker.runTask(Unknown Source)
	at java.util.concurrent.ThreadPoolExecutor$Worker.run(Unknown Source)
	at java.lang.Thread.run(Unknown Source)
14-07-2026 16:01:51,328 DEBUG Worker-13 <!--- delegate --->
14-07-2026 16:01:51,411 DEBUG Worker-13 <!--- trade created --->
14-07-2026 16:01:51,488 DEBUG Worker-13 <!--- trade inited --->
14-07-2026 16:01:54,190 DEBUG Worker-8 <!--- delegate --->
14-07-2026 16:01:54,331 DEBUG Worker-12 <!--- delegate --->
14-07-2026 16:02:21,861 DEBUG Worker-8 <!--- delegate --->
14-07-2026 16:02:23,356 DEBUG Worker-7 <!--- delegate --->
14-07-2026 16:02:23,614 DEBUG Worker-7 <!--- trade created --->
14-07-2026 16:02:23,777 DEBUG Worker-7 <!--- trade inited --->
14-07-2026 16:02:25,811 DEBUG Worker-6 <!--- delegate --->
14-07-2026 16:02:27,631 DEBUG Worker-13 <!--- delegate --->
14-07-2026 16:02:28,347 DEBUG Worker-12 <!--- delegate --->
14-07-2026 16:02:28,585 DEBUG Worker-9 <!--- delegate --->
14-07-2026 16:02:29,575 DEBUG Worker-7 <!--- delegate --->
14-07-2026 16:02:29,650 DEBUG Worker-7 <!--- trade created --->
14-07-2026 16:02:29,730 DEBUG Worker-7 <!--- trade inited --->
14-07-2026 16:02:29,737 DEBUG Worker-13 <!--- delegate --->
14-07-2026 16:02:33,357 DEBUG Worker-6 <!--- delegate --->
14-07-2026 16:02:33,522 ERROR IssueWorker.74 <!--- 操作设备msf失败, 参数:read,2 --->
java.io.IOException: 0018 终端没有配置MSF类型的外设
	at cn.com.agree.ab.gui.device.MsfDeviceDelegate.delegateCallDevice(MsfDeviceDelegate.java:48)
	at cn.com.agree.ab.gui.DeviceUtil.call(DeviceUtil.java:77)
	at cn.com.agree.ab.gui.GuiTradeIssueListener.callDevice(GuiTradeIssueListener.java:170)
	at cn.com.agree.ab.trade.TradeServiceMarshaller.delegateCallDevice(TradeServiceMarshaller.java:113)
	at cn.com.agree.ab.trade.client.TradeIssuer.handleIssue(TradeIssuer.java:95)
	at cn.com.agree.ab.trade.client.TradeIssuer.run(TradeIssuer.java:191)
	at java.util.concurrent.ThreadPoolExecutor$Worker.runTask(Unknown Source)
	at java.util.concurrent.ThreadPoolExecutor$Worker.run(Unknown Source)
	at java.lang.Thread.run(Unknown Source)
14-07-2026 16:02:34,409 DEBUG Worker-6 <!--- delegate --->
14-07-2026 16:02:36,731 DEBUG Worker-9 <!--- delegate --->
14-07-2026 16:02:38,332 DEBUG Worker-13 <!--- delegate --->
14-07-2026 16:02:38,737 DEBUG Worker-12 <!--- delegate --->
14-07-2026 16:02:38,909 DEBUG Worker-13 <!--- delegate --->
14-07-2026 16:03:36,338 DEBUG Worker-8 <!--- delegate --->
14-07-2026 16:03:36,338 DEBUG Worker-7 <!--- delegate --->
14-07-2026 16:03:36,771 DEBUG Worker-7 <!--- trade created --->
14-07-2026 16:03:36,906 DEBUG Worker-7 <!--- trade inited --->
14-07-2026 16:04:04,417 DEBUG Worker-9 <!--- delegate --->
14-07-2026 16:04:04,538 DEBUG Worker-7 <!--- delegate --->
14-07-2026 16:04:04,646 DEBUG Worker-12 <!--- delegate --->
14-07-2026 16:04:05,176 DEBUG Worker-8 <!--- delegate --->
14-07-2026 16:04:07,382 DEBUG Worker-13 <!--- delegate --->
14-07-2026 16:04:07,474 DEBUG Worker-13 <!--- trade created --->
14-07-2026 16:04:08,092 DEBUG Worker-13 <!--- trade inited --->
14-07-2026 16:04:13,248 DEBUG Worker-9 <!--- delegate --->
14-07-2026 16:04:14,169 DEBUG Worker-13 <!--- delegate --->
14-07-2026 16:04:58,985 DEBUG Worker-9 <!--- delegate --->
14-07-2026 16:05:00,819 DEBUG Worker-13 <!--- delegate --->
14-07-2026 16:05:00,915 DEBUG Worker-9 <!--- delegate --->
14-07-2026 16:07:22,485 DEBUG Worker-13 <!--- delegate --->
14-07-2026 16:07:24,757 DEBUG Worker-8 <!--- delegate --->
14-07-2026 16:07:25,237 DEBUG Worker-9 <!--- delegate --->
14-07-2026 16:07:25,408 DEBUG Worker-12 <!--- delegate --->
14-07-2026 16:07:25,425 DEBUG Worker-6 <!--- delegate --->
14-07-2026 16:07:25,949 DEBUG Worker-7 <!--- delegate --->
14-07-2026 16:07:26,032 DEBUG Worker-9 <!--- delegate --->
14-07-2026 16:07:26,181 DEBUG Worker-12 <!--- delegate --->
14-07-2026 16:07:27,066 DEBUG Worker-13 <!--- delegate --->
14-07-2026 16:07:27,156 DEBUG Worker-13 <!--- trade created --->
14-07-2026 16:07:27,283 DEBUG Worker-13 <!--- trade inited --->
14-07-2026 16:07:32,598 DEBUG Worker-13 <!--- delegate --->
14-07-2026 16:07:34,579 DEBUG Worker-0 <!--- delegate --->
14-07-2026 16:07:35,349 DEBUG Worker-9 <!--- delegate --->
14-07-2026 16:07:35,478 DEBUG Worker-9 <!--- trade created --->
14-07-2026 16:07:35,558 DEBUG Worker-9 <!--- trade inited --->
14-07-2026 16:07:35,572 DEBUG Worker-6 <!--- delegate --->
14-07-2026 16:07:37,056 DEBUG Worker-12 <!--- delegate --->
14-07-2026 16:07:37,215 ERROR IssueWorker.80 <!--- 操作设备msf失败, 参数:read,2 --->
java.io.IOException: 0018 终端没有配置MSF类型的外设
	at cn.com.agree.ab.gui.device.MsfDeviceDelegate.delegateCallDevice(MsfDeviceDelegate.java:48)
	at cn.com.agree.ab.gui.DeviceUtil.call(DeviceUtil.java:77)
	at cn.com.agree.ab.gui.GuiTradeIssueListener.callDevice(GuiTradeIssueListener.java:170)
	at cn.com.agree.ab.trade.TradeServiceMarshaller.delegateCallDevice(TradeServiceMarshaller.java:113)
	at cn.com.agree.ab.trade.client.TradeIssuer.handleIssue(TradeIssuer.java:95)
	at cn.com.agree.ab.trade.client.TradeIssuer.run(TradeIssuer.java:191)
	at java.util.concurrent.ThreadPoolExecutor$Worker.runTask(Unknown Source)
	at java.util.concurrent.ThreadPoolExecutor$Worker.run(Unknown Source)
	at java.lang.Thread.run(Unknown Source)
14-07-2026 16:07:38,576 DEBUG Worker-12 <!--- delegate --->
14-07-2026 16:07:41,416 DEBUG Worker-12 <!--- delegate --->
14-07-2026 16:07:43,120 DEBUG Worker-9 <!--- delegate --->
14-07-2026 16:07:43,656 DEBUG Worker-9 <!--- delegate --->
14-07-2026 16:07:44,286 DEBUG Worker-9 <!--- delegate --->
14-07-2026 16:08:58,403 DEBUG Worker-12 <!--- delegate --->
14-07-2026 16:08:58,403 DEBUG Worker-9 <!--- delegate --->
14-07-2026 16:08:58,940 DEBUG Worker-9 <!--- trade created --->
14-07-2026 16:08:59,068 DEBUG Worker-9 <!--- trade inited --->
14-07-2026 16:09:02,951 DEBUG Worker-0 <!--- delegate --->
14-07-2026 16:09:04,756 DEBUG Worker-12 <!--- delegate --->
14-07-2026 16:09:04,899 DEBUG Worker-12 <!--- trade created --->
14-07-2026 16:09:05,123 DEBUG Worker-12 <!--- trade inited --->
14-07-2026 16:09:05,939 DEBUG Worker-9 <!--- delegate --->
14-07-2026 16:09:06,186 DEBUG Worker-13 <!--- delegate --->
14-07-2026 16:09:06,284 DEBUG Worker-0 <!--- delegate --->
14-07-2026 16:09:08,153 DEBUG Worker-7 <!--- delegate --->
14-07-2026 16:09:08,377 DEBUG Worker-12 <!--- delegate --->
14-07-2026 16:09:08,469 DEBUG Worker-13 <!--- delegate --->
14-07-2026 16:09:15,108 DEBUG Worker-9 <!--- delegate --->
14-07-2026 16:09:34,649 DEBUG Worker-13 <!--- delegate --->
14-07-2026 16:09:39,465 DEBUG Worker-13 <!--- delegate --->
14-07-2026 16:10:04,161 DEBUG Worker-7 <!--- delegate --->
14-07-2026 16:10:04,315 DEBUG Worker-7 <!--- delegate --->
14-07-2026 16:10:04,387 DEBUG Worker-7 <!--- delegate --->
14-07-2026 16:10:08,513 DEBUG Worker-7 <!--- delegate --->
14-07-2026 16:10:12,804 DEBUG Worker-9 <!--- delegate --->
14-07-2026 16:10:13,855 DEBUG Worker-6 <!--- delegate --->
14-07-2026 16:10:13,936 DEBUG Worker-6 <!--- trade created --->
14-07-2026 16:10:14,021 DEBUG Worker-6 <!--- trade inited --->
14-07-2026 16:10:14,037 DEBUG Worker-13 <!--- delegate --->
14-07-2026 16:10:18,514 DEBUG Worker-13 <!--- delegate --->
14-07-2026 16:10:23,224 DEBUG Worker-7 <!--- delegate --->
14-07-2026 16:10:44,805 DEBUG Worker-6 <!--- delegate --->
14-07-2026 16:10:46,001 DEBUG Worker-8 <!--- delegate --->
14-07-2026 16:10:46,794 DEBUG Worker-12 <!--- delegate --->
14-07-2026 16:10:47,106 DEBUG Worker-12 <!--- trade created --->
14-07-2026 16:10:47,255 DEBUG Worker-12 <!--- trade inited --->
14-07-2026 16:10:51,774 DEBUG Worker-0 <!--- delegate --->
14-07-2026 16:11:02,552 DEBUG Worker-6 <!--- delegate --->
14-07-2026 16:11:03,395 DEBUG Worker-9 <!--- delegate --->
14-07-2026 16:11:03,648 DEBUG Worker-9 <!--- trade created --->
14-07-2026 16:11:03,732 DEBUG Worker-9 <!--- trade inited --->
14-07-2026 16:11:03,749 DEBUG Worker-0 <!--- delegate --->
14-07-2026 16:11:05,318 DEBUG Worker-0 <!--- delegate --->
14-07-2026 16:11:05,801 ERROR IssueWorker.82 <!--- 操作设备msf失败, 参数:read,2 --->
java.io.IOException: 0018 终端没有配置MSF类型的外设
	at cn.com.agree.ab.gui.device.MsfDeviceDelegate.delegateCallDevice(MsfDeviceDelegate.java:48)
	at cn.com.agree.ab.gui.DeviceUtil.call(DeviceUtil.java:77)
	at cn.com.agree.ab.gui.GuiTradeIssueListener.callDevice(GuiTradeIssueListener.java:170)
	at cn.com.agree.ab.trade.TradeServiceMarshaller.delegateCallDevice(TradeServiceMarshaller.java:113)
	at cn.com.agree.ab.trade.client.TradeIssuer.handleIssue(TradeIssuer.java:95)
	at cn.com.agree.ab.trade.client.TradeIssuer.run(TradeIssuer.java:191)
	at java.util.concurrent.ThreadPoolExecutor$Worker.runTask(Unknown Source)
	at java.util.concurrent.ThreadPoolExecutor$Worker.run(Unknown Source)
	at java.lang.Thread.run(Unknown Source)
14-07-2026 16:11:07,207 DEBUG Worker-0 <!--- delegate --->
14-07-2026 16:11:08,944 DEBUG Worker-12 <!--- delegate --->
14-07-2026 16:11:10,571 DEBUG Worker-13 <!--- delegate --->
14-07-2026 16:11:11,046 DEBUG Worker-13 <!--- delegate --->
14-07-2026 16:11:11,547 DEBUG Worker-12 <!--- delegate --->
14-07-2026 16:12:01,056 DEBUG Worker-7 <!--- delegate --->
14-07-2026 16:12:01,056 DEBUG Worker-8 <!--- delegate --->
14-07-2026 16:12:01,474 DEBUG Worker-8 <!--- trade created --->
14-07-2026 16:12:01,666 DEBUG Worker-8 <!--- trade inited --->
14-07-2026 16:12:41,068 DEBUG Worker-7 <!--- delegate --->
14-07-2026 16:12:41,169 DEBUG Worker-6 <!--- delegate --->
14-07-2026 16:12:41,389 DEBUG Worker-9 <!--- delegate --->
14-07-2026 16:12:48,801 DEBUG Worker-9 <!--- delegate --->
14-07-2026 16:12:51,355 DEBUG Worker-9 <!--- delegate --->
14-07-2026 16:12:51,463 DEBUG Worker-6 <!--- delegate --->
14-07-2026 16:12:51,540 DEBUG Worker-7 <!--- delegate --->
14-07-2026 16:12:53,419 DEBUG Worker-12 <!--- delegate --->
14-07-2026 16:12:53,535 DEBUG Worker-6 <!--- delegate --->
14-07-2026 16:12:54,191 DEBUG Worker-0 <!--- delegate --->
14-07-2026 16:12:54,276 DEBUG Worker-0 <!--- trade created --->
14-07-2026 16:12:54,367 DEBUG Worker-0 <!--- trade inited --->
14-07-2026 16:12:54,374 DEBUG Worker-7 <!--- delegate --->
14-07-2026 16:13:03,699 DEBUG Worker-9 <!--- delegate --->
14-07-2026 16:13:03,864 ERROR IssueWorker.84 <!--- 操作设备msf失败, 参数:read,2 --->
java.io.IOException: 0018 终端没有配置MSF类型的外设
	at cn.com.agree.ab.gui.device.MsfDeviceDelegate.delegateCallDevice(MsfDeviceDelegate.java:48)
	at cn.com.agree.ab.gui.DeviceUtil.call(DeviceUtil.java:77)
	at cn.com.agree.ab.gui.GuiTradeIssueListener.callDevice(GuiTradeIssueListener.java:170)
	at cn.com.agree.ab.trade.TradeServiceMarshaller.delegateCallDevice(TradeServiceMarshaller.java:113)
	at cn.com.agree.ab.trade.client.TradeIssuer.handleIssue(TradeIssuer.java:95)
	at cn.com.agree.ab.trade.client.TradeIssuer.run(TradeIssuer.java:191)
	at java.util.concurrent.ThreadPoolExecutor$Worker.runTask(Unknown Source)
	at java.util.concurrent.ThreadPoolExecutor$Worker.run(Unknown Source)
	at java.lang.Thread.run(Unknown Source)
14-07-2026 16:13:05,144 DEBUG Worker-9 <!--- delegate --->
14-07-2026 16:13:07,530 DEBUG Worker-13 <!--- delegate --->
14-07-2026 16:13:08,841 DEBUG Worker-13 <!--- delegate --->
14-07-2026 16:13:09,376 DEBUG Worker-0 <!--- delegate --->
14-07-2026 16:13:09,504 DEBUG Worker-12 <!--- delegate --->
14-07-2026 16:14:17,378 DEBUG Worker-6 <!--- delegate --->
14-07-2026 16:14:18,810 DEBUG Worker-6 <!--- delegate --->
14-07-2026 16:14:19,104 DEBUG Worker-0 <!--- delegate --->
14-07-2026 16:14:19,185 DEBUG Worker-0 <!--- trade created --->
14-07-2026 16:14:19,260 DEBUG Worker-0 <!--- trade inited --->
14-07-2026 16:14:19,275 DEBUG Worker-13 <!--- delegate --->
14-07-2026 16:14:20,576 DEBUG Worker-13 <!--- delegate --->
14-07-2026 16:14:21,122 ERROR IssueWorker.88 <!--- 操作设备msf失败, 参数:read,2 --->
java.io.IOException: 0018 终端没有配置MSF类型的外设
	at cn.com.agree.ab.gui.device.MsfDeviceDelegate.delegateCallDevice(MsfDeviceDelegate.java:48)
	at cn.com.agree.ab.gui.DeviceUtil.call(DeviceUtil.java:77)
	at cn.com.agree.ab.gui.GuiTradeIssueListener.callDevice(GuiTradeIssueListener.java:170)
	at cn.com.agree.ab.trade.TradeServiceMarshaller.delegateCallDevice(TradeServiceMarshaller.java:113)
	at cn.com.agree.ab.trade.client.TradeIssuer.handleIssue(TradeIssuer.java:95)
	at cn.com.agree.ab.trade.client.TradeIssuer.run(TradeIssuer.java:191)
	at java.util.concurrent.ThreadPoolExecutor$Worker.runTask(Unknown Source)
	at java.util.concurrent.ThreadPoolExecutor$Worker.run(Unknown Source)
	at java.lang.Thread.run(Unknown Source)
14-07-2026 16:14:22,671 DEBUG Worker-13 <!--- delegate --->
14-07-2026 16:14:24,672 DEBUG Worker-9 <!--- delegate --->
14-07-2026 16:14:26,140 DEBUG Worker-13 <!--- delegate --->
14-07-2026 16:14:26,624 DEBUG Worker-9 <!--- delegate --->
14-07-2026 16:14:26,765 DEBUG Worker-8 <!--- delegate --->
14-07-2026 16:15:39,659 DEBUG Worker-8 <!--- delegate --->
14-07-2026 16:15:43,494 DEBUG Worker-13 <!--- delegate --->
14-07-2026 16:15:43,505 DEBUG Worker-9 <!--- delegate --->
14-07-2026 16:15:44,165 DEBUG Worker-13 <!--- trade created --->
14-07-2026 16:15:44,356 DEBUG Worker-6 <!--- delegate --->
14-07-2026 16:15:44,420 DEBUG Worker-13 <!--- trade inited --->
14-07-2026 16:15:44,433 DEBUG Worker-13 <!--- delegate --->
14-07-2026 16:15:44,509 DEBUG Worker-9 <!--- delegate --->
14-07-2026 16:15:45,024 DEBUG Worker-12 <!--- delegate --->
14-07-2026 16:15:45,268 DEBUG Worker-0 <!--- delegate --->
14-07-2026 16:15:45,351 DEBUG Worker-0 <!--- trade created --->
14-07-2026 16:15:45,514 DEBUG Worker-0 <!--- trade inited --->
14-07-2026 16:15:46,500 DEBUG Worker-9 <!--- delegate --->
14-07-2026 16:15:46,625 DEBUG Worker-9 <!--- delegate --->
14-07-2026 16:15:53,576 DEBUG Worker-12 <!--- delegate --->
14-07-2026 16:15:54,253 DEBUG Worker-12 <!--- delegate --->
14-07-2026 16:15:54,426 ERROR IssueWorker.89 <!--- 操作设备pin失败, 参数:readOnce,, --->
java.io.IOException: 0018 终端没有配置PIN类型的外设
	at cn.com.agree.ab.gui.device.PinDeviceDelegate.delegateCallDevice(PinDeviceDelegate.java:37)
	at cn.com.agree.ab.gui.DeviceUtil.call(DeviceUtil.java:77)
	at cn.com.agree.ab.gui.GuiTradeIssueListener.callDevice(GuiTradeIssueListener.java:170)
	at cn.com.agree.ab.trade.TradeServiceMarshaller.delegateCallDevice(TradeServiceMarshaller.java:113)
	at cn.com.agree.ab.trade.client.TradeIssuer.handleIssue(TradeIssuer.java:95)
	at cn.com.agree.ab.trade.client.TradeIssuer.run(TradeIssuer.java:191)
	at java.util.concurrent.ThreadPoolExecutor$Worker.runTask(Unknown Source)
	at java.util.concurrent.ThreadPoolExecutor$Worker.run(Unknown Source)
	at java.lang.Thread.run(Unknown Source)
14-07-2026 16:15:55,027 DEBUG Worker-6 <!--- delegate --->
14-07-2026 16:15:55,109 DEBUG Worker-6 <!--- trade created --->
14-07-2026 16:15:55,195 DEBUG Worker-6 <!--- trade inited --->
14-07-2026 16:15:57,579 DEBUG Worker-6 <!--- delegate --->
14-07-2026 16:15:57,712 DEBUG Worker-0 <!--- delegate --->
14-07-2026 16:16:15,294 DEBUG Worker-13 <!--- delegate --->
14-07-2026 16:16:17,473 DEBUG Worker-9 <!--- delegate --->
14-07-2026 16:16:17,548 DEBUG Worker-9 <!--- delegate --->
14-07-2026 16:16:18,103 DEBUG Worker-8 <!--- delegate --->
14-07-2026 16:16:18,186 DEBUG Worker-8 <!--- trade created --->
14-07-2026 16:16:18,510 DEBUG Worker-8 <!--- trade inited --->
14-07-2026 16:16:20,197 DEBUG Worker-8 <!--- delegate --->
14-07-2026 16:16:20,324 DEBUG Worker-12 <!--- delegate --->
14-07-2026 16:16:26,218 DEBUG Worker-0 <!--- delegate --->
14-07-2026 16:16:39,774 DEBUG Worker-13 <!--- delegate --->
14-07-2026 16:16:44,951 DEBUG Worker-8 <!--- delegate --->
14-07-2026 16:16:50,966 DEBUG Worker-8 <!--- delegate --->
14-07-2026 16:16:51,039 DEBUG Worker-8 <!--- delegate --->
14-07-2026 16:16:51,121 DEBUG Worker-7 <!--- delegate --->
14-07-2026 16:17:31,883 DEBUG Worker-8 <!--- delegate --->
14-07-2026 16:17:32,057 DEBUG Worker-7 <!--- delegate --->
14-07-2026 16:17:32,151 DEBUG Worker-12 <!--- delegate --->
14-07-2026 16:17:52,919 DEBUG Worker-13 <!--- delegate --->
14-07-2026 16:17:57,549 DEBUG Worker-8 <!--- delegate --->
14-07-2026 16:17:57,684 DEBUG Worker-8 <!--- trade created --->
14-07-2026 16:17:57,867 DEBUG Worker-8 <!--- trade inited --->
14-07-2026 16:17:57,877 DEBUG Worker-0 <!--- delegate --->
14-07-2026 16:17:58,170 DEBUG Worker-9 <!--- delegate --->
14-07-2026 16:17:58,258 DEBUG Worker-9 <!--- trade created --->
14-07-2026 16:17:58,310 DEBUG Worker-12 <!--- delegate --->
14-07-2026 16:17:58,368 DEBUG Worker-9 <!--- trade inited --->
14-07-2026 16:18:00,296 DEBUG Worker-13 <!--- delegate --->
14-07-2026 16:18:00,437 DEBUG Worker-8 <!--- delegate --->
14-07-2026 16:18:06,107 DEBUG Worker-13 <!--- delegate --->
14-07-2026 16:18:07,068 DEBUG Worker-13 <!--- delegate --->
14-07-2026 16:18:07,582 ERROR IssueWorker.89 <!--- 操作设备pin失败, 参数:readOnce,, --->
java.io.IOException: 0018 终端没有配置PIN类型的外设
	at cn.com.agree.ab.gui.device.PinDeviceDelegate.delegateCallDevice(PinDeviceDelegate.java:37)
	at cn.com.agree.ab.gui.DeviceUtil.call(DeviceUtil.java:77)
	at cn.com.agree.ab.gui.GuiTradeIssueListener.callDevice(GuiTradeIssueListener.java:170)
	at cn.com.agree.ab.trade.TradeServiceMarshaller.delegateCallDevice(TradeServiceMarshaller.java:113)
	at cn.com.agree.ab.trade.client.TradeIssuer.handleIssue(TradeIssuer.java:95)
	at cn.com.agree.ab.trade.client.TradeIssuer.run(TradeIssuer.java:191)
	at java.util.concurrent.ThreadPoolExecutor$Worker.runTask(Unknown Source)
	at java.util.concurrent.ThreadPoolExecutor$Worker.run(Unknown Source)
	at java.lang.Thread.run(Unknown Source)
14-07-2026 16:18:07,963 DEBUG Worker-6 <!--- delegate --->
14-07-2026 16:18:08,059 DEBUG Worker-6 <!--- trade created --->
14-07-2026 16:18:08,167 DEBUG Worker-6 <!--- trade inited --->
14-07-2026 16:18:10,417 DEBUG Worker-7 <!--- delegate --->
14-07-2026 16:18:10,655 DEBUG Worker-6 <!--- delegate --->
14-07-2026 16:18:19,295 DEBUG Worker-9 <!--- delegate --->
14-07-2026 16:18:47,732 DEBUG Worker-9 <!--- delegate --->
14-07-2026 16:18:48,550 DEBUG Worker-0 <!--- delegate --->
14-07-2026 16:18:49,885 DEBUG Worker-0 <!--- trade created --->
14-07-2026 16:18:51,188 DEBUG Worker-0 <!--- trade inited --->
14-07-2026 16:18:51,247 DEBUG Worker-12 <!--- delegate --->
14-07-2026 16:18:53,680 DEBUG Worker-7 <!--- delegate --->
14-07-2026 16:19:03,054 DEBUG Worker-8 <!--- delegate --->
14-07-2026 16:19:04,257 DEBUG Worker-7 <!--- delegate --->
14-07-2026 16:19:04,418 DEBUG Worker-9 <!--- delegate --->
14-07-2026 16:19:07,245 DEBUG Worker-9 <!--- delegate --->
14-07-2026 16:20:22,670 DEBUG Worker-6 <!--- delegate --->
14-07-2026 16:20:23,234 DEBUG Worker-0 <!--- delegate --->
14-07-2026 16:20:23,314 DEBUG Worker-0 <!--- trade created --->
14-07-2026 16:20:23,437 DEBUG Worker-0 <!--- trade inited --->
14-07-2026 16:20:23,446 DEBUG Worker-6 <!--- delegate --->
14-07-2026 16:20:23,697 DEBUG Worker-0 <!--- delegate --->
14-07-2026 16:20:23,784 DEBUG Worker-0 <!--- trade created --->
14-07-2026 16:20:23,930 DEBUG Worker-0 <!--- trade inited --->
14-07-2026 16:20:24,848 DEBUG Worker-12 <!--- delegate --->
14-07-2026 16:20:24,850 DEBUG Worker-0 <!--- delegate --->
14-07-2026 16:20:24,998 DEBUG Worker-0 <!--- trade created --->
14-07-2026 16:20:25,141 DEBUG Worker-0 <!--- trade inited --->
14-07-2026 16:20:25,154 DEBUG Worker-9 <!--- delegate --->
14-07-2026 16:20:25,451 DEBUG Worker-12 <!--- delegate --->
14-07-2026 16:20:25,538 DEBUG Worker-12 <!--- trade created --->
14-07-2026 16:20:25,621 DEBUG Worker-12 <!--- trade inited --->
14-07-2026 16:20:26,249 DEBUG Worker-0 <!--- delegate --->
14-07-2026 16:20:26,389 DEBUG Worker-12 <!--- delegate --->
14-07-2026 16:20:28,594 DEBUG Worker-13 <!--- delegate --->
14-07-2026 16:20:28,680 DEBUG Worker-12 <!--- delegate --->
14-07-2026 16:20:28,778 DEBUG Worker-7 <!--- delegate --->
14-07-2026 16:20:30,013 DEBUG Worker-13 <!--- delegate --->
14-07-2026 16:20:30,222 DEBUG Worker-12 <!--- delegate --->
14-07-2026 16:20:30,299 DEBUG Worker-6 <!--- delegate --->
14-07-2026 16:20:30,398 DEBUG Worker-7 <!--- delegate --->
14-07-2026 16:20:32,106 DEBUG Worker-9 <!--- delegate --->
14-07-2026 16:20:32,509 DEBUG Worker-8 <!--- delegate --->
14-07-2026 16:20:32,677 DEBUG Worker-8 <!--- trade created --->
14-07-2026 16:20:32,815 DEBUG Worker-8 <!--- trade inited --->
14-07-2026 16:20:32,830 DEBUG Worker-9 <!--- delegate --->
14-07-2026 16:20:33,054 DEBUG Worker-0 <!--- delegate --->
14-07-2026 16:20:33,133 DEBUG Worker-0 <!--- trade created --->
14-07-2026 16:20:33,212 DEBUG Worker-0 <!--- trade inited --->
14-07-2026 16:20:34,390 DEBUG Worker-6 <!--- delegate --->
14-07-2026 16:20:34,520 DEBUG Worker-8 <!--- delegate --->
14-07-2026 16:20:40,143 DEBUG Worker-0 <!--- delegate --->
14-07-2026 16:20:42,747 DEBUG Worker-9 <!--- delegate --->
14-07-2026 16:20:42,843 DEBUG Worker-7 <!--- delegate --->
14-07-2026 16:20:43,486 DEBUG Worker-9 <!--- delegate --->
14-07-2026 16:20:43,593 DEBUG Worker-9 <!--- trade created --->
14-07-2026 16:20:43,673 DEBUG Worker-9 <!--- trade inited --->
14-07-2026 16:20:43,683 DEBUG Worker-13 <!--- delegate --->
14-07-2026 16:20:45,294 DEBUG Worker-12 <!--- delegate --->
14-07-2026 16:20:45,454 ERROR IssueWorker.89 <!--- 操作设备msf失败, 参数:read,2 --->
java.io.IOException: 0018 终端没有配置MSF类型的外设
	at cn.com.agree.ab.gui.device.MsfDeviceDelegate.delegateCallDevice(MsfDeviceDelegate.java:48)
	at cn.com.agree.ab.gui.DeviceUtil.call(DeviceUtil.java:77)
	at cn.com.agree.ab.gui.GuiTradeIssueListener.callDevice(GuiTradeIssueListener.java:170)
	at cn.com.agree.ab.trade.TradeServiceMarshaller.delegateCallDevice(TradeServiceMarshaller.java:113)
	at cn.com.agree.ab.trade.client.TradeIssuer.handleIssue(TradeIssuer.java:95)
	at cn.com.agree.ab.trade.client.TradeIssuer.run(TradeIssuer.java:191)
	at java.util.concurrent.ThreadPoolExecutor$Worker.runTask(Unknown Source)
	at java.util.concurrent.ThreadPoolExecutor$Worker.run(Unknown Source)
	at java.lang.Thread.run(Unknown Source)
14-07-2026 16:20:46,876 DEBUG Worker-12 <!--- delegate --->
14-07-2026 16:20:48,688 DEBUG Worker-12 <!--- delegate --->
14-07-2026 16:20:51,932 DEBUG Worker-13 <!--- delegate --->
14-07-2026 16:20:53,726 DEBUG Worker-13 <!--- delegate --->
14-07-2026 16:20:55,295 DEBUG Worker-9 <!--- delegate --->
14-07-2026 16:20:55,776 DEBUG Worker-0 <!--- delegate --->
14-07-2026 16:20:55,913 DEBUG Worker-13 <!--- delegate --->
14-07-2026 16:21:46,100 DEBUG Worker-8 <!--- delegate --->
14-07-2026 16:21:48,681 DEBUG Worker-13 <!--- delegate --->
14-07-2026 16:21:48,746 DEBUG Worker-12 <!--- delegate --->
14-07-2026 16:21:48,796 DEBUG Worker-13 <!--- trade created --->
14-07-2026 16:21:49,008 DEBUG Worker-13 <!--- trade inited --->
14-07-2026 16:21:58,888 DEBUG Worker-0 <!--- delegate --->
14-07-2026 16:22:02,176 DEBUG Worker-9 <!--- delegate --->
14-07-2026 16:22:07,717 DEBUG Worker-13 <!--- delegate --->
14-07-2026 16:22:39,438 DEBUG Worker-0 <!--- delegate --->
14-07-2026 16:22:40,657 DEBUG Worker-6 <!--- delegate --->
14-07-2026 16:22:41,547 DEBUG Worker-0 <!--- delegate --->
14-07-2026 16:22:42,189 DEBUG Worker-6 <!--- delegate --->
14-07-2026 16:22:44,629 DEBUG Worker-8 <!--- delegate --->
14-07-2026 16:25:20,624 DEBUG Worker-13 <!--- delegate --->
14-07-2026 16:25:21,089 DEBUG Worker-6 <!--- delegate --->
14-07-2026 16:25:21,169 DEBUG Worker-13 <!--- delegate --->
14-07-2026 16:25:21,282 DEBUG Worker-0 <!--- delegate --->
14-07-2026 16:25:22,708 DEBUG Worker-9 <!--- delegate --->
14-07-2026 16:25:25,667 DEBUG Worker-8 <!--- delegate --->
14-07-2026 16:25:25,911 DEBUG Worker-0 <!--- delegate --->
14-07-2026 16:25:25,992 DEBUG Worker-6 <!--- delegate --->
14-07-2026 16:25:26,086 DEBUG Worker-8 <!--- delegate --->
14-07-2026 16:25:26,466 DEBUG Worker-7 <!--- delegate --->
14-07-2026 16:25:26,622 DEBUG Worker-8 <!--- delegate --->
14-07-2026 16:25:26,715 DEBUG Worker-6 <!--- delegate --->
14-07-2026 16:25:26,798 DEBUG Worker-13 <!--- delegate --->
14-07-2026 16:25:27,545 DEBUG Worker-12 <!--- delegate --->
14-07-2026 16:25:28,192 DEBUG Worker-7 <!--- delegate --->
14-07-2026 16:25:28,193 DEBUG Worker-0 <!--- delegate --->
14-07-2026 16:25:28,366 DEBUG Worker-0 <!--- trade created --->
14-07-2026 16:25:28,744 ERROR IssueWorker.96 <!--- 操作设备msf失败, 参数:read,2 --->
java.io.IOException: 0018 终端没有配置MSF类型的外设
	at cn.com.agree.ab.gui.device.MsfDeviceDelegate.delegateCallDevice(MsfDeviceDelegate.java:48)
	at cn.com.agree.ab.gui.DeviceUtil.call(DeviceUtil.java:77)
	at cn.com.agree.ab.gui.GuiTradeIssueListener.callDevice(GuiTradeIssueListener.java:170)
	at cn.com.agree.ab.trade.TradeServiceMarshaller.delegateCallDevice(TradeServiceMarshaller.java:113)
	at cn.com.agree.ab.trade.client.TradeIssuer.handleIssue(TradeIssuer.java:95)
	at cn.com.agree.ab.trade.client.TradeIssuer.run(TradeIssuer.java:191)
	at java.util.concurrent.ThreadPoolExecutor$Worker.runTask(Unknown Source)
	at java.util.concurrent.ThreadPoolExecutor$Worker.run(Unknown Source)
	at java.lang.Thread.run(Unknown Source)
14-07-2026 16:25:28,914 DEBUG Worker-0 <!--- trade inited --->
14-07-2026 16:25:28,917 DEBUG Worker-9 <!--- delegate --->
14-07-2026 16:25:35,848 DEBUG Worker-8 <!--- delegate --->
14-07-2026 16:25:35,848 DEBUG Worker-6 <!--- delegate --->
14-07-2026 16:26:28,353 DEBUG Worker-2 <!--- delegate --->
14-07-2026 16:26:31,684 DEBUG Worker-2 <!--- trade created --->
14-07-2026 16:26:33,038 ERROR IssueWorker.1 <!--- 操作设备msf失败, 参数:read,2 --->
java.io.IOException: 0018 终端没有配置MSF类型的外设
	at cn.com.agree.ab.gui.device.MsfDeviceDelegate.delegateCallDevice(MsfDeviceDelegate.java:48)
	at cn.com.agree.ab.gui.DeviceUtil.call(DeviceUtil.java:77)
	at cn.com.agree.ab.gui.GuiTradeIssueListener.callDevice(GuiTradeIssueListener.java:170)
	at cn.com.agree.ab.trade.TradeServiceMarshaller.delegateCallDevice(TradeServiceMarshaller.java:113)
	at cn.com.agree.ab.trade.client.TradeIssuer.handleIssue(TradeIssuer.java:95)
	at cn.com.agree.ab.trade.client.TradeIssuer.run(TradeIssuer.java:191)
	at java.util.concurrent.ThreadPoolExecutor$Worker.runTask(Unknown Source)
	at java.util.concurrent.ThreadPoolExecutor$Worker.run(Unknown Source)
	at java.lang.Thread.run(Unknown Source)
14-07-2026 16:26:33,204 DEBUG Worker-2 <!--- trade inited --->
14-07-2026 16:26:33,212 DEBUG Worker-1 <!--- delegate --->
14-07-2026 16:26:47,329 DEBUG Worker-2 <!--- delegate --->
14-07-2026 16:26:51,351 DEBUG Worker-1 <!--- delegate --->
14-07-2026 16:26:56,021 DEBUG Worker-5 <!--- delegate --->
14-07-2026 16:26:56,021 DEBUG Worker-4 <!--- delegate --->
14-07-2026 16:26:56,334 DEBUG Worker-4 <!--- trade created --->
14-07-2026 16:26:58,446 DEBUG Worker-4 <!--- trade inited --->
14-07-2026 16:28:18,736 DEBUG Worker-4 <!--- delegate --->
14-07-2026 16:28:29,123 DEBUG Worker-5 <!--- delegate --->
14-07-2026 16:28:35,407 DEBUG Worker-1 <!--- delegate --->
14-07-2026 16:28:37,098 DEBUG Worker-3 <!--- delegate --->
14-07-2026 16:28:37,373 DEBUG Worker-3 <!--- trade created --->
14-07-2026 16:28:38,240 DEBUG Worker-3 <!--- trade inited --->
14-07-2026 23:21:57,726 DEBUG Worker-6 <!--- delegate --->
14-07-2026 23:22:05,254 DEBUG Worker-4 <!--- delegate --->
14-07-2026 23:23:49,020 DEBUG Worker-7 <!--- delegate --->
14-07-2026 23:24:12,920 DEBUG Worker-4 <!--- delegate --->
14-07-2026 23:25:53,350 DEBUG Worker-3 <!--- delegate --->
14-07-2026 23:25:56,493 DEBUG Worker-3 <!--- trade created --->
14-07-2026 23:25:57,830 ERROR IssueWorker.1 <!--- 操作设备msf失败, 参数:read,2 --->
java.io.IOException: 0018 终端没有配置MSF类型的外设
	at cn.com.agree.ab.gui.device.MsfDeviceDelegate.delegateCallDevice(MsfDeviceDelegate.java:48)
	at cn.com.agree.ab.gui.DeviceUtil.call(DeviceUtil.java:77)
	at cn.com.agree.ab.gui.GuiTradeIssueListener.callDevice(GuiTradeIssueListener.java:170)
	at cn.com.agree.ab.trade.TradeServiceMarshaller.delegateCallDevice(TradeServiceMarshaller.java:113)
	at cn.com.agree.ab.trade.client.TradeIssuer.handleIssue(TradeIssuer.java:95)
	at cn.com.agree.ab.trade.client.TradeIssuer.run(TradeIssuer.java:191)
	at java.util.concurrent.ThreadPoolExecutor$Worker.runTask(Unknown Source)
	at java.util.concurrent.ThreadPoolExecutor$Worker.run(Unknown Source)
	at java.lang.Thread.run(Unknown Source)
14-07-2026 23:25:57,985 DEBUG Worker-3 <!--- trade inited --->
14-07-2026 23:25:57,991 DEBUG Worker-5 <!--- delegate --->
14-07-2026 23:26:07,759 DEBUG Worker-0 <!--- delegate --->
14-07-2026 23:26:10,219 DEBUG Worker-0 <!--- delegate --->
14-07-2026 23:26:13,704 DEBUG Worker-3 <!--- delegate --->
14-07-2026 23:26:16,256 DEBUG Worker-1 <!--- delegate --->
14-07-2026 23:26:25,920 DEBUG Worker-2 <!--- delegate --->
14-07-2026 23:26:25,920 DEBUG Worker-5 <!--- delegate --->
14-07-2026 23:26:26,524 DEBUG Worker-5 <!--- trade created --->
14-07-2026 23:26:27,393 DEBUG Worker-5 <!--- trade inited --->
14-07-2026 23:27:39,022 DEBUG Worker-1 <!--- delegate --->
14-07-2026 23:29:28,280 DEBUG Worker-3 <!--- delegate --->
14-07-2026 23:29:44,850 DEBUG Worker-1 <!--- delegate --->
14-07-2026 23:29:45,572 DEBUG Worker-1 <!--- delegate --->
14-07-2026 23:29:46,715 DEBUG Worker-3 <!--- delegate --->
14-07-2026 23:29:47,388 DEBUG Worker-5 <!--- delegate --->
14-07-2026 23:29:47,487 DEBUG Worker-5 <!--- trade created --->
14-07-2026 23:29:47,762 ERROR IssueWorker.4 <!--- 操作设备msf失败, 参数:read,2 --->
java.io.IOException: 0018 终端没有配置MSF类型的外设
	at cn.com.agree.ab.gui.device.MsfDeviceDelegate.delegateCallDevice(MsfDeviceDelegate.java:48)
	at cn.com.agree.ab.gui.DeviceUtil.call(DeviceUtil.java:77)
	at cn.com.agree.ab.gui.GuiTradeIssueListener.callDevice(GuiTradeIssueListener.java:170)
	at cn.com.agree.ab.trade.TradeServiceMarshaller.delegateCallDevice(TradeServiceMarshaller.java:113)
	at cn.com.agree.ab.trade.client.TradeIssuer.handleIssue(TradeIssuer.java:95)
	at cn.com.agree.ab.trade.client.TradeIssuer.run(TradeIssuer.java:191)
	at java.util.concurrent.ThreadPoolExecutor$Worker.runTask(Unknown Source)
	at java.util.concurrent.ThreadPoolExecutor$Worker.run(Unknown Source)
	at java.lang.Thread.run(Unknown Source)
14-07-2026 23:29:47,909 DEBUG Worker-5 <!--- trade inited --->
14-07-2026 23:29:47,920 DEBUG Worker-2 <!--- delegate --->
14-07-2026 23:30:09,496 DEBUG Worker-2 <!--- delegate --->
14-07-2026 23:30:11,946 DEBUG Worker-2 <!--- delegate --->
14-07-2026 23:30:13,104 DEBUG Worker-1 <!--- delegate --->
14-07-2026 23:30:19,822 DEBUG Worker-4 <!--- delegate --->
14-07-2026 23:30:19,822 DEBUG Worker-3 <!--- delegate --->
14-07-2026 23:30:27,480 DEBUG Worker-5 <!--- delegate --->
14-07-2026 23:30:33,862 DEBUG Worker-5 <!--- trade created --->
14-07-2026 23:30:37,302 ERROR IssueWorker.1 <!--- 操作设备msf失败, 参数:read,2 --->
java.io.IOException: 0018 终端没有配置MSF类型的外设
	at cn.com.agree.ab.gui.device.MsfDeviceDelegate.delegateCallDevice(MsfDeviceDelegate.java:48)
	at cn.com.agree.ab.gui.DeviceUtil.call(DeviceUtil.java:77)
	at cn.com.agree.ab.gui.GuiTradeIssueListener.callDevice(GuiTradeIssueListener.java:170)
	at cn.com.agree.ab.trade.TradeServiceMarshaller.delegateCallDevice(TradeServiceMarshaller.java:113)
	at cn.com.agree.ab.trade.client.TradeIssuer.handleIssue(TradeIssuer.java:95)
	at cn.com.agree.ab.trade.client.TradeIssuer.run(TradeIssuer.java:191)
	at java.util.concurrent.ThreadPoolExecutor$Worker.runTask(Unknown Source)
	at java.util.concurrent.ThreadPoolExecutor$Worker.run(Unknown Source)
	at java.lang.Thread.run(Unknown Source)
14-07-2026 23:30:37,468 DEBUG Worker-5 <!--- trade inited --->
14-07-2026 23:30:37,475 DEBUG Worker-1 <!--- delegate --->
14-07-2026 23:33:28,377 DEBUG Worker-3 <!--- delegate --->
14-07-2026 23:33:30,844 DEBUG Worker-5 <!--- delegate --->
14-07-2026 23:33:37,871 DEBUG Worker-2 <!--- delegate --->
14-07-2026 23:33:37,871 DEBUG Worker-3 <!--- delegate --->
14-07-2026 23:33:38,063 DEBUG Worker-3 <!--- trade created --->
14-07-2026 23:33:41,006 DEBUG Worker-3 <!--- trade inited --->
14-07-2026 23:34:33,489 DEBUG Worker-2 <!--- delegate --->
14-07-2026 23:34:35,342 DEBUG Worker-3 <!--- delegate --->
14-07-2026 23:34:36,195 DEBUG Worker-3 <!--- delegate --->
14-07-2026 23:34:49,390 DEBUG Worker-1 <!--- delegate --->
14-07-2026 23:34:52,718 DEBUG Worker-1 <!--- delegate --->
14-07-2026 23:34:52,948 DEBUG Worker-1 <!--- trade created --->
14-07-2026 23:34:54,293 DEBUG Worker-1 <!--- trade inited --->
14-07-2026 23:35:19,427 DEBUG Worker-1 <!--- delegate --->
14-07-2026 23:35:46,504 DEBUG Worker-3 <!--- delegate --->
14-07-2026 23:35:48,913 DEBUG Worker-1 <!--- delegate --->
14-07-2026 23:35:51,200 DEBUG Worker-3 <!--- delegate --->
14-07-2026 23:35:59,086 DEBUG Worker-2 <!--- delegate --->
14-07-2026 23:36:00,724 DEBUG Worker-2 <!--- delegate --->
14-07-2026 23:36:14,360 DEBUG Worker-5 <!--- delegate --->
14-07-2026 23:36:17,642 DEBUG Worker-5 <!--- delegate --->
14-07-2026 23:36:29,869 DEBUG Worker-2 <!--- delegate --->
14-07-2026 23:36:30,217 DEBUG Worker-2 <!--- delegate --->
14-07-2026 23:36:55,411 DEBUG Worker-2 <!--- delegate --->
14-07-2026 23:37:50,119 DEBUG Worker-3 <!--- delegate --->
14-07-2026 23:37:50,215 DEBUG Worker-3 <!--- delegate --->
14-07-2026 23:37:50,379 ERROR IssueWorker.8 <!--- 操作设备pin失败, 参数:readOnce,, --->
java.io.IOException: 0018 终端没有配置PIN类型的外设
	at cn.com.agree.ab.gui.device.PinDeviceDelegate.delegateCallDevice(PinDeviceDelegate.java:37)
	at cn.com.agree.ab.gui.DeviceUtil.call(DeviceUtil.java:77)
	at cn.com.agree.ab.gui.GuiTradeIssueListener.callDevice(GuiTradeIssueListener.java:170)
	at cn.com.agree.ab.trade.TradeServiceMarshaller.delegateCallDevice(TradeServiceMarshaller.java:113)
	at cn.com.agree.ab.trade.client.TradeIssuer.handleIssue(TradeIssuer.java:95)
	at cn.com.agree.ab.trade.client.TradeIssuer.run(TradeIssuer.java:191)
	at java.util.concurrent.ThreadPoolExecutor$Worker.runTask(Unknown Source)
	at java.util.concurrent.ThreadPoolExecutor$Worker.run(Unknown Source)
	at java.lang.Thread.run(Unknown Source)
14-07-2026 23:37:51,103 DEBUG Worker-6 <!--- delegate --->
14-07-2026 23:37:51,206 DEBUG Worker-6 <!--- trade created --->
14-07-2026 23:37:51,310 DEBUG Worker-6 <!--- trade inited --->
14-07-2026 23:37:53,904 DEBUG Worker-1 <!--- delegate --->
14-07-2026 23:37:54,040 DEBUG Worker-5 <!--- delegate --->
14-07-2026 23:37:54,698 ERROR IssueWorker.7 <!--- 操作设备pin失败, 参数:readTwice,, --->
java.io.IOException: 0018 终端没有配置PIN类型的外设
	at cn.com.agree.ab.gui.device.PinDeviceDelegate.delegateCallDevice(PinDeviceDelegate.java:37)
	at cn.com.agree.ab.gui.DeviceUtil.call(DeviceUtil.java:77)
	at cn.com.agree.ab.gui.GuiTradeIssueListener.callDevice(GuiTradeIssueListener.java:170)
	at cn.com.agree.ab.trade.TradeServiceMarshaller.delegateCallDevice(TradeServiceMarshaller.java:113)
	at cn.com.agree.ab.trade.client.TradeIssuer.handleIssue(TradeIssuer.java:95)
	at cn.com.agree.ab.trade.client.TradeIssuer.run(TradeIssuer.java:191)
	at java.util.concurrent.ThreadPoolExecutor$Worker.runTask(Unknown Source)
	at java.util.concurrent.ThreadPoolExecutor$Worker.run(Unknown Source)
	at java.lang.Thread.run(Unknown Source)
14-07-2026 23:37:54,989 DEBUG Worker-1 <!--- delegate --->
14-07-2026 23:37:55,084 DEBUG Worker-1 <!--- trade created --->
14-07-2026 23:37:55,156 DEBUG Worker-1 <!--- trade inited --->
14-07-2026 23:37:57,726 DEBUG Worker-6 <!--- delegate --->
14-07-2026 23:37:57,836 DEBUG Worker-1 <!--- delegate --->
14-07-2026 23:39:56,509 DEBUG Worker-3 <!--- delegate --->
14-07-2026 23:39:58,404 DEBUG Worker-6 <!--- delegate --->
14-07-2026 23:39:59,318 DEBUG Worker-5 <!--- delegate --->
14-07-2026 23:39:59,411 DEBUG Worker-5 <!--- trade created --->
14-07-2026 23:39:59,642 DEBUG Worker-5 <!--- trade inited --->
14-07-2026 23:40:01,712 DEBUG Worker-6 <!--- delegate --->
14-07-2026 23:40:02,166 DEBUG Worker-3 <!--- delegate --->
14-07-2026 23:40:02,373 DEBUG Worker-5 <!--- delegate --->
14-07-2026 23:40:02,485 DEBUG Worker-6 <!--- delegate --->
14-07-2026 23:40:04,618 DEBUG Worker-1 <!--- delegate --->
14-07-2026 23:40:06,058 DEBUG Worker-2 <!--- delegate --->
14-07-2026 23:40:06,131 DEBUG Worker-2 <!--- trade created --->
14-07-2026 23:40:06,241 DEBUG Worker-2 <!--- trade inited --->
14-07-2026 23:40:13,505 DEBUG Worker-2 <!--- delegate --->
14-07-2026 23:40:48,833 DEBUG Worker-2 <!--- delegate --->
14-07-2026 23:40:49,691 DEBUG Worker-3 <!--- delegate --->
14-07-2026 23:40:53,208 DEBUG Worker-3 <!--- delegate --->
14-07-2026 23:40:57,334 DEBUG Worker-1 <!--- delegate --->
14-07-2026 23:41:00,768 DEBUG Worker-5 <!--- delegate --->
14-07-2026 23:41:22,495 DEBUG Worker-3 <!--- delegate --->
14-07-2026 23:41:27,559 DEBUG Worker-3 <!--- delegate --->
14-07-2026 23:41:28,232 DEBUG Worker-6 <!--- delegate --->
14-07-2026 23:41:32,710 DEBUG Worker-1 <!--- delegate --->
14-07-2026 23:41:34,631 DEBUG Worker-6 <!--- delegate --->
14-07-2026 23:41:35,110 DEBUG Worker-6 <!--- trade created --->
14-07-2026 23:41:36,208 DEBUG Worker-6 <!--- trade inited --->
14-07-2026 23:41:36,272 DEBUG Worker-3 <!--- delegate --->
14-07-2026 23:41:42,238 DEBUG Worker-3 <!--- delegate --->
14-07-2026 23:41:44,624 DEBUG Worker-6 <!--- delegate --->
14-07-2026 23:41:45,129 DEBUG Worker-2 <!--- delegate --->
14-07-2026 23:41:50,521 DEBUG Worker-3 <!--- delegate --->
14-07-2026 23:41:51,701 ERROR IssueWorker.9 <!--- 操作设备msf失败, 参数:write,1490030111009800007981002667655500000|0123456789,23 --->
java.io.IOException: 0018 终端没有配置MSF类型的外设
	at cn.com.agree.ab.gui.device.MsfDeviceDelegate.delegateCallDevice(MsfDeviceDelegate.java:48)
	at cn.com.agree.ab.gui.DeviceUtil.call(DeviceUtil.java:77)
	at cn.com.agree.ab.gui.GuiTradeIssueListener.callDevice(GuiTradeIssueListener.java:170)
	at cn.com.agree.ab.trade.TradeServiceMarshaller.delegateCallDevice(TradeServiceMarshaller.java:113)
	at cn.com.agree.ab.trade.client.TradeIssuer.handleIssue(TradeIssuer.java:95)
	at cn.com.agree.ab.trade.client.TradeIssuer.run(TradeIssuer.java:191)
	at java.util.concurrent.ThreadPoolExecutor$Worker.runTask(Unknown Source)
	at java.util.concurrent.ThreadPoolExecutor$Worker.run(Unknown Source)
	at java.lang.Thread.run(Unknown Source)
14-07-2026 23:41:56,796 DEBUG Worker-6 <!--- delegate --->
14-07-2026 23:41:56,903 DEBUG Worker-1 <!--- delegate --->
14-07-2026 23:41:57,365 DEBUG Worker-2 <!--- delegate --->
14-07-2026 23:43:28,902 DEBUG Worker-1 <!--- delegate --->
14-07-2026 23:43:30,569 DEBUG Worker-8 <!--- delegate --->
14-07-2026 23:43:30,826 DEBUG Worker-8 <!--- trade created --->
14-07-2026 23:43:31,167 DEBUG Worker-8 <!--- trade inited --->
14-07-2026 23:43:31,175 DEBUG Worker-1 <!--- delegate --->
14-07-2026 23:43:31,875 DEBUG Worker-8 <!--- delegate --->
14-07-2026 23:43:31,969 DEBUG Worker-8 <!--- trade created --->
14-07-2026 23:43:32,055 DEBUG Worker-8 <!--- trade inited --->
14-07-2026 23:43:33,442 DEBUG Worker-2 <!--- delegate --->
14-07-2026 23:43:33,863 DEBUG Worker-2 <!--- delegate --->
14-07-2026 23:43:36,212 DEBUG Worker-1 <!--- delegate --->
14-07-2026 23:43:38,417 DEBUG Worker-7 <!--- delegate --->
14-07-2026 23:43:38,517 DEBUG Worker-7 <!--- trade created --->
14-07-2026 23:43:38,605 DEBUG Worker-7 <!--- trade inited --->
14-07-2026 23:43:44,477 DEBUG Worker-7 <!--- delegate --->
14-07-2026 23:43:44,623 DEBUG Worker-9 <!--- delegate --->
14-07-2026 23:43:44,745 DEBUG Worker-1 <!--- delegate --->
14-07-2026 23:43:44,931 DEBUG Worker-9 <!--- delegate --->
14-07-2026 23:43:45,014 DEBUG Worker-9 <!--- trade created --->
14-07-2026 23:43:45,077 DEBUG Worker-9 <!--- trade inited --->
14-07-2026 23:43:53,749 DEBUG Worker-10 <!--- delegate --->
14-07-2026 23:43:53,857 DEBUG Worker-9 <!--- delegate --->
14-07-2026 23:43:55,563 DEBUG Worker-7 <!--- delegate --->
14-07-2026 23:43:57,753 DEBUG Worker-10 <!--- delegate --->
14-07-2026 23:43:57,846 DEBUG Worker-10 <!--- trade created --->
14-07-2026 23:43:57,921 DEBUG Worker-10 <!--- trade inited --->
14-07-2026 23:43:59,969 DEBUG Worker-8 <!--- delegate --->
14-07-2026 23:44:00,078 DEBUG Worker-10 <!--- delegate --->
14-07-2026 23:44:00,718 DEBUG Worker-7 <!--- delegate --->
14-07-2026 23:44:01,405 DEBUG Worker-8 <!--- delegate --->
14-07-2026 23:44:01,513 DEBUG Worker-8 <!--- trade created --->
14-07-2026 23:44:01,589 DEBUG Worker-8 <!--- trade inited --->
14-07-2026 23:44:03,449 DEBUG Worker-10 <!--- delegate --->
14-07-2026 23:44:03,671 DEBUG Worker-8 <!--- delegate --->
14-07-2026 23:44:03,792 DEBUG Worker-9 <!--- delegate --->
14-07-2026 23:44:03,905 DEBUG Worker-1 <!--- delegate --->
14-07-2026 23:44:12,865 DEBUG Worker-2 <!--- delegate --->
14-07-2026 23:44:13,852 DEBUG Worker-10 <!--- delegate --->
14-07-2026 23:44:13,957 DEBUG Worker-10 <!--- trade created --->
14-07-2026 23:44:14,151 DEBUG Worker-10 <!--- trade inited --->
14-07-2026 23:44:14,159 DEBUG Worker-8 <!--- delegate --->
14-07-2026 23:44:15,050 DEBUG Worker-10 <!--- delegate --->
14-07-2026 23:44:15,583 DEBUG Worker-10 <!--- trade created --->
14-07-2026 23:44:16,013 DEBUG Worker-10 <!--- trade inited --->
14-07-2026 23:44:16,969 DEBUG Worker-10 <!--- delegate --->
14-07-2026 23:44:17,153 DEBUG Worker-2 <!--- delegate --->
14-07-2026 23:44:19,429 DEBUG Worker-10 <!--- delegate --->
14-07-2026 23:44:37,000 DEBUG Worker-8 <!--- delegate --->
14-07-2026 23:44:37,803 DEBUG Worker-1 <!--- delegate --->
14-07-2026 23:44:38,350 DEBUG Worker-10 <!--- delegate --->
14-07-2026 23:44:38,461 DEBUG Worker-10 <!--- trade created --->
14-07-2026 23:44:38,640 DEBUG Worker-10 <!--- trade inited --->
14-07-2026 23:44:38,655 DEBUG Worker-9 <!--- delegate --->
14-07-2026 23:44:40,397 DEBUG Worker-7 <!--- delegate --->
14-07-2026 23:44:41,098 ERROR IssueWorker.16 <!--- 操作设备msf失败, 参数:read,2 --->
java.io.IOException: 0018 终端没有配置MSF类型的外设
	at cn.com.agree.ab.gui.device.MsfDeviceDelegate.delegateCallDevice(MsfDeviceDelegate.java:48)
	at cn.com.agree.ab.gui.DeviceUtil.call(DeviceUtil.java:77)
	at cn.com.agree.ab.gui.GuiTradeIssueListener.callDevice(GuiTradeIssueListener.java:170)
	at cn.com.agree.ab.trade.TradeServiceMarshaller.delegateCallDevice(TradeServiceMarshaller.java:113)
	at cn.com.agree.ab.trade.client.TradeIssuer.handleIssue(TradeIssuer.java:95)
	at cn.com.agree.ab.trade.client.TradeIssuer.run(TradeIssuer.java:191)
	at java.util.concurrent.ThreadPoolExecutor$Worker.runTask(Unknown Source)
	at java.util.concurrent.ThreadPoolExecutor$Worker.run(Unknown Source)
	at java.lang.Thread.run(Unknown Source)
14-07-2026 23:44:42,875 DEBUG Worker-7 <!--- delegate --->
14-07-2026 23:44:45,619 DEBUG Worker-8 <!--- delegate --->
14-07-2026 23:44:47,322 DEBUG Worker-8 <!--- delegate --->
14-07-2026 23:44:47,874 DEBUG Worker-9 <!--- delegate --->
14-07-2026 23:44:48,013 DEBUG Worker-10 <!--- delegate --->
14-07-2026 23:45:05,884 DEBUG Worker-8 <!--- delegate --->
14-07-2026 23:45:07,671 DEBUG Worker-7 <!--- delegate --->
14-07-2026 23:45:08,230 DEBUG Worker-7 <!--- trade created --->
14-07-2026 23:45:09,016 DEBUG Worker-7 <!--- trade inited --->
14-07-2026 23:45:13,825 DEBUG Worker-8 <!--- delegate --->
14-07-2026 23:45:16,945 DEBUG Worker-8 <!--- delegate --->
14-07-2026 23:45:18,178 DEBUG Worker-9 <!--- delegate --->
14-07-2026 23:45:23,969 DEBUG Worker-7 <!--- delegate --->
14-07-2026 23:45:30,079 DEBUG Worker-9 <!--- delegate --->
14-07-2026 23:45:32,095 DEBUG Worker-9 <!--- delegate --->
14-07-2026 23:45:38,026 DEBUG Worker-7 <!--- delegate --->
14-07-2026 23:45:38,750 DEBUG Worker-7 <!--- delegate --->
14-07-2026 23:47:01,194 DEBUG Worker-10 <!--- delegate --->
14-07-2026 23:47:01,291 DEBUG Worker-2 <!--- delegate --->
14-07-2026 23:47:01,402 DEBUG Worker-9 <!--- delegate --->
14-07-2026 23:47:09,347 DEBUG Worker-7 <!--- delegate --->
14-07-2026 23:47:13,566 DEBUG Worker-10 <!--- delegate --->
14-07-2026 23:47:14,593 DEBUG Worker-8 <!--- delegate --->
14-07-2026 23:47:14,695 DEBUG Worker-8 <!--- trade created --->
14-07-2026 23:47:14,790 DEBUG Worker-8 <!--- trade inited --->
14-07-2026 23:47:14,797 DEBUG Worker-7 <!--- delegate --->
14-07-2026 23:47:18,613 DEBUG Worker-9 <!--- delegate --->
14-07-2026 23:47:19,317 ERROR IssueWorker.20 <!--- 操作设备msf失败, 参数:read,2 --->
java.io.IOException: 0018 终端没有配置MSF类型的外设
	at cn.com.agree.ab.gui.device.MsfDeviceDelegate.delegateCallDevice(MsfDeviceDelegate.java:48)
	at cn.com.agree.ab.gui.DeviceUtil.call(DeviceUtil.java:77)
	at cn.com.agree.ab.gui.GuiTradeIssueListener.callDevice(GuiTradeIssueListener.java:170)
	at cn.com.agree.ab.trade.TradeServiceMarshaller.delegateCallDevice(TradeServiceMarshaller.java:113)
	at cn.com.agree.ab.trade.client.TradeIssuer.handleIssue(TradeIssuer.java:95)
	at cn.com.agree.ab.trade.client.TradeIssuer.run(TradeIssuer.java:191)
	at java.util.concurrent.ThreadPoolExecutor$Worker.runTask(Unknown Source)
	at java.util.concurrent.ThreadPoolExecutor$Worker.run(Unknown Source)
	at java.lang.Thread.run(Unknown Source)
14-07-2026 23:47:20,477 DEBUG Worker-9 <!--- delegate --->
14-07-2026 23:47:23,645 DEBUG Worker-8 <!--- delegate --->
14-07-2026 23:47:25,481 DEBUG Worker-1 <!--- delegate --->
14-07-2026 23:47:25,945 DEBUG Worker-8 <!--- delegate --->
14-07-2026 23:47:26,116 DEBUG Worker-1 <!--- delegate --->
14-07-2026 23:48:00,431 DEBUG Worker-9 <!--- delegate --->
14-07-2026 23:48:01,190 DEBUG Worker-1 <!--- delegate --->
14-07-2026 23:48:01,288 DEBUG Worker-1 <!--- trade created --->
14-07-2026 23:48:01,668 DEBUG Worker-1 <!--- trade inited --->
14-07-2026 23:48:01,678 DEBUG Worker-7 <!--- delegate --->
14-07-2026 23:48:01,917 DEBUG Worker-2 <!--- delegate --->
14-07-2026 23:48:02,008 DEBUG Worker-2 <!--- trade created --->
14-07-2026 23:48:02,451 DEBUG Worker-2 <!--- trade inited --->
14-07-2026 23:48:03,427 DEBUG Worker-1 <!--- delegate --->
14-07-2026 23:48:03,541 DEBUG Worker-9 <!--- delegate --->
14-07-2026 23:48:05,277 DEBUG Worker-10 <!--- delegate --->
14-07-2026 23:48:06,582 DEBUG Worker-10 <!--- delegate --->
14-07-2026 23:48:06,751 ERROR IssueWorker.18 <!--- 操作设备pin失败, 参数:readOnce,, --->
java.io.IOException: 0018 终端没有配置PIN类型的外设
	at cn.com.agree.ab.gui.device.PinDeviceDelegate.delegateCallDevice(PinDeviceDelegate.java:37)
	at cn.com.agree.ab.gui.DeviceUtil.call(DeviceUtil.java:77)
	at cn.com.agree.ab.gui.GuiTradeIssueListener.callDevice(GuiTradeIssueListener.java:170)
	at cn.com.agree.ab.trade.TradeServiceMarshaller.delegateCallDevice(TradeServiceMarshaller.java:113)
	at cn.com.agree.ab.trade.client.TradeIssuer.handleIssue(TradeIssuer.java:95)
	at cn.com.agree.ab.trade.client.TradeIssuer.run(TradeIssuer.java:191)
	at java.util.concurrent.ThreadPoolExecutor$Worker.runTask(Unknown Source)
	at java.util.concurrent.ThreadPoolExecutor$Worker.run(Unknown Source)
	at java.lang.Thread.run(Unknown Source)
14-07-2026 23:48:07,037 DEBUG Worker-2 <!--- delegate --->
14-07-2026 23:48:07,109 DEBUG Worker-2 <!--- trade created --->
14-07-2026 23:48:07,179 DEBUG Worker-2 <!--- trade inited --->
14-07-2026 23:48:10,300 DEBUG Worker-1 <!--- delegate --->
14-07-2026 23:48:10,417 DEBUG Worker-9 <!--- delegate --->
14-07-2026 23:49:01,971 DEBUG Worker-1 <!--- delegate --->
14-07-2026 23:49:33,644 DEBUG Worker-10 <!--- delegate --->
14-07-2026 23:49:34,549 DEBUG Worker-7 <!--- delegate --->
14-07-2026 23:49:34,726 DEBUG Worker-7 <!--- trade created --->
14-07-2026 23:49:35,534 DEBUG Worker-7 <!--- trade inited --->
14-07-2026 23:49:35,595 DEBUG Worker-8 <!--- delegate --->
14-07-2026 23:49:38,935 DEBUG Worker-7 <!--- delegate --->
14-07-2026 23:49:42,085 DEBUG Worker-2 <!--- delegate --->
14-07-2026 23:49:43,515 DEBUG Worker-8 <!--- delegate --->
14-07-2026 23:49:43,674 DEBUG Worker-10 <!--- delegate --->
14-07-2026 23:49:48,326 DEBUG Worker-2 <!--- delegate --->
14-07-2026 23:49:52,371 DEBUG Worker-10 <!--- delegate --->
14-07-2026 23:49:52,371 DEBUG Worker-8 <!--- delegate --->
14-07-2026 23:49:52,623 DEBUG Worker-8 <!--- trade created --->
14-07-2026 23:49:52,712 DEBUG Worker-8 <!--- trade inited --->
14-07-2026 23:49:52,722 DEBUG Worker-10 <!--- delegate --->
14-07-2026 23:49:53,340 DEBUG Worker-7 <!--- delegate --->
14-07-2026 23:49:53,435 DEBUG Worker-7 <!--- trade created --->
14-07-2026 23:49:53,538 DEBUG Worker-7 <!--- trade inited --->
14-07-2026 23:49:55,001 DEBUG Worker-8 <!--- delegate --->
14-07-2026 23:49:55,615 DEBUG Worker-2 <!--- delegate --->
14-07-2026 23:49:55,706 DEBUG Worker-8 <!--- delegate --->
14-07-2026 23:49:55,783 DEBUG Worker-7 <!--- delegate --->
14-07-2026 23:52:02,864 DEBUG Worker-8 <!--- delegate --->
14-07-2026 23:52:04,435 DEBUG Worker-8 <!--- delegate --->
14-07-2026 23:52:04,553 DEBUG Worker-8 <!--- trade created --->
14-07-2026 23:52:05,171 DEBUG Worker-8 <!--- trade inited --->
14-07-2026 23:52:05,186 DEBUG Worker-11 <!--- delegate --->
14-07-2026 23:52:05,872 DEBUG Worker-8 <!--- delegate --->
14-07-2026 23:52:06,242 DEBUG Worker-8 <!--- trade created --->
14-07-2026 23:52:06,452 DEBUG Worker-8 <!--- trade inited --->
14-07-2026 23:52:07,447 DEBUG Worker-2 <!--- delegate --->
14-07-2026 23:52:07,571 DEBUG Worker-7 <!--- delegate --->
14-07-2026 23:52:08,843 DEBUG Worker-9 <!--- delegate --->
14-07-2026 23:52:09,948 DEBUG Worker-9 <!--- delegate --->
14-07-2026 23:52:10,094 ERROR IssueWorker.24 <!--- 操作设备pin失败, 参数:readOnce,, --->
java.io.IOException: 0018 终端没有配置PIN类型的外设
	at cn.com.agree.ab.gui.device.PinDeviceDelegate.delegateCallDevice(PinDeviceDelegate.java:37)
	at cn.com.agree.ab.gui.DeviceUtil.call(DeviceUtil.java:77)
	at cn.com.agree.ab.gui.GuiTradeIssueListener.callDevice(GuiTradeIssueListener.java:170)
	at cn.com.agree.ab.trade.TradeServiceMarshaller.delegateCallDevice(TradeServiceMarshaller.java:113)
	at cn.com.agree.ab.trade.client.TradeIssuer.handleIssue(TradeIssuer.java:95)
	at cn.com.agree.ab.trade.client.TradeIssuer.run(TradeIssuer.java:191)
	at java.util.concurrent.ThreadPoolExecutor$Worker.runTask(Unknown Source)
	at java.util.concurrent.ThreadPoolExecutor$Worker.run(Unknown Source)
	at java.lang.Thread.run(Unknown Source)
14-07-2026 23:52:10,694 DEBUG Worker-7 <!--- delegate --->
14-07-2026 23:52:10,768 DEBUG Worker-7 <!--- trade created --->
14-07-2026 23:52:10,838 DEBUG Worker-7 <!--- trade inited --->
14-07-2026 23:52:14,121 DEBUG Worker-8 <!--- delegate --->
14-07-2026 23:52:14,231 DEBUG Worker-2 <!--- delegate --->
14-07-2026 23:53:25,001 DEBUG Worker-9 <!--- delegate --->
14-07-2026 23:53:35,199 DEBUG Worker-8 <!--- delegate --->
14-07-2026 23:53:37,719 DEBUG Worker-7 <!--- delegate --->
14-07-2026 23:53:38,509 DEBUG Worker-11 <!--- delegate --->
14-07-2026 23:53:38,584 DEBUG Worker-11 <!--- trade created --->
14-07-2026 23:53:38,755 DEBUG Worker-11 <!--- trade inited --->
14-07-2026 23:53:40,575 DEBUG Worker-11 <!--- delegate --->
14-07-2026 23:53:42,003 DEBUG Worker-9 <!--- delegate --->
14-07-2026 23:53:42,083 DEBUG Worker-11 <!--- delegate --->
14-07-2026 23:53:42,175 DEBUG Worker-8 <!--- delegate --->
14-07-2026 23:53:53,157 DEBUG Worker-2 <!--- delegate --->
14-07-2026 23:53:55,332 DEBUG Worker-11 <!--- delegate --->
14-07-2026 23:53:56,279 DEBUG Worker-7 <!--- delegate --->
14-07-2026 23:53:56,353 DEBUG Worker-7 <!--- trade created --->
14-07-2026 23:53:56,996 DEBUG Worker-7 <!--- trade inited --->
14-07-2026 23:53:57,055 DEBUG Worker-9 <!--- delegate --->
14-07-2026 23:53:59,914 DEBUG Worker-2 <!--- delegate --->
14-07-2026 23:54:03,554 DEBUG Worker-9 <!--- delegate --->
14-07-2026 23:54:04,906 DEBUG Worker-2 <!--- delegate --->
14-07-2026 23:54:08,229 DEBUG Worker-12 <!--- delegate --->
14-07-2026 23:54:08,377 DEBUG Worker-2 <!--- delegate --->
14-07-2026 23:54:08,743 DEBUG Worker-2 <!--- delegate --->
14-07-2026 23:55:45,629 DEBUG Worker-11 <!--- delegate --->
14-07-2026 23:55:46,678 DEBUG Worker-11 <!--- delegate --->
14-07-2026 23:55:47,136 DEBUG Worker-11 <!--- trade created --->
14-07-2026 23:55:47,597 DEBUG Worker-11 <!--- trade inited --->
14-07-2026 23:55:47,615 DEBUG Worker-8 <!--- delegate --->
14-07-2026 23:55:47,839 DEBUG Worker-9 <!--- delegate --->
14-07-2026 23:55:47,923 DEBUG Worker-9 <!--- trade created --->
14-07-2026 23:55:47,997 DEBUG Worker-9 <!--- trade inited --->
14-07-2026 23:55:49,190 DEBUG Worker-9 <!--- delegate --->
14-07-2026 23:55:49,443 DEBUG Worker-9 <!--- delegate --->
14-07-2026 23:55:49,553 DEBUG Worker-8 <!--- delegate --->
14-07-2026 23:55:49,648 DEBUG Worker-9 <!--- delegate --->
14-07-2026 23:56:32,035 DEBUG Worker-12 <!--- delegate --->
14-07-2026 23:56:32,707 DEBUG Worker-13 <!--- delegate --->
14-07-2026 23:56:32,804 DEBUG Worker-13 <!--- trade created --->
14-07-2026 23:56:32,951 DEBUG Worker-13 <!--- trade inited --->
14-07-2026 23:56:32,955 DEBUG Worker-12 <!--- delegate --->
14-07-2026 23:56:33,192 DEBUG Worker-11 <!--- delegate --->
14-07-2026 23:56:33,276 DEBUG Worker-11 <!--- trade created --->
14-07-2026 23:56:33,340 DEBUG Worker-11 <!--- trade inited --->
14-07-2026 23:56:35,197 DEBUG Worker-8 <!--- delegate --->
14-07-2026 23:56:35,314 DEBUG Worker-13 <!--- delegate --->
14-07-2026 23:56:36,611 DEBUG Worker-11 <!--- delegate --->
14-07-2026 23:56:37,719 DEBUG Worker-13 <!--- delegate --->
14-07-2026 23:56:37,872 DEBUG Worker-13 <!--- trade created --->
14-07-2026 23:56:38,256 DEBUG Worker-13 <!--- trade inited --->
14-07-2026 23:56:38,282 DEBUG Worker-11 <!--- delegate --->
14-07-2026 23:56:39,253 DEBUG Worker-12 <!--- delegate --->
14-07-2026 23:56:39,347 DEBUG Worker-12 <!--- trade created --->
14-07-2026 23:56:39,419 DEBUG Worker-12 <!--- trade inited --->
14-07-2026 23:56:40,509 DEBUG Worker-12 <!--- delegate --->
14-07-2026 23:56:40,631 DEBUG Worker-8 <!--- delegate --->
14-07-2026 23:56:44,297 DEBUG Worker-9 <!--- delegate --->
14-07-2026 23:56:46,262 DEBUG Worker-9 <!--- delegate --->
14-07-2026 23:56:46,486 DEBUG Worker-13 <!--- delegate --->
14-07-2026 23:56:46,580 DEBUG Worker-13 <!--- trade created --->
14-07-2026 23:56:47,036 DEBUG Worker-13 <!--- trade inited --->
14-07-2026 23:56:52,908 DEBUG Worker-8 <!--- delegate --->
14-07-2026 23:56:53,024 DEBUG Worker-11 <!--- delegate --->
14-07-2026 23:56:54,659 DEBUG Worker-11 <!--- delegate --->
14-07-2026 23:56:55,362 DEBUG Worker-11 <!--- delegate --->
14-07-2026 23:56:55,525 ERROR IssueWorker.29 <!--- 操作设备pin失败, 参数:readOnce,, --->
java.io.IOException: 0018 终端没有配置PIN类型的外设
	at cn.com.agree.ab.gui.device.PinDeviceDelegate.delegateCallDevice(PinDeviceDelegate.java:37)
	at cn.com.agree.ab.gui.DeviceUtil.call(DeviceUtil.java:77)
	at cn.com.agree.ab.gui.GuiTradeIssueListener.callDevice(GuiTradeIssueListener.java:170)
	at cn.com.agree.ab.trade.TradeServiceMarshaller.delegateCallDevice(TradeServiceMarshaller.java:113)
	at cn.com.agree.ab.trade.client.TradeIssuer.handleIssue(TradeIssuer.java:95)
	at cn.com.agree.ab.trade.client.TradeIssuer.run(TradeIssuer.java:191)
	at java.util.concurrent.ThreadPoolExecutor$Worker.runTask(Unknown Source)
	at java.util.concurrent.ThreadPoolExecutor$Worker.run(Unknown Source)
	at java.lang.Thread.run(Unknown Source)
14-07-2026 23:56:56,104 DEBUG Worker-8 <!--- delegate --->
14-07-2026 23:56:56,520 DEBUG Worker-8 <!--- trade created --->
14-07-2026 23:56:56,590 DEBUG Worker-8 <!--- trade inited --->
14-07-2026 23:57:02,351 DEBUG Worker-8 <!--- delegate --->
14-07-2026 23:57:02,763 DEBUG Worker-8 <!--- delegate --->
15-07-2026 00:22:03,927 DEBUG Worker-11 <!--- delegate --->
15-07-2026 00:22:04,136 DEBUG Worker-13 <!--- delegate --->
15-07-2026 00:22:04,230 DEBUG Worker-14 <!--- delegate --->
15-07-2026 00:22:04,333 DEBUG Worker-13 <!--- delegate --->
15-07-2026 00:22:05,341 DEBUG Worker-11 <!--- delegate --->
15-07-2026 00:22:05,477 DEBUG Worker-13 <!--- delegate --->
15-07-2026 00:22:05,549 DEBUG Worker-11 <!--- delegate --->
15-07-2026 00:22:05,643 DEBUG Worker-13 <!--- delegate --->
15-07-2026 00:22:05,659 DEBUG Worker-15 <!--- delegate --->
15-07-2026 00:22:05,864 DEBUG Worker-14 <!--- delegate --->
15-07-2026 00:22:05,864 DEBUG Worker-13 <!--- delegate --->
15-07-2026 00:22:05,943 DEBUG Worker-15 <!--- delegate --->
15-07-2026 00:22:06,055 DEBUG Worker-14 <!--- delegate --->
15-07-2026 00:22:06,085 DEBUG Worker-11 <!--- delegate --->
15-07-2026 00:22:06,244 DEBUG Worker-14 <!--- delegate --->
15-07-2026 00:22:06,962 DEBUG Worker-11 <!--- delegate --->
15-07-2026 00:22:10,624 DEBUG Worker-14 <!--- delegate --->
15-07-2026 00:22:14,054 DEBUG Worker-15 <!--- delegate --->
15-07-2026 00:22:15,874 DEBUG Worker-14 <!--- delegate --->
15-07-2026 00:22:15,913 DEBUG Worker-11 <!--- delegate --->
15-07-2026 00:22:16,019 DEBUG Worker-14 <!--- trade created --->
15-07-2026 00:22:16,998 DEBUG Worker-14 <!--- trade inited --->
15-07-2026 00:22:18,707 DEBUG Worker-11 <!--- delegate --->
15-07-2026 00:22:20,565 DEBUG Worker-13 <!--- delegate --->
15-07-2026 00:22:20,769 DEBUG Worker-15 <!--- delegate --->
15-07-2026 00:22:20,851 DEBUG Worker-16 <!--- delegate --->
15-07-2026 00:22:20,939 DEBUG Worker-14 <!--- delegate --->
15-07-2026 00:22:21,688 DEBUG Worker-11 <!--- delegate --->
15-07-2026 00:22:22,573 DEBUG Worker-11 <!--- delegate --->
15-07-2026 00:22:22,573 DEBUG Worker-13 <!--- delegate --->
15-07-2026 00:22:22,736 DEBUG Worker-13 <!--- trade created --->
15-07-2026 00:22:23,064 ERROR IssueWorker.32 <!--- 操作设备msf失败, 参数:read,2 --->
java.io.IOException: 0018 终端没有配置MSF类型的外设
	at cn.com.agree.ab.gui.device.MsfDeviceDelegate.delegateCallDevice(MsfDeviceDelegate.java:48)
	at cn.com.agree.ab.gui.DeviceUtil.call(DeviceUtil.java:77)
	at cn.com.agree.ab.gui.GuiTradeIssueListener.callDevice(GuiTradeIssueListener.java:170)
	at cn.com.agree.ab.trade.TradeServiceMarshaller.delegateCallDevice(TradeServiceMarshaller.java:113)
	at cn.com.agree.ab.trade.client.TradeIssuer.handleIssue(TradeIssuer.java:95)
	at cn.com.agree.ab.trade.client.TradeIssuer.run(TradeIssuer.java:191)
	at java.util.concurrent.ThreadPoolExecutor$Worker.runTask(Unknown Source)
	at java.util.concurrent.ThreadPoolExecutor$Worker.run(Unknown Source)
	at java.lang.Thread.run(Unknown Source)
15-07-2026 00:22:23,217 DEBUG Worker-13 <!--- trade inited --->
15-07-2026 00:22:23,232 DEBUG Worker-14 <!--- delegate --->
15-07-2026 00:22:26,121 DEBUG Worker-13 <!--- delegate --->
15-07-2026 10:09:54,726 DEBUG Worker-4 <!--- delegate --->
15-07-2026 10:10:01,712 DEBUG Worker-4 <!--- trade created --->
15-07-2026 10:10:04,627 ERROR IssueWorker.1 <!--- 操作设备msf失败, 参数:read,2 --->
java.io.IOException: 0018 终端没有配置MSF类型的外设
	at cn.com.agree.ab.gui.device.MsfDeviceDelegate.delegateCallDevice(MsfDeviceDelegate.java:48)
	at cn.com.agree.ab.gui.DeviceUtil.call(DeviceUtil.java:77)
	at cn.com.agree.ab.gui.GuiTradeIssueListener.callDevice(GuiTradeIssueListener.java:170)
	at cn.com.agree.ab.trade.TradeServiceMarshaller.delegateCallDevice(TradeServiceMarshaller.java:113)
	at cn.com.agree.ab.trade.client.TradeIssuer.handleIssue(TradeIssuer.java:95)
	at cn.com.agree.ab.trade.client.TradeIssuer.run(TradeIssuer.java:191)
	at java.util.concurrent.ThreadPoolExecutor$Worker.runTask(Unknown Source)
	at java.util.concurrent.ThreadPoolExecutor$Worker.run(Unknown Source)
	at java.lang.Thread.run(Unknown Source)
15-07-2026 10:10:04,777 DEBUG Worker-4 <!--- trade inited --->
15-07-2026 10:10:04,780 DEBUG Worker-5 <!--- delegate --->
15-07-2026 10:10:24,343 DEBUG Worker-1 <!--- delegate --->
15-07-2026 10:10:26,778 DEBUG Worker-4 <!--- delegate --->
15-07-2026 10:10:30,502 DEBUG Worker-2 <!--- delegate --->
15-07-2026 10:10:30,502 DEBUG Worker-1 <!--- delegate --->
15-07-2026 10:10:30,686 DEBUG Worker-1 <!--- trade created --->
15-07-2026 10:10:31,626 DEBUG Worker-1 <!--- trade inited --->
15-07-2026 10:11:08,578 DEBUG Worker-4 <!--- delegate --->
15-07-2026 10:11:49,019 DEBUG Worker-1 <!--- delegate --->
15-07-2026 10:11:49,748 DEBUG Worker-3 <!--- delegate --->
15-07-2026 10:11:49,832 DEBUG Worker-3 <!--- trade created --->
15-07-2026 10:11:49,943 DEBUG Worker-3 <!--- trade inited --->
15-07-2026 14:49:23,803 DEBUG Worker-5 <!--- delegate --->
15-07-2026 14:49:39,478 DEBUG Worker-0 <!--- delegate --->
15-07-2026 14:49:47,412 DEBUG Worker-3 <!--- delegate --->
15-07-2026 14:49:50,757 DEBUG Worker-3 <!--- trade created --->
15-07-2026 14:49:52,148 ERROR IssueWorker.2 <!--- 操作设备msf失败, 参数:read,2 --->
java.io.IOException: 0018 终端没有配置MSF类型的外设
	at cn.com.agree.ab.gui.device.MsfDeviceDelegate.delegateCallDevice(MsfDeviceDelegate.java:48)
	at cn.com.agree.ab.gui.DeviceUtil.call(DeviceUtil.java:77)
	at cn.com.agree.ab.gui.GuiTradeIssueListener.callDevice(GuiTradeIssueListener.java:170)
	at cn.com.agree.ab.trade.TradeServiceMarshaller.delegateCallDevice(TradeServiceMarshaller.java:113)
	at cn.com.agree.ab.trade.client.TradeIssuer.handleIssue(TradeIssuer.java:95)
	at cn.com.agree.ab.trade.client.TradeIssuer.run(TradeIssuer.java:191)
	at java.util.concurrent.ThreadPoolExecutor$Worker.runTask(Unknown Source)
	at java.util.concurrent.ThreadPoolExecutor$Worker.run(Unknown Source)
	at java.lang.Thread.run(Unknown Source)
15-07-2026 14:49:52,304 DEBUG Worker-3 <!--- trade inited --->
15-07-2026 14:49:52,319 DEBUG Worker-4 <!--- delegate --->
15-07-2026 14:49:55,762 DEBUG Worker-5 <!--- delegate --->
15-07-2026 14:49:59,240 DEBUG Worker-5 <!--- delegate --->
15-07-2026 14:50:01,799 DEBUG Worker-5 <!--- delegate --->
15-07-2026 14:50:04,309 DEBUG Worker-1 <!--- delegate --->
15-07-2026 14:50:08,575 DEBUG Worker-1 <!--- delegate --->
15-07-2026 14:50:08,575 DEBUG Worker-5 <!--- delegate --->
15-07-2026 14:50:08,791 DEBUG Worker-5 <!--- trade created --->
15-07-2026 14:50:09,110 DEBUG Worker-5 <!--- trade inited --->
15-07-2026 14:50:44,848 DEBUG Worker-5 <!--- delegate --->
15-07-2026 14:51:25,248 DEBUG Worker-2 <!--- delegate --->
15-07-2026 14:51:26,636 DEBUG Worker-4 <!--- delegate --->
15-07-2026 14:51:27,060 DEBUG Worker-1 <!--- delegate --->
15-07-2026 14:51:27,500 DEBUG Worker-1 <!--- trade created --->
15-07-2026 14:51:27,772 ERROR IssueWorker.4 <!--- 操作设备msf失败, 参数:read,2 --->
java.io.IOException: 0018 终端没有配置MSF类型的外设
	at cn.com.agree.ab.gui.device.MsfDeviceDelegate.delegateCallDevice(MsfDeviceDelegate.java:48)
	at cn.com.agree.ab.gui.DeviceUtil.call(DeviceUtil.java:77)
	at cn.com.agree.ab.gui.GuiTradeIssueListener.callDevice(GuiTradeIssueListener.java:170)
	at cn.com.agree.ab.trade.TradeServiceMarshaller.delegateCallDevice(TradeServiceMarshaller.java:113)
	at cn.com.agree.ab.trade.client.TradeIssuer.handleIssue(TradeIssuer.java:95)
	at cn.com.agree.ab.trade.client.TradeIssuer.run(TradeIssuer.java:191)
	at java.util.concurrent.ThreadPoolExecutor$Worker.runTask(Unknown Source)
	at java.util.concurrent.ThreadPoolExecutor$Worker.run(Unknown Source)
	at java.lang.Thread.run(Unknown Source)
15-07-2026 14:51:27,928 DEBUG Worker-1 <!--- trade inited --->
15-07-2026 14:51:27,939 DEBUG Worker-4 <!--- delegate --->
15-07-2026 14:51:30,824 DEBUG Worker-6 <!--- delegate --->
15-07-2026 14:51:32,873 DEBUG Worker-5 <!--- delegate --->
15-07-2026 14:51:33,261 DEBUG Worker-6 <!--- delegate --->
15-07-2026 14:51:48,291 DEBUG Worker-5 <!--- delegate --->
15-07-2026 14:51:48,421 DEBUG Worker-3 <!--- delegate --->
15-07-2026 14:51:48,521 DEBUG Worker-5 <!--- delegate --->
15-07-2026 14:51:48,610 DEBUG Worker-4 <!--- delegate --->
15-07-2026 14:51:49,082 DEBUG Worker-1 <!--- delegate --->
15-07-2026 14:51:49,875 DEBUG Worker-5 <!--- delegate --->
15-07-2026 14:51:49,875 DEBUG Worker-3 <!--- delegate --->
15-07-2026 14:51:50,028 DEBUG Worker-3 <!--- trade created --->
15-07-2026 14:51:50,384 ERROR IssueWorker.4 <!--- 操作设备msf失败, 参数:read,2 --->
java.io.IOException: 0018 终端没有配置MSF类型的外设
	at cn.com.agree.ab.gui.device.MsfDeviceDelegate.delegateCallDevice(MsfDeviceDelegate.java:48)
	at cn.com.agree.ab.gui.DeviceUtil.call(DeviceUtil.java:77)
	at cn.com.agree.ab.gui.GuiTradeIssueListener.callDevice(GuiTradeIssueListener.java:170)
	at cn.com.agree.ab.trade.TradeServiceMarshaller.delegateCallDevice(TradeServiceMarshaller.java:113)
	at cn.com.agree.ab.trade.client.TradeIssuer.handleIssue(TradeIssuer.java:95)
	at cn.com.agree.ab.trade.client.TradeIssuer.run(TradeIssuer.java:191)
	at java.util.concurrent.ThreadPoolExecutor$Worker.runTask(Unknown Source)
	at java.util.concurrent.ThreadPoolExecutor$Worker.run(Unknown Source)
	at java.lang.Thread.run(Unknown Source)
15-07-2026 14:51:50,542 DEBUG Worker-3 <!--- trade inited --->
15-07-2026 14:51:50,547 DEBUG Worker-5 <!--- delegate --->
15-07-2026 14:52:05,876 DEBUG Worker-4 <!--- delegate --->
15-07-2026 14:52:14,175 DEBUG Worker-2 <!--- delegate --->
15-07-2026 14:52:17,477 DEBUG Worker-2 <!--- trade created --->
15-07-2026 14:52:18,846 ERROR IssueWorker.1 <!--- 操作设备msf失败, 参数:read,2 --->
java.io.IOException: 0018 终端没有配置MSF类型的外设
	at cn.com.agree.ab.gui.device.MsfDeviceDelegate.delegateCallDevice(MsfDeviceDelegate.java:48)
	at cn.com.agree.ab.gui.DeviceUtil.call(DeviceUtil.java:77)
	at cn.com.agree.ab.gui.GuiTradeIssueListener.callDevice(GuiTradeIssueListener.java:170)
	at cn.com.agree.ab.trade.TradeServiceMarshaller.delegateCallDevice(TradeServiceMarshaller.java:113)
	at cn.com.agree.ab.trade.client.TradeIssuer.handleIssue(TradeIssuer.java:95)
	at cn.com.agree.ab.trade.client.TradeIssuer.run(TradeIssuer.java:191)
	at java.util.concurrent.ThreadPoolExecutor$Worker.runTask(Unknown Source)
	at java.util.concurrent.ThreadPoolExecutor$Worker.run(Unknown Source)
	at java.lang.Thread.run(Unknown Source)
15-07-2026 14:52:19,005 DEBUG Worker-2 <!--- trade inited --->
15-07-2026 14:52:19,010 DEBUG Worker-1 <!--- delegate --->
15-07-2026 14:52:23,276 DEBUG Worker-0 <!--- delegate --->
15-07-2026 14:52:25,537 DEBUG Worker-1 <!--- delegate --->
15-07-2026 14:52:30,869 DEBUG Worker-2 <!--- delegate --->
15-07-2026 14:52:30,869 DEBUG Worker-0 <!--- delegate --->
15-07-2026 14:52:31,505 DEBUG Worker-2 <!--- trade created --->
15-07-2026 14:52:33,235 DEBUG Worker-2 <!--- trade inited --->
15-07-2026 14:53:33,517 DEBUG Worker-5 <!--- delegate --->
15-07-2026 14:53:37,531 DEBUG Worker-1 <!--- delegate --->
15-07-2026 14:53:50,941 DEBUG Worker-1 <!--- delegate --->
15-07-2026 14:53:53,000 DEBUG Worker-0 <!--- delegate --->
15-07-2026 14:53:54,832 DEBUG Worker-3 <!--- delegate --->
15-07-2026 14:53:54,941 DEBUG Worker-3 <!--- trade created --->
15-07-2026 14:53:55,270 DEBUG Worker-3 <!--- trade inited --->
15-07-2026 17:31:36,332 DEBUG Worker-3 <!--- delegate --->
15-07-2026 17:31:50,492 DEBUG Worker-6 <!--- delegate --->
15-07-2026 17:32:11,158 DEBUG Worker-3 <!--- delegate --->
16-07-2026 09:11:57,591 DEBUG Worker-5 <!--- delegate --->
16-07-2026 09:12:04,066 DEBUG Worker-5 <!--- trade created --->
16-07-2026 09:12:07,302 ERROR IssueWorker.1 <!--- 操作设备msf失败, 参数:read,2 --->
java.io.IOException: 0018 终端没有配置MSF类型的外设
	at cn.com.agree.ab.gui.device.MsfDeviceDelegate.delegateCallDevice(MsfDeviceDelegate.java:48)
	at cn.com.agree.ab.gui.DeviceUtil.call(DeviceUtil.java:77)
	at cn.com.agree.ab.gui.GuiTradeIssueListener.callDevice(GuiTradeIssueListener.java:170)
	at cn.com.agree.ab.trade.TradeServiceMarshaller.delegateCallDevice(TradeServiceMarshaller.java:113)
	at cn.com.agree.ab.trade.client.TradeIssuer.handleIssue(TradeIssuer.java:95)
	at cn.com.agree.ab.trade.client.TradeIssuer.run(TradeIssuer.java:191)
	at java.util.concurrent.ThreadPoolExecutor$Worker.runTask(Unknown Source)
	at java.util.concurrent.ThreadPoolExecutor$Worker.run(Unknown Source)
	at java.lang.Thread.run(Unknown Source)
16-07-2026 09:12:07,491 DEBUG Worker-5 <!--- trade inited --->
16-07-2026 09:12:07,503 DEBUG Worker-1 <!--- delegate --->
16-07-2026 09:12:14,481 DEBUG Worker-5 <!--- delegate --->
16-07-2026 09:12:17,452 DEBUG Worker-5 <!--- delegate --->
16-07-2026 09:12:19,804 DEBUG Worker-3 <!--- delegate --->
16-07-2026 09:12:21,948 DEBUG Worker-3 <!--- delegate --->
16-07-2026 09:12:25,201 DEBUG Worker-2 <!--- delegate --->
16-07-2026 09:12:30,514 DEBUG Worker-4 <!--- delegate --->
16-07-2026 09:12:34,505 DEBUG Worker-4 <!--- delegate --->
16-07-2026 09:12:34,505 DEBUG Worker-3 <!--- delegate --->
16-07-2026 09:12:34,726 DEBUG Worker-4 <!--- trade created --->
16-07-2026 09:12:35,080 DEBUG Worker-4 <!--- trade inited --->
16-07-2026 09:12:37,568 DEBUG Worker-2 <!--- delegate --->
16-07-2026 09:12:38,988 DEBUG Worker-5 <!--- delegate --->
16-07-2026 09:12:39,577 DEBUG Worker-3 <!--- delegate --->
16-07-2026 09:12:40,137 DEBUG Worker-5 <!--- delegate --->
16-07-2026 09:12:40,555 DEBUG Worker-1 <!--- delegate --->
16-07-2026 09:12:40,645 DEBUG Worker-1 <!--- trade created --->
16-07-2026 09:12:40,962 ERROR IssueWorker.1 <!--- 操作设备msf失败, 参数:read,2 --->
java.io.IOException: 0018 终端没有配置MSF类型的外设
	at cn.com.agree.ab.gui.device.MsfDeviceDelegate.delegateCallDevice(MsfDeviceDelegate.java:48)
	at cn.com.agree.ab.gui.DeviceUtil.call(DeviceUtil.java:77)
	at cn.com.agree.ab.gui.GuiTradeIssueListener.callDevice(GuiTradeIssueListener.java:170)
	at cn.com.agree.ab.trade.TradeServiceMarshaller.delegateCallDevice(TradeServiceMarshaller.java:113)
	at cn.com.agree.ab.trade.client.TradeIssuer.handleIssue(TradeIssuer.java:95)
	at cn.com.agree.ab.trade.client.TradeIssuer.run(TradeIssuer.java:191)
	at java.util.concurrent.ThreadPoolExecutor$Worker.runTask(Unknown Source)
	at java.util.concurrent.ThreadPoolExecutor$Worker.run(Unknown Source)
	at java.lang.Thread.run(Unknown Source)
16-07-2026 09:12:41,104 DEBUG Worker-1 <!--- trade inited --->
16-07-2026 09:12:41,117 DEBUG Worker-2 <!--- delegate --->
16-07-2026 09:12:43,560 DEBUG Worker-2 <!--- delegate --->
16-07-2026 09:12:45,313 DEBUG Worker-5 <!--- delegate --->
16-07-2026 09:12:45,577 DEBUG Worker-4 <!--- delegate --->
16-07-2026 09:12:49,772 DEBUG Worker-2 <!--- delegate --->
16-07-2026 09:12:51,979 DEBUG Worker-3 <!--- delegate --->
16-07-2026 09:12:52,096 DEBUG Worker-2 <!--- delegate --->
16-07-2026 09:12:52,169 DEBUG Worker-3 <!--- delegate --->
16-07-2026 09:12:52,277 DEBUG Worker-4 <!--- delegate --->
16-07-2026 09:12:52,568 DEBUG Worker-5 <!--- delegate --->
16-07-2026 09:12:52,967 DEBUG Worker-4 <!--- delegate --->
16-07-2026 09:12:52,967 DEBUG Worker-3 <!--- delegate --->
16-07-2026 09:12:53,476 DEBUG Worker-3 <!--- trade created --->
16-07-2026 09:12:53,770 ERROR IssueWorker.2 <!--- 操作设备msf失败, 参数:read,2 --->
java.io.IOException: 0018 终端没有配置MSF类型的外设
	at cn.com.agree.ab.gui.device.MsfDeviceDelegate.delegateCallDevice(MsfDeviceDelegate.java:48)
	at cn.com.agree.ab.gui.DeviceUtil.call(DeviceUtil.java:77)
	at cn.com.agree.ab.gui.GuiTradeIssueListener.callDevice(GuiTradeIssueListener.java:170)
	at cn.com.agree.ab.trade.TradeServiceMarshaller.delegateCallDevice(TradeServiceMarshaller.java:113)
	at cn.com.agree.ab.trade.client.TradeIssuer.handleIssue(TradeIssuer.java:95)
	at cn.com.agree.ab.trade.client.TradeIssuer.run(TradeIssuer.java:191)
	at java.util.concurrent.ThreadPoolExecutor$Worker.runTask(Unknown Source)
	at java.util.concurrent.ThreadPoolExecutor$Worker.run(Unknown Source)
	at java.lang.Thread.run(Unknown Source)
16-07-2026 09:12:53,917 DEBUG Worker-3 <!--- trade inited --->
16-07-2026 09:12:53,925 DEBUG Worker-4 <!--- delegate --->
16-07-2026 09:12:57,339 DEBUG Worker-2 <!--- delegate --->
16-07-2026 09:13:53,877 DEBUG Worker-4 <!--- delegate --->
16-07-2026 09:13:56,245 DEBUG Worker-2 <!--- delegate --->
16-07-2026 09:13:56,246 DEBUG Worker-5 <!--- delegate --->
16-07-2026 09:13:56,517 DEBUG Worker-5 <!--- trade created --->
16-07-2026 09:13:57,622 DEBUG Worker-5 <!--- trade inited --->
16-07-2026 09:14:00,108 DEBUG Worker-1 <!--- delegate --->
16-07-2026 09:14:03,287 DEBUG Worker-3 <!--- delegate --->
16-07-2026 09:14:04,018 DEBUG Worker-3 <!--- delegate --->
16-07-2026 09:14:04,998 DEBUG Worker-3 <!--- delegate --->
16-07-2026 09:14:06,402 DEBUG Worker-5 <!--- delegate --->
16-07-2026 09:14:06,510 DEBUG Worker-5 <!--- trade created --->
16-07-2026 09:14:06,755 DEBUG Worker-5 <!--- trade inited --->
16-07-2026 09:14:18,245 DEBUG Worker-3 <!--- delegate --->
16-07-2026 09:14:18,319 DEBUG Worker-2 <!--- delegate --->
16-07-2026 09:14:18,399 DEBUG Worker-3 <!--- delegate --->
16-07-2026 09:14:21,264 DEBUG Worker-1 <!--- delegate --->
16-07-2026 09:14:22,061 DEBUG Worker-3 <!--- delegate --->
16-07-2026 09:14:24,569 DEBUG Worker-5 <!--- delegate --->
16-07-2026 09:14:26,647 DEBUG Worker-2 <!--- delegate --->
16-07-2026 09:14:26,821 DEBUG Worker-2 <!--- trade created --->
16-07-2026 09:14:27,873 DEBUG Worker-2 <!--- trade inited --->
16-07-2026 11:15:41,477 DEBUG Worker-2 <!--- delegate --->
16-07-2026 11:15:44,267 DEBUG Worker-2 <!--- delegate --->
16-07-2026 11:15:44,570 DEBUG Worker-1 <!--- delegate --->
16-07-2026 11:15:44,644 DEBUG Worker-5 <!--- delegate --->
16-07-2026 11:15:44,758 DEBUG Worker-2 <!--- delegate --->
16-07-2026 11:15:45,429 DEBUG Worker-1 <!--- delegate --->
16-07-2026 11:15:46,059 DEBUG Worker-6 <!--- delegate --->
16-07-2026 11:15:46,060 DEBUG Worker-2 <!--- delegate --->
16-07-2026 11:15:46,216 DEBUG Worker-2 <!--- trade created --->
16-07-2026 11:15:46,600 ERROR IssueWorker.6 <!--- 操作设备msf失败, 参数:read,2 --->
java.io.IOException: 0018 终端没有配置MSF类型的外设
	at cn.com.agree.ab.gui.device.MsfDeviceDelegate.delegateCallDevice(MsfDeviceDelegate.java:48)
	at cn.com.agree.ab.gui.DeviceUtil.call(DeviceUtil.java:77)
	at cn.com.agree.ab.gui.GuiTradeIssueListener.callDevice(GuiTradeIssueListener.java:170)
	at cn.com.agree.ab.trade.TradeServiceMarshaller.delegateCallDevice(TradeServiceMarshaller.java:113)
	at cn.com.agree.ab.trade.client.TradeIssuer.handleIssue(TradeIssuer.java:95)
	at cn.com.agree.ab.trade.client.TradeIssuer.run(TradeIssuer.java:191)
	at java.util.concurrent.ThreadPoolExecutor$Worker.runTask(Unknown Source)
	at java.util.concurrent.ThreadPoolExecutor$Worker.run(Unknown Source)
	at java.lang.Thread.run(Unknown Source)
16-07-2026 11:15:46,795 DEBUG Worker-2 <!--- trade inited --->
16-07-2026 11:15:46,808 DEBUG Worker-6 <!--- delegate --->
16-07-2026 16:26:09,273 DEBUG Worker-2 <!--- delegate --->
16-07-2026 16:26:16,230 DEBUG Worker-7 <!--- delegate --->
16-07-2026 16:26:26,442 DEBUG Worker-2 <!--- delegate --->
16-07-2026 16:26:32,315 DEBUG Worker-2 <!--- trade created --->
16-07-2026 16:26:33,046 ERROR IssueWorker.1 <!--- 操作设备msf失败, 参数:read,2 --->
java.io.IOException: 0018 终端没有配置MSF类型的外设
	at cn.com.agree.ab.gui.device.MsfDeviceDelegate.delegateCallDevice(MsfDeviceDelegate.java:48)
	at cn.com.agree.ab.gui.DeviceUtil.call(DeviceUtil.java:77)
	at cn.com.agree.ab.gui.GuiTradeIssueListener.callDevice(GuiTradeIssueListener.java:170)
	at cn.com.agree.ab.trade.TradeServiceMarshaller.delegateCallDevice(TradeServiceMarshaller.java:113)
	at cn.com.agree.ab.trade.client.TradeIssuer.handleIssue(TradeIssuer.java:95)
	at cn.com.agree.ab.trade.client.TradeIssuer.run(TradeIssuer.java:191)
	at java.util.concurrent.ThreadPoolExecutor$Worker.runTask(Unknown Source)
	at java.util.concurrent.ThreadPoolExecutor$Worker.run(Unknown Source)
	at java.lang.Thread.run(Unknown Source)
16-07-2026 16:26:33,547 DEBUG Worker-2 <!--- trade inited --->
16-07-2026 16:26:33,553 DEBUG Worker-0 <!--- delegate --->
16-07-2026 16:26:36,401 DEBUG Worker-0 <!--- delegate --->
16-07-2026 16:26:40,654 DEBUG Worker-5 <!--- delegate --->
16-07-2026 16:26:44,967 DEBUG Worker-0 <!--- delegate --->
16-07-2026 16:26:44,968 DEBUG Worker-1 <!--- delegate --->
16-07-2026 16:26:45,163 DEBUG Worker-1 <!--- trade created --->
16-07-2026 16:26:46,335 DEBUG Worker-1 <!--- trade inited --->
16-07-2026 16:26:48,532 DEBUG Worker-5 <!--- delegate --->
16-07-2026 16:26:55,864 DEBUG Worker-3 <!--- delegate --->
16-07-2026 16:26:56,957 DEBUG Worker-2 <!--- delegate --->
16-07-2026 16:26:57,524 DEBUG Worker-1 <!--- delegate --->
16-07-2026 16:26:57,597 DEBUG Worker-1 <!--- trade created --->
16-07-2026 16:26:57,688 DEBUG Worker-1 <!--- trade inited --->
16-07-2026 16:27:00,358 DEBUG Worker-1 <!--- delegate --->
16-07-2026 16:27:32,827 DEBUG Worker-5 <!--- delegate --->
16-07-2026 16:27:34,470 DEBUG Worker-0 <!--- delegate --->
16-07-2026 16:27:34,550 DEBUG Worker-0 <!--- trade created --->
16-07-2026 16:27:34,808 DEBUG Worker-0 <!--- trade inited --->
16-07-2026 16:27:40,435 DEBUG Worker-2 <!--- delegate --->
16-07-2026 16:27:42,592 DEBUG Worker-2 <!--- delegate --->
16-07-2026 16:27:45,518 DEBUG Worker-2 <!--- delegate --->
16-07-2026 16:27:47,206 DEBUG Worker-2 <!--- delegate --->
16-07-2026 16:27:48,439 DEBUG Worker-5 <!--- delegate --->
16-07-2026 16:27:48,439 DEBUG Worker-0 <!--- delegate --->
16-07-2026 16:27:48,632 DEBUG Worker-0 <!--- trade created --->
16-07-2026 16:27:49,518 DEBUG Worker-0 <!--- trade inited --->
16-07-2026 16:28:07,271 DEBUG Worker-0 <!--- delegate --->
16-07-2026 16:28:07,376 DEBUG Worker-1 <!--- delegate --->
16-07-2026 16:29:08,296 DEBUG Worker-5 <!--- delegate --->
16-07-2026 16:29:08,628 DEBUG Worker-2 <!--- delegate --->
16-07-2026 16:29:08,722 DEBUG Worker-2 <!--- trade created --->
16-07-2026 16:29:08,801 DEBUG Worker-2 <!--- trade inited --->
16-07-2026 16:29:10,317 DEBUG Worker-0 <!--- delegate --->
16-07-2026 16:29:10,429 DEBUG Worker-0 <!--- delegate --->
16-07-2026 16:29:18,750 DEBUG Worker-5 <!--- delegate --->
16-07-2026 16:29:19,448 DEBUG Worker-5 <!--- delegate --->
16-07-2026 16:29:19,684 DEBUG Worker-2 <!--- delegate --->
16-07-2026 16:29:19,763 DEBUG Worker-2 <!--- trade created --->
16-07-2026 16:29:19,846 DEBUG Worker-2 <!--- trade inited --->
16-07-2026 16:29:22,378 DEBUG Worker-1 <!--- delegate --->
16-07-2026 16:29:22,525 DEBUG Worker-2 <!--- delegate --->
16-07-2026 16:29:34,218 DEBUG Worker-5 <!--- delegate --->
16-07-2026 16:29:36,294 DEBUG Worker-5 <!--- delegate --->
16-07-2026 16:29:36,499 DEBUG Worker-1 <!--- delegate --->
16-07-2026 16:29:36,571 DEBUG Worker-1 <!--- trade created --->
16-07-2026 16:29:36,649 DEBUG Worker-1 <!--- trade inited --->
16-07-2026 16:29:38,312 DEBUG Worker-1 <!--- delegate --->
16-07-2026 16:29:38,441 DEBUG Worker-3 <!--- delegate --->
16-07-2026 16:29:41,322 DEBUG Worker-1 <!--- delegate --->
16-07-2026 16:29:42,326 DEBUG Worker-1 <!--- delegate --->
16-07-2026 16:29:42,568 DEBUG Worker-0 <!--- delegate --->
16-07-2026 16:29:42,649 DEBUG Worker-0 <!--- trade created --->
16-07-2026 16:29:42,732 DEBUG Worker-0 <!--- trade inited --->
16-07-2026 16:29:44,781 DEBUG Worker-5 <!--- delegate --->
16-07-2026 16:29:44,908 DEBUG Worker-2 <!--- delegate --->
16-07-2026 16:29:45,487 DEBUG Worker-6 <!--- delegate --->
16-07-2026 16:29:45,569 DEBUG Worker-6 <!--- trade created --->
16-07-2026 16:29:45,641 DEBUG Worker-6 <!--- trade inited --->
16-07-2026 16:29:46,729 DEBUG Worker-6 <!--- delegate --->
16-07-2026 16:29:51,391 DEBUG Worker-6 <!--- delegate --->
16-07-2026 16:29:51,459 DEBUG Worker-6 <!--- trade created --->
16-07-2026 16:29:51,529 DEBUG Worker-6 <!--- trade inited --->
16-07-2026 16:29:52,150 DEBUG Worker-5 <!--- delegate --->
16-07-2026 16:29:52,277 DEBUG Worker-6 <!--- delegate --->
16-07-2026 16:29:53,911 DEBUG Worker-6 <!--- delegate --->
16-07-2026 16:29:55,132 DEBUG Worker-6 <!--- delegate --->
16-07-2026 16:29:55,375 DEBUG Worker-2 <!--- delegate --->
16-07-2026 16:29:55,469 DEBUG Worker-2 <!--- trade created --->
16-07-2026 16:29:55,546 DEBUG Worker-2 <!--- trade inited --->
16-07-2026 16:29:56,673 DEBUG Worker-1 <!--- delegate --->
16-07-2026 16:29:56,799 DEBUG Worker-5 <!--- delegate --->
16-07-2026 16:29:58,239 DEBUG Worker-1 <!--- delegate --->
16-07-2026 16:29:59,517 DEBUG Worker-1 <!--- delegate --->
16-07-2026 16:29:59,738 DEBUG Worker-6 <!--- delegate --->
16-07-2026 16:29:59,820 DEBUG Worker-6 <!--- trade created --->
16-07-2026 16:29:59,886 DEBUG Worker-6 <!--- trade inited --->
16-07-2026 16:30:01,432 DEBUG Worker-5 <!--- delegate --->
16-07-2026 16:30:01,569 DEBUG Worker-6 <!--- delegate --->
16-07-2026 16:30:02,753 DEBUG Worker-5 <!--- delegate --->
16-07-2026 16:30:04,153 DEBUG Worker-5 <!--- delegate --->
16-07-2026 16:30:04,369 DEBUG Worker-1 <!--- delegate --->
16-07-2026 16:30:04,449 DEBUG Worker-1 <!--- trade created --->
16-07-2026 16:30:04,796 DEBUG Worker-1 <!--- trade inited --->
16-07-2026 16:30:08,016 DEBUG Worker-1 <!--- delegate --->
16-07-2026 16:30:08,152 DEBUG Worker-3 <!--- delegate --->
16-07-2026 16:30:09,851 DEBUG Worker-6 <!--- delegate --->
16-07-2026 16:30:10,924 DEBUG Worker-6 <!--- delegate --->
16-07-2026 16:30:11,447 DEBUG Worker-1 <!--- delegate --->
16-07-2026 16:30:11,528 DEBUG Worker-1 <!--- trade created --->
16-07-2026 16:30:11,610 DEBUG Worker-1 <!--- trade inited --->
16-07-2026 16:30:14,185 DEBUG Worker-1 <!--- delegate --->
16-07-2026 16:30:14,297 DEBUG Worker-0 <!--- delegate --->
16-07-2026 16:30:15,861 DEBUG Worker-6 <!--- delegate --->
16-07-2026 16:30:16,849 DEBUG Worker-6 <!--- delegate --->
16-07-2026 16:30:17,055 DEBUG Worker-3 <!--- delegate --->
16-07-2026 16:30:17,140 DEBUG Worker-3 <!--- trade created --->
16-07-2026 16:30:17,224 DEBUG Worker-3 <!--- trade inited --->
16-07-2026 16:30:18,717 DEBUG Worker-0 <!--- delegate --->
16-07-2026 16:30:18,833 DEBUG Worker-1 <!--- delegate --->
16-07-2026 16:30:20,101 DEBUG Worker-5 <!--- delegate --->
16-07-2026 16:30:21,110 DEBUG Worker-5 <!--- delegate --->
16-07-2026 16:30:21,318 DEBUG Worker-2 <!--- delegate --->
16-07-2026 16:30:21,389 DEBUG Worker-2 <!--- trade created --->
16-07-2026 16:30:21,477 DEBUG Worker-2 <!--- trade inited --->
16-07-2026 16:30:23,006 DEBUG Worker-0 <!--- delegate --->
16-07-2026 16:30:23,136 DEBUG Worker-6 <!--- delegate --->
16-07-2026 16:30:24,608 DEBUG Worker-5 <!--- delegate --->
16-07-2026 16:30:33,342 DEBUG Worker-3 <!--- delegate --->
16-07-2026 16:30:35,572 DEBUG Worker-3 <!--- delegate --->
16-07-2026 16:30:35,647 DEBUG Worker-3 <!--- delegate --->
16-07-2026 16:30:35,789 ERROR IssueWorker.4 <!--- 操作设备pin失败, 参数:readOnce,, --->
java.io.IOException: 0018 终端没有配置PIN类型的外设
	at cn.com.agree.ab.gui.device.PinDeviceDelegate.delegateCallDevice(PinDeviceDelegate.java:37)
	at cn.com.agree.ab.gui.DeviceUtil.call(DeviceUtil.java:77)
	at cn.com.agree.ab.gui.GuiTradeIssueListener.callDevice(GuiTradeIssueListener.java:170)
	at cn.com.agree.ab.trade.TradeServiceMarshaller.delegateCallDevice(TradeServiceMarshaller.java:113)
	at cn.com.agree.ab.trade.client.TradeIssuer.handleIssue(TradeIssuer.java:95)
	at cn.com.agree.ab.trade.client.TradeIssuer.run(TradeIssuer.java:191)
	at java.util.concurrent.ThreadPoolExecutor$Worker.runTask(Unknown Source)
	at java.util.concurrent.ThreadPoolExecutor$Worker.run(Unknown Source)
	at java.lang.Thread.run(Unknown Source)
16-07-2026 16:30:36,162 DEBUG Worker-6 <!--- delegate --->
16-07-2026 16:30:36,236 DEBUG Worker-6 <!--- trade created --->
16-07-2026 16:30:36,307 DEBUG Worker-6 <!--- trade inited --->
16-07-2026 16:30:40,493 DEBUG Worker-5 <!--- delegate --->
16-07-2026 16:30:40,617 DEBUG Worker-0 <!--- delegate --->
16-07-2026 16:30:40,879 ERROR IssueWorker.3 <!--- 操作设备pin失败, 参数:readTwice,, --->
java.io.IOException: 0018 终端没有配置PIN类型的外设
	at cn.com.agree.ab.gui.device.PinDeviceDelegate.delegateCallDevice(PinDeviceDelegate.java:37)
	at cn.com.agree.ab.gui.DeviceUtil.call(DeviceUtil.java:77)
	at cn.com.agree.ab.gui.GuiTradeIssueListener.callDevice(GuiTradeIssueListener.java:170)
	at cn.com.agree.ab.trade.TradeServiceMarshaller.delegateCallDevice(TradeServiceMarshaller.java:113)
	at cn.com.agree.ab.trade.client.TradeIssuer.handleIssue(TradeIssuer.java:95)
	at cn.com.agree.ab.trade.client.TradeIssuer.run(TradeIssuer.java:191)
	at java.util.concurrent.ThreadPoolExecutor$Worker.runTask(Unknown Source)
	at java.util.concurrent.ThreadPoolExecutor$Worker.run(Unknown Source)
	at java.lang.Thread.run(Unknown Source)
16-07-2026 16:30:41,144 DEBUG Worker-5 <!--- delegate --->
16-07-2026 16:30:41,222 DEBUG Worker-5 <!--- trade created --->
16-07-2026 16:30:41,648 DEBUG Worker-5 <!--- trade inited --->
16-07-2026 16:30:44,163 DEBUG Worker-2 <!--- delegate --->
16-07-2026 16:30:44,286 DEBUG Worker-5 <!--- delegate --->
16-07-2026 16:30:46,180 DEBUG Worker-0 <!--- delegate --->
16-07-2026 16:31:09,665 DEBUG Worker-5 <!--- delegate --->
16-07-2026 16:31:11,043 DEBUG Worker-0 <!--- delegate --->
16-07-2026 16:31:11,343 DEBUG Worker-2 <!--- delegate --->
16-07-2026 16:31:16,163 DEBUG Worker-1 <!--- delegate --->
16-07-2026 16:31:19,711 DEBUG Worker-0 <!--- delegate --->
16-07-2026 16:31:19,783 DEBUG Worker-5 <!--- delegate --->
16-07-2026 16:31:20,896 DEBUG Worker-2 <!--- delegate --->
16-07-2026 16:31:20,966 DEBUG Worker-2 <!--- trade created --->
16-07-2026 16:31:21,514 DEBUG Worker-2 <!--- trade inited --->
16-07-2026 16:31:22,508 DEBUG Worker-1 <!--- delegate --->
16-07-2026 16:31:22,686 DEBUG Worker-2 <!--- delegate --->
16-07-2026 16:31:23,680 DEBUG Worker-0 <!--- delegate --->
16-07-2026 16:31:23,758 DEBUG Worker-0 <!--- trade created --->
16-07-2026 16:31:23,864 DEBUG Worker-0 <!--- trade inited --->
16-07-2026 16:31:25,688 DEBUG Worker-1 <!--- delegate --->
16-07-2026 16:31:25,760 DEBUG Worker-3 <!--- delegate --->
16-07-2026 16:31:25,950 DEBUG Worker-1 <!--- delegate --->
16-07-2026 16:31:49,487 DEBUG Worker-0 <!--- delegate --->
16-07-2026 16:31:49,579 DEBUG Worker-6 <!--- delegate --->
16-07-2026 16:31:49,666 DEBUG Worker-3 <!--- delegate --->
16-07-2026 16:32:18,010 DEBUG Worker-5 <!--- delegate --->
16-07-2026 16:32:19,052 DEBUG Worker-2 <!--- delegate --->
16-07-2026 16:32:19,145 DEBUG Worker-2 <!--- trade created --->
16-07-2026 16:32:19,846 DEBUG Worker-2 <!--- trade inited --->
16-07-2026 16:32:35,976 DEBUG Worker-2 <!--- delegate --->
16-07-2026 16:32:37,152 DEBUG Worker-0 <!--- delegate --->
16-07-2026 16:32:37,651 DEBUG Worker-0 <!--- trade created --->
16-07-2026 16:32:37,801 DEBUG Worker-0 <!--- trade inited --->
16-07-2026 16:32:37,817 DEBUG Worker-3 <!--- delegate --->
16-07-2026 16:32:38,072 DEBUG Worker-0 <!--- delegate --->
16-07-2026 16:32:38,150 DEBUG Worker-0 <!--- trade created --->
16-07-2026 16:32:38,226 DEBUG Worker-0 <!--- trade inited --->
16-07-2026 16:32:39,495 DEBUG Worker-5 <!--- delegate --->
16-07-2026 16:32:39,611 DEBUG Worker-0 <!--- delegate --->
16-07-2026 16:32:40,176 DEBUG Worker-2 <!--- delegate --->
16-07-2026 16:32:42,890 DEBUG Worker-5 <!--- delegate --->
16-07-2026 16:32:44,797 DEBUG Worker-0 <!--- delegate --->
16-07-2026 16:32:45,113 DEBUG Worker-3 <!--- delegate --->
16-07-2026 16:32:45,180 DEBUG Worker-3 <!--- trade created --->
16-07-2026 16:32:45,246 DEBUG Worker-3 <!--- trade inited --->
16-07-2026 16:32:45,258 DEBUG Worker-2 <!--- delegate --->
16-07-2026 16:33:09,901 DEBUG Worker-5 <!--- delegate --->
16-07-2026 16:33:13,444 DEBUG Worker-1 <!--- delegate --->
16-07-2026 16:33:14,107 DEBUG Worker-2 <!--- delegate --->
16-07-2026 16:33:14,245 DEBUG Worker-2 <!--- trade created --->
16-07-2026 16:33:14,371 DEBUG Worker-2 <!--- trade inited --->
16-07-2026 16:33:14,382 DEBUG Worker-1 <!--- delegate --->
16-07-2026 16:33:14,662 DEBUG Worker-3 <!--- delegate --->
16-07-2026 16:33:14,744 DEBUG Worker-3 <!--- trade created --->
16-07-2026 16:33:14,832 DEBUG Worker-3 <!--- trade inited --->
16-07-2026 16:33:15,104 DEBUG Worker-5 <!--- delegate --->
16-07-2026 16:33:15,210 DEBUG Worker-3 <!--- delegate --->
16-07-2026 16:33:15,304 DEBUG Worker-5 <!--- delegate --->
16-07-2026 16:33:16,800 DEBUG Worker-5 <!--- delegate --->
16-07-2026 16:33:17,042 DEBUG Worker-2 <!--- delegate --->
16-07-2026 16:33:17,128 DEBUG Worker-3 <!--- delegate --->
16-07-2026 16:33:17,220 DEBUG Worker-1 <!--- delegate --->
16-07-2026 16:33:18,425 DEBUG Worker-5 <!--- delegate --->
16-07-2026 16:33:18,805 DEBUG Worker-3 <!--- delegate --->
16-07-2026 16:33:18,888 DEBUG Worker-3 <!--- trade created --->
16-07-2026 16:33:19,009 DEBUG Worker-3 <!--- trade inited --->
16-07-2026 16:33:19,017 DEBUG Worker-2 <!--- delegate --->
16-07-2026 16:33:19,252 DEBUG Worker-5 <!--- delegate --->
16-07-2026 16:33:19,341 DEBUG Worker-5 <!--- trade created --->
16-07-2026 16:33:19,774 DEBUG Worker-5 <!--- trade inited --->
16-07-2026 16:33:20,794 DEBUG Worker-6 <!--- delegate --->
16-07-2026 16:33:20,922 DEBUG Worker-3 <!--- delegate --->
16-07-2026 16:33:21,749 DEBUG Worker-1 <!--- delegate --->
16-07-2026 16:33:26,039 DEBUG Worker-6 <!--- delegate --->
16-07-2026 16:33:27,460 DEBUG Worker-1 <!--- delegate --->
16-07-2026 16:33:27,732 DEBUG Worker-5 <!--- delegate --->
16-07-2026 16:33:27,809 DEBUG Worker-5 <!--- trade created --->
16-07-2026 16:33:27,887 DEBUG Worker-5 <!--- trade inited --->
16-07-2026 16:33:27,894 DEBUG Worker-2 <!--- delegate --->
16-07-2026 16:33:30,371 DEBUG Worker-6 <!--- delegate --->
16-07-2026 16:33:30,515 ERROR IssueWorker.10 <!--- 操作设备msf失败, 参数:read,2 --->
java.io.IOException: 0018 终端没有配置MSF类型的外设
	at cn.com.agree.ab.gui.device.MsfDeviceDelegate.delegateCallDevice(MsfDeviceDelegate.java:48)
	at cn.com.agree.ab.gui.DeviceUtil.call(DeviceUtil.java:77)
	at cn.com.agree.ab.gui.GuiTradeIssueListener.callDevice(GuiTradeIssueListener.java:170)
	at cn.com.agree.ab.trade.TradeServiceMarshaller.delegateCallDevice(TradeServiceMarshaller.java:113)
	at cn.com.agree.ab.trade.client.TradeIssuer.handleIssue(TradeIssuer.java:95)
	at cn.com.agree.ab.trade.client.TradeIssuer.run(TradeIssuer.java:191)
	at java.util.concurrent.ThreadPoolExecutor$Worker.runTask(Unknown Source)
	at java.util.concurrent.ThreadPoolExecutor$Worker.run(Unknown Source)
	at java.lang.Thread.run(Unknown Source)
16-07-2026 16:33:32,406 DEBUG Worker-6 <!--- delegate --->
16-07-2026 16:33:35,900 DEBUG Worker-2 <!--- delegate --->
16-07-2026 16:33:37,793 DEBUG Worker-2 <!--- delegate --->
16-07-2026 16:33:38,415 DEBUG Worker-5 <!--- delegate --->
16-07-2026 16:33:38,571 DEBUG Worker-6 <!--- delegate --->
16-07-2026 16:52:10,725 DEBUG Worker-5 <!--- delegate --->
16-07-2026 16:52:10,823 DEBUG Worker-6 <!--- delegate --->
16-07-2026 16:52:10,932 DEBUG Worker-2 <!--- delegate --->
16-07-2026 16:52:11,734 DEBUG Worker-6 <!--- delegate --->
16-07-2026 16:52:12,107 DEBUG Worker-3 <!--- delegate --->
16-07-2026 16:52:12,185 DEBUG Worker-3 <!--- trade created --->
16-07-2026 16:52:12,309 DEBUG Worker-3 <!--- trade inited --->
16-07-2026 16:52:12,318 DEBUG Worker-1 <!--- delegate --->
16-07-2026 16:52:12,555 DEBUG Worker-2 <!--- delegate --->
16-07-2026 16:52:13,008 DEBUG Worker-2 <!--- trade created --->
16-07-2026 16:52:13,491 DEBUG Worker-2 <!--- trade inited --->
16-07-2026 16:52:14,720 DEBUG Worker-3 <!--- delegate --->
16-07-2026 16:52:14,840 DEBUG Worker-6 <!--- delegate --->
16-07-2026 16:52:15,492 DEBUG Worker-1 <!--- delegate --->
16-07-2026 16:52:18,159 DEBUG Worker-1 <!--- delegate --->
16-07-2026 16:52:19,627 DEBUG Worker-5 <!--- delegate --->
16-07-2026 16:52:19,913 DEBUG Worker-2 <!--- delegate --->
16-07-2026 16:52:19,998 DEBUG Worker-2 <!--- trade created --->
16-07-2026 16:52:20,078 DEBUG Worker-2 <!--- trade inited --->
16-07-2026 16:52:20,091 DEBUG Worker-1 <!--- delegate --->
16-07-2026 16:52:21,503 DEBUG Worker-1 <!--- delegate --->
16-07-2026 16:52:22,362 ERROR IssueWorker.14 <!--- 操作设备msf失败, 参数:read,2 --->
java.io.IOException: 0018 终端没有配置MSF类型的外设
	at cn.com.agree.ab.gui.device.MsfDeviceDelegate.delegateCallDevice(MsfDeviceDelegate.java:48)
	at cn.com.agree.ab.gui.DeviceUtil.call(DeviceUtil.java:77)
	at cn.com.agree.ab.gui.GuiTradeIssueListener.callDevice(GuiTradeIssueListener.java:170)
	at cn.com.agree.ab.trade.TradeServiceMarshaller.delegateCallDevice(TradeServiceMarshaller.java:113)
	at cn.com.agree.ab.trade.client.TradeIssuer.handleIssue(TradeIssuer.java:95)
	at cn.com.agree.ab.trade.client.TradeIssuer.run(TradeIssuer.java:191)
	at java.util.concurrent.ThreadPoolExecutor$Worker.runTask(Unknown Source)
	at java.util.concurrent.ThreadPoolExecutor$Worker.run(Unknown Source)
	at java.lang.Thread.run(Unknown Source)
16-07-2026 16:52:23,411 DEBUG Worker-1 <!--- delegate --->
16-07-2026 16:52:26,164 DEBUG Worker-6 <!--- delegate --->
16-07-2026 16:52:29,103 DEBUG Worker-6 <!--- delegate --->
16-07-2026 16:52:29,818 DEBUG Worker-6 <!--- delegate --->
16-07-2026 16:52:29,961 DEBUG Worker-1 <!--- delegate --->
16-07-2026 22:54:42,937 DEBUG Worker-3 <!--- delegate --->
16-07-2026 22:54:44,908 DEBUG Worker-9 <!--- delegate --->
16-07-2026 22:54:48,173 DEBUG Worker-4 <!--- delegate --->
16-07-2026 22:54:48,173 DEBUG Worker-7 <!--- delegate --->
16-07-2026 22:54:48,173 DEBUG Worker-6 <!--- delegate --->
17-07-2026 15:37:19,294 DEBUG Worker-1 <!--- delegate --->
17-07-2026 15:37:25,424 DEBUG Worker-1 <!--- trade created --->
17-07-2026 15:37:26,485 ERROR IssueWorker.1 <!--- 操作设备msf失败, 参数:read,2 --->
java.io.IOException: 0018 终端没有配置MSF类型的外设
	at cn.com.agree.ab.gui.device.MsfDeviceDelegate.delegateCallDevice(MsfDeviceDelegate.java:48)
	at cn.com.agree.ab.gui.DeviceUtil.call(DeviceUtil.java:77)
	at cn.com.agree.ab.gui.GuiTradeIssueListener.callDevice(GuiTradeIssueListener.java:170)
	at cn.com.agree.ab.trade.TradeServiceMarshaller.delegateCallDevice(TradeServiceMarshaller.java:113)
	at cn.com.agree.ab.trade.client.TradeIssuer.handleIssue(TradeIssuer.java:95)
	at cn.com.agree.ab.trade.client.TradeIssuer.run(TradeIssuer.java:191)
	at java.util.concurrent.ThreadPoolExecutor$Worker.runTask(Unknown Source)
	at java.util.concurrent.ThreadPoolExecutor$Worker.run(Unknown Source)
	at java.lang.Thread.run(Unknown Source)
17-07-2026 15:37:26,653 DEBUG Worker-1 <!--- trade inited --->
17-07-2026 15:37:26,667 DEBUG Worker-5 <!--- delegate --->
17-07-2026 15:54:38,580 DEBUG Worker-2 <!--- delegate --->
17-07-2026 15:54:40,614 DEBUG Worker-2 <!--- delegate --->
17-07-2026 15:54:42,736 DEBUG Worker-4 <!--- delegate --->
17-07-2026 15:54:44,835 DEBUG Worker-5 <!--- delegate --->
17-07-2026 15:54:48,443 DEBUG Worker-2 <!--- delegate --->
17-07-2026 15:54:48,443 DEBUG Worker-4 <!--- delegate --->
17-07-2026 15:54:48,623 DEBUG Worker-4 <!--- trade created --->
17-07-2026 15:54:48,812 DEBUG Worker-4 <!--- trade inited --->
17-07-2026 15:54:51,522 DEBUG Worker-2 <!--- delegate --->
17-07-2026 15:54:54,955 DEBUG Worker-5 <!--- delegate --->
17-07-2026 15:54:57,193 DEBUG Worker-5 <!--- delegate --->
17-07-2026 15:54:57,692 DEBUG Worker-1 <!--- delegate --->
17-07-2026 15:54:58,327 DEBUG Worker-4 <!--- delegate --->
17-07-2026 15:54:58,740 DEBUG Worker-3 <!--- delegate --->
17-07-2026 15:54:58,818 DEBUG Worker-3 <!--- trade created --->
17-07-2026 15:54:59,103 ERROR IssueWorker.4 <!--- 操作设备msf失败, 参数:read,2 --->
java.io.IOException: 0018 终端没有配置MSF类型的外设
	at cn.com.agree.ab.gui.device.MsfDeviceDelegate.delegateCallDevice(MsfDeviceDelegate.java:48)
	at cn.com.agree.ab.gui.DeviceUtil.call(DeviceUtil.java:77)
	at cn.com.agree.ab.gui.GuiTradeIssueListener.callDevice(GuiTradeIssueListener.java:170)
	at cn.com.agree.ab.trade.TradeServiceMarshaller.delegateCallDevice(TradeServiceMarshaller.java:113)
	at cn.com.agree.ab.trade.client.TradeIssuer.handleIssue(TradeIssuer.java:95)
	at cn.com.agree.ab.trade.client.TradeIssuer.run(TradeIssuer.java:191)
	at java.util.concurrent.ThreadPoolExecutor$Worker.runTask(Unknown Source)
	at java.util.concurrent.ThreadPoolExecutor$Worker.run(Unknown Source)
	at java.lang.Thread.run(Unknown Source)
17-07-2026 15:54:59,260 DEBUG Worker-3 <!--- trade inited --->
17-07-2026 15:54:59,262 DEBUG Worker-4 <!--- delegate --->
17-07-2026 15:55:01,253 DEBUG Worker-2 <!--- delegate --->
17-07-2026 15:55:05,068 DEBUG Worker-5 <!--- delegate --->
17-07-2026 15:55:05,764 DEBUG Worker-1 <!--- delegate --->
17-07-2026 15:55:07,276 DEBUG Worker-3 <!--- delegate --->
17-07-2026 15:55:09,741 DEBUG Worker-4 <!--- delegate --->
17-07-2026 15:55:10,059 DEBUG Worker-4 <!--- delegate --->
17-07-2026 15:55:10,187 DEBUG Worker-5 <!--- delegate --->
17-07-2026 15:55:10,262 DEBUG Worker-4 <!--- delegate --->
17-07-2026 15:55:10,346 DEBUG Worker-1 <!--- delegate --->
17-07-2026 15:55:11,054 DEBUG Worker-1 <!--- delegate --->
17-07-2026 15:55:11,574 DEBUG Worker-3 <!--- delegate --->
17-07-2026 15:55:11,574 DEBUG Worker-4 <!--- delegate --->
17-07-2026 15:55:11,724 DEBUG Worker-4 <!--- trade created --->
17-07-2026 15:55:12,042 ERROR IssueWorker.3 <!--- 操作设备msf失败, 参数:read,2 --->
java.io.IOException: 0018 终端没有配置MSF类型的外设
	at cn.com.agree.ab.gui.device.MsfDeviceDelegate.delegateCallDevice(MsfDeviceDelegate.java:48)
	at cn.com.agree.ab.gui.DeviceUtil.call(DeviceUtil.java:77)
	at cn.com.agree.ab.gui.GuiTradeIssueListener.callDevice(GuiTradeIssueListener.java:170)
	at cn.com.agree.ab.trade.TradeServiceMarshaller.delegateCallDevice(TradeServiceMarshaller.java:113)
	at cn.com.agree.ab.trade.client.TradeIssuer.handleIssue(TradeIssuer.java:95)
	at cn.com.agree.ab.trade.client.TradeIssuer.run(TradeIssuer.java:191)
	at java.util.concurrent.ThreadPoolExecutor$Worker.runTask(Unknown Source)
	at java.util.concurrent.ThreadPoolExecutor$Worker.run(Unknown Source)
	at java.lang.Thread.run(Unknown Source)
17-07-2026 15:55:12,203 DEBUG Worker-4 <!--- trade inited --->
17-07-2026 15:55:12,210 DEBUG Worker-3 <!--- delegate --->
17-07-2026 15:55:14,346 DEBUG Worker-4 <!--- delegate --->
17-07-2026 15:55:16,788 DEBUG Worker-3 <!--- delegate --->
17-07-2026 15:55:18,934 DEBUG Worker-1 <!--- delegate --->
17-07-2026 15:55:18,934 DEBUG Worker-4 <!--- delegate --->
17-07-2026 15:55:19,146 DEBUG Worker-4 <!--- trade created --->
17-07-2026 15:55:19,966 DEBUG Worker-4 <!--- trade inited --->
17-07-2026 15:55:28,852 DEBUG Worker-3 <!--- delegate --->
17-07-2026 15:55:33,394 DEBUG Worker-1 <!--- delegate --->
17-07-2026 15:55:34,423 DEBUG Worker-4 <!--- delegate --->
17-07-2026 15:55:35,804 DEBUG Worker-5 <!--- delegate --->
17-07-2026 15:55:35,892 DEBUG Worker-5 <!--- trade created --->
17-07-2026 15:55:36,012 DEBUG Worker-5 <!--- trade inited --->
17-07-2026 15:56:10,043 DEBUG Worker-4 <!--- delegate --->
17-07-2026 15:56:11,142 DEBUG Worker-5 <!--- delegate --->
17-07-2026 15:56:11,238 DEBUG Worker-5 <!--- trade created --->
17-07-2026 15:56:11,399 DEBUG Worker-5 <!--- trade inited --->
17-07-2026 15:56:11,406 DEBUG Worker-4 <!--- delegate --->
17-07-2026 15:56:12,141 DEBUG Worker-3 <!--- delegate --->
17-07-2026 15:56:13,680 DEBUG Worker-2 <!--- delegate --->
17-07-2026 15:56:13,785 DEBUG Worker-2 <!--- trade created --->
17-07-2026 15:56:13,906 DEBUG Worker-2 <!--- trade inited --->
17-07-2026 15:56:13,984 DEBUG Worker-5 <!--- delegate --->
17-07-2026 15:56:15,755 DEBUG Worker-5 <!--- delegate --->
17-07-2026 15:56:15,840 DEBUG Worker-1 <!--- delegate --->
17-07-2026 15:56:15,917 DEBUG Worker-3 <!--- delegate --->
17-07-2026 15:56:23,698 DEBUG Worker-2 <!--- delegate --->
17-07-2026 15:56:23,784 DEBUG Worker-5 <!--- delegate --->
17-07-2026 15:56:23,875 DEBUG Worker-1 <!--- delegate --->
17-07-2026 15:56:25,492 DEBUG Worker-3 <!--- delegate --->
17-07-2026 15:56:25,573 DEBUG Worker-2 <!--- delegate --->
17-07-2026 15:56:25,661 DEBUG Worker-4 <!--- delegate --->
17-07-2026 15:57:02,254 DEBUG Worker-1 <!--- delegate --->
17-07-2026 15:57:04,829 DEBUG Worker-2 <!--- delegate --->
17-07-2026 15:57:04,930 DEBUG Worker-2 <!--- trade created --->
17-07-2026 15:57:05,513 DEBUG Worker-2 <!--- trade inited --->
17-07-2026 15:57:10,265 DEBUG Worker-4 <!--- delegate --->
17-07-2026 15:57:32,688 DEBUG Worker-3 <!--- delegate --->
17-07-2026 15:57:45,682 DEBUG Worker-5 <!--- delegate --->
17-07-2026 15:57:54,814 DEBUG Worker-4 <!--- delegate --->
17-07-2026 15:57:55,919 DEBUG Worker-4 <!--- delegate --->
17-07-2026 15:57:57,527 DEBUG Worker-5 <!--- delegate --->
17-07-2026 15:57:58,266 DEBUG Worker-5 <!--- delegate --->
17-07-2026 15:58:01,004 DEBUG Worker-4 <!--- delegate --->
17-07-2026 15:58:13,897 DEBUG Worker-5 <!--- delegate --->
17-07-2026 15:58:15,188 DEBUG Worker-2 <!--- delegate --->
17-07-2026 15:58:15,729 DEBUG Worker-5 <!--- delegate --->
17-07-2026 15:58:15,814 DEBUG Worker-5 <!--- trade created --->
17-07-2026 15:58:15,915 DEBUG Worker-5 <!--- trade inited --->
17-07-2026 15:58:17,817 DEBUG Worker-2 <!--- delegate --->
17-07-2026 15:59:15,955 DEBUG Worker-2 <!--- delegate --->
17-07-2026 15:59:16,468 DEBUG Worker-5 <!--- delegate --->
17-07-2026 15:59:18,019 DEBUG Worker-3 <!--- delegate --->
17-07-2026 15:59:18,477 DEBUG Worker-2 <!--- delegate --->
17-07-2026 15:59:19,050 DEBUG Worker-2 <!--- delegate --->
17-07-2026 15:59:20,332 DEBUG Worker-2 <!--- delegate --->
17-07-2026 15:59:22,041 DEBUG Worker-1 <!--- delegate --->
17-07-2026 15:59:22,861 DEBUG Worker-5 <!--- delegate --->
17-07-2026 15:59:24,037 DEBUG Worker-2 <!--- delegate --->
17-07-2026 15:59:25,709 DEBUG Worker-1 <!--- delegate --->
17-07-2026 15:59:25,792 DEBUG Worker-1 <!--- trade created --->
17-07-2026 15:59:25,870 DEBUG Worker-1 <!--- trade inited --->
17-07-2026 15:59:25,891 DEBUG Worker-3 <!--- delegate --->
17-07-2026 15:59:27,647 DEBUG Worker-6 <!--- delegate --->
17-07-2026 15:59:27,835 ERROR IssueWorker.8 <!--- 操作设备msf失败, 参数:read,2 --->
java.io.IOException: 0018 终端没有配置MSF类型的外设
	at cn.com.agree.ab.gui.device.MsfDeviceDelegate.delegateCallDevice(MsfDeviceDelegate.java:48)
	at cn.com.agree.ab.gui.DeviceUtil.call(DeviceUtil.java:77)
	at cn.com.agree.ab.gui.GuiTradeIssueListener.callDevice(GuiTradeIssueListener.java:170)
	at cn.com.agree.ab.trade.TradeServiceMarshaller.delegateCallDevice(TradeServiceMarshaller.java:113)
	at cn.com.agree.ab.trade.client.TradeIssuer.handleIssue(TradeIssuer.java:95)
	at cn.com.agree.ab.trade.client.TradeIssuer.run(TradeIssuer.java:191)
	at java.util.concurrent.ThreadPoolExecutor$Worker.runTask(Unknown Source)
	at java.util.concurrent.ThreadPoolExecutor$Worker.run(Unknown Source)
	at java.lang.Thread.run(Unknown Source)
17-07-2026 15:59:28,562 DEBUG Worker-6 <!--- delegate --->
17-07-2026 15:59:30,479 DEBUG Worker-1 <!--- delegate --->
17-07-2026 15:59:32,834 DEBUG Worker-5 <!--- delegate --->
17-07-2026 15:59:33,380 DEBUG Worker-6 <!--- delegate --->
17-07-2026 15:59:33,523 DEBUG Worker-3 <!--- delegate --->
17-07-2026 15:59:41,541 DEBUG Worker-5 <!--- delegate --->
17-07-2026 15:59:41,633 DEBUG Worker-4 <!--- delegate --->
17-07-2026 15:59:41,711 DEBUG Worker-3 <!--- delegate --->
17-07-2026 15:59:57,235 DEBUG Worker-4 <!--- delegate --->
17-07-2026 15:59:57,760 DEBUG Worker-1 <!--- delegate --->
17-07-2026 15:59:57,876 DEBUG Worker-1 <!--- trade created --->
17-07-2026 15:59:58,167 DEBUG Worker-1 <!--- trade inited --->
17-07-2026 15:59:58,180 DEBUG Worker-2 <!--- delegate --->
17-07-2026 15:59:58,506 DEBUG Worker-3 <!--- delegate --->
17-07-2026 15:59:58,584 DEBUG Worker-3 <!--- trade created --->
17-07-2026 15:59:58,661 DEBUG Worker-3 <!--- trade inited --->
17-07-2026 15:59:59,666 DEBUG Worker-5 <!--- delegate --->
17-07-2026 15:59:59,771 DEBUG Worker-6 <!--- delegate --->
17-07-2026 16:00:00,498 DEBUG Worker-4 <!--- delegate --->
17-07-2026 16:00:04,463 DEBUG Worker-2 <!--- delegate --->
17-07-2026 16:00:05,882 DEBUG Worker-4 <!--- delegate --->
17-07-2026 16:00:06,184 DEBUG Worker-5 <!--- delegate --->
17-07-2026 16:00:06,261 DEBUG Worker-5 <!--- trade created --->
17-07-2026 16:00:06,342 DEBUG Worker-5 <!--- trade inited --->
17-07-2026 16:00:06,363 DEBUG Worker-6 <!--- delegate --->
17-07-2026 16:00:07,775 DEBUG Worker-6 <!--- delegate --->
17-07-2026 16:00:07,945 ERROR IssueWorker.8 <!--- 操作设备msf失败, 参数:read,2 --->
java.io.IOException: 0018 终端没有配置MSF类型的外设
	at cn.com.agree.ab.gui.device.MsfDeviceDelegate.delegateCallDevice(MsfDeviceDelegate.java:48)
	at cn.com.agree.ab.gui.DeviceUtil.call(DeviceUtil.java:77)
	at cn.com.agree.ab.gui.GuiTradeIssueListener.callDevice(GuiTradeIssueListener.java:170)
	at cn.com.agree.ab.trade.TradeServiceMarshaller.delegateCallDevice(TradeServiceMarshaller.java:113)
	at cn.com.agree.ab.trade.client.TradeIssuer.handleIssue(TradeIssuer.java:95)
	at cn.com.agree.ab.trade.client.TradeIssuer.run(TradeIssuer.java:191)
	at java.util.concurrent.ThreadPoolExecutor$Worker.runTask(Unknown Source)
	at java.util.concurrent.ThreadPoolExecutor$Worker.run(Unknown Source)
	at java.lang.Thread.run(Unknown Source)
17-07-2026 16:00:08,957 DEBUG Worker-6 <!--- delegate --->
17-07-2026 16:00:12,427 DEBUG Worker-3 <!--- delegate --->
17-07-2026 16:00:15,060 DEBUG Worker-5 <!--- delegate --->
17-07-2026 16:00:15,538 DEBUG Worker-3 <!--- delegate --->
17-07-2026 16:00:15,676 DEBUG Worker-6 <!--- delegate --->
17-07-2026 16:20:59,626 DEBUG Worker-6 <!--- delegate --->
17-07-2026 16:20:59,712 DEBUG Worker-3 <!--- delegate --->
17-07-2026 16:20:59,969 DEBUG Worker-2 <!--- delegate --->
17-07-2026 16:21:00,059 DEBUG Worker-2 <!--- trade created --->
17-07-2026 16:21:00,159 DEBUG Worker-2 <!--- trade inited --->
17-07-2026 16:21:00,175 DEBUG Worker-6 <!--- delegate --->
17-07-2026 16:21:01,887 DEBUG Worker-6 <!--- delegate --->
17-07-2026 16:21:02,053 ERROR IssueWorker.12 <!--- 操作设备msf失败, 参数:read,2 --->
java.io.IOException: 0018 终端没有配置MSF类型的外设
	at cn.com.agree.ab.gui.device.MsfDeviceDelegate.delegateCallDevice(MsfDeviceDelegate.java:48)
	at cn.com.agree.ab.gui.DeviceUtil.call(DeviceUtil.java:77)
	at cn.com.agree.ab.gui.GuiTradeIssueListener.callDevice(GuiTradeIssueListener.java:170)
	at cn.com.agree.ab.trade.TradeServiceMarshaller.delegateCallDevice(TradeServiceMarshaller.java:113)
	at cn.com.agree.ab.trade.client.TradeIssuer.handleIssue(TradeIssuer.java:95)
	at cn.com.agree.ab.trade.client.TradeIssuer.run(TradeIssuer.java:191)
	at java.util.concurrent.ThreadPoolExecutor$Worker.runTask(Unknown Source)
	at java.util.concurrent.ThreadPoolExecutor$Worker.run(Unknown Source)
	at java.lang.Thread.run(Unknown Source)
17-07-2026 16:21:03,212 DEBUG Worker-6 <!--- delegate --->
17-07-2026 16:21:05,691 DEBUG Worker-6 <!--- delegate --->
17-07-2026 16:21:06,968 DEBUG Worker-2 <!--- delegate --->
17-07-2026 16:21:07,361 DEBUG Worker-1 <!--- delegate --->
17-07-2026 16:21:07,498 DEBUG Worker-6 <!--- delegate --->
17-07-2026 16:22:22,957 DEBUG Worker-3 <!--- delegate --->
17-07-2026 16:22:23,105 DEBUG Worker-6 <!--- delegate --->
17-07-2026 16:22:23,184 DEBUG Worker-3 <!--- delegate --->
17-07-2026 16:22:23,276 DEBUG Worker-4 <!--- delegate --->
17-07-2026 16:22:23,997 DEBUG Worker-6 <!--- delegate --->
17-07-2026 16:22:25,722 DEBUG Worker-2 <!--- delegate --->
17-07-2026 16:22:25,842 DEBUG Worker-3 <!--- delegate --->
17-07-2026 16:22:25,910 DEBUG Worker-6 <!--- delegate --->
17-07-2026 16:22:25,982 DEBUG Worker-5 <!--- delegate --->
17-07-2026 16:22:26,602 DEBUG Worker-1 <!--- delegate --->
17-07-2026 16:22:27,058 DEBUG Worker-3 <!--- delegate --->
17-07-2026 16:22:27,058 DEBUG Worker-2 <!--- delegate --->
17-07-2026 16:22:27,204 DEBUG Worker-2 <!--- trade created --->
17-07-2026 16:22:27,535 ERROR IssueWorker.14 <!--- 操作设备msf失败, 参数:read,2 --->
java.io.IOException: 0018 终端没有配置MSF类型的外设
	at cn.com.agree.ab.gui.device.MsfDeviceDelegate.delegateCallDevice(MsfDeviceDelegate.java:48)
	at cn.com.agree.ab.gui.DeviceUtil.call(DeviceUtil.java:77)
	at cn.com.agree.ab.gui.GuiTradeIssueListener.callDevice(GuiTradeIssueListener.java:170)
	at cn.com.agree.ab.trade.TradeServiceMarshaller.delegateCallDevice(TradeServiceMarshaller.java:113)
	at cn.com.agree.ab.trade.client.TradeIssuer.handleIssue(TradeIssuer.java:95)
	at cn.com.agree.ab.trade.client.TradeIssuer.run(TradeIssuer.java:191)
	at java.util.concurrent.ThreadPoolExecutor$Worker.runTask(Unknown Source)
	at java.util.concurrent.ThreadPoolExecutor$Worker.run(Unknown Source)
	at java.lang.Thread.run(Unknown Source)
17-07-2026 16:22:27,678 DEBUG Worker-2 <!--- trade inited --->
17-07-2026 16:22:27,690 DEBUG Worker-6 <!--- delegate --->
17-07-2026 16:22:29,024 DEBUG Worker-5 <!--- delegate --->
17-07-2026 16:28:22,266 DEBUG Worker-4 <!--- delegate --->
17-07-2026 16:28:25,775 DEBUG Worker-4 <!--- trade created --->
17-07-2026 16:28:26,885 ERROR IssueWorker.1 <!--- 操作设备msf失败, 参数:read,2 --->
java.io.IOException: 0018 终端没有配置MSF类型的外设
	at cn.com.agree.ab.gui.device.MsfDeviceDelegate.delegateCallDevice(MsfDeviceDelegate.java:48)
	at cn.com.agree.ab.gui.DeviceUtil.call(DeviceUtil.java:77)
	at cn.com.agree.ab.gui.GuiTradeIssueListener.callDevice(GuiTradeIssueListener.java:170)
	at cn.com.agree.ab.trade.TradeServiceMarshaller.delegateCallDevice(TradeServiceMarshaller.java:113)
	at cn.com.agree.ab.trade.client.TradeIssuer.handleIssue(TradeIssuer.java:95)
	at cn.com.agree.ab.trade.client.TradeIssuer.run(TradeIssuer.java:191)
	at java.util.concurrent.ThreadPoolExecutor$Worker.runTask(Unknown Source)
	at java.util.concurrent.ThreadPoolExecutor$Worker.run(Unknown Source)
	at java.lang.Thread.run(Unknown Source)
17-07-2026 16:28:27,019 DEBUG Worker-4 <!--- trade inited --->
17-07-2026 16:28:27,034 DEBUG Worker-2 <!--- delegate --->
17-07-2026 16:29:20,580 DEBUG Worker-3 <!--- delegate --->
17-07-2026 16:29:32,737 DEBUG Worker-3 <!--- delegate --->
17-07-2026 16:29:36,113 DEBUG Worker-3 <!--- trade created --->
17-07-2026 16:29:37,505 ERROR IssueWorker.1 <!--- 操作设备msf失败, 参数:read,2 --->
java.io.IOException: 0018 终端没有配置MSF类型的外设
	at cn.com.agree.ab.gui.device.MsfDeviceDelegate.delegateCallDevice(MsfDeviceDelegate.java:48)
	at cn.com.agree.ab.gui.DeviceUtil.call(DeviceUtil.java:77)
	at cn.com.agree.ab.gui.GuiTradeIssueListener.callDevice(GuiTradeIssueListener.java:170)
	at cn.com.agree.ab.trade.TradeServiceMarshaller.delegateCallDevice(TradeServiceMarshaller.java:113)
	at cn.com.agree.ab.trade.client.TradeIssuer.handleIssue(TradeIssuer.java:95)
	at cn.com.agree.ab.trade.client.TradeIssuer.run(TradeIssuer.java:191)
	at java.util.concurrent.ThreadPoolExecutor$Worker.runTask(Unknown Source)
	at java.util.concurrent.ThreadPoolExecutor$Worker.run(Unknown Source)
	at java.lang.Thread.run(Unknown Source)
17-07-2026 16:29:37,662 DEBUG Worker-3 <!--- trade inited --->
17-07-2026 16:29:37,677 DEBUG Worker-1 <!--- delegate --->
17-07-2026 16:29:40,931 DEBUG Worker-4 <!--- delegate --->
17-07-2026 16:29:42,851 DEBUG Worker-5 <!--- delegate --->
17-07-2026 16:29:47,005 DEBUG Worker-4 <!--- delegate --->
17-07-2026 16:29:47,005 DEBUG Worker-3 <!--- delegate --->
17-07-2026 16:29:47,183 DEBUG Worker-4 <!--- trade created --->
17-07-2026 16:29:48,104 DEBUG Worker-4 <!--- trade inited --->
17-07-2026 16:29:49,646 DEBUG Worker-2 <!--- delegate --->
17-07-2026 16:29:51,453 DEBUG Worker-3 <!--- delegate --->
17-07-2026 16:29:53,249 DEBUG Worker-3 <!--- delegate --->
17-07-2026 16:30:10,994 DEBUG Worker-2 <!--- delegate --->
17-07-2026 16:30:12,889 DEBUG Worker-3 <!--- delegate --->
17-07-2026 16:30:13,067 DEBUG Worker-3 <!--- trade created --->
17-07-2026 16:30:13,363 DEBUG Worker-3 <!--- trade inited --->
17-07-2026 16:30:23,851 DEBUG Worker-4 <!--- delegate --->
17-07-2026 16:30:24,375 DEBUG Worker-5 <!--- delegate --->
17-07-2026 16:30:24,467 DEBUG Worker-5 <!--- trade created --->
17-07-2026 16:30:25,603 DEBUG Worker-5 <!--- trade inited --->
17-07-2026 16:30:43,452 DEBUG Worker-3 <!--- delegate --->
17-07-2026 16:30:44,593 DEBUG Worker-5 <!--- delegate --->
17-07-2026 16:30:44,709 DEBUG Worker-5 <!--- trade created --->
17-07-2026 16:30:44,837 DEBUG Worker-5 <!--- trade inited --->
17-07-2026 16:30:44,847 DEBUG Worker-3 <!--- delegate --->
17-07-2026 16:30:45,170 DEBUG Worker-5 <!--- delegate --->
17-07-2026 16:30:45,247 DEBUG Worker-5 <!--- trade created --->
17-07-2026 16:30:45,320 DEBUG Worker-5 <!--- trade inited --->
17-07-2026 16:30:46,387 DEBUG Worker-5 <!--- delegate --->
17-07-2026 16:30:46,508 DEBUG Worker-2 <!--- delegate --->
17-07-2026 16:30:47,131 DEBUG Worker-2 <!--- delegate --->
17-07-2026 16:30:47,263 DEBUG Worker-5 <!--- delegate --->
17-07-2026 16:30:47,337 DEBUG Worker-2 <!--- delegate --->
17-07-2026 16:30:47,406 DEBUG Worker-1 <!--- delegate --->
17-07-2026 16:30:48,088 DEBUG Worker-2 <!--- delegate --->
17-07-2026 16:30:48,312 DEBUG Worker-2 <!--- delegate --->
17-07-2026 16:30:48,410 DEBUG Worker-3 <!--- delegate --->
17-07-2026 16:30:48,500 DEBUG Worker-1 <!--- delegate --->
17-07-2026 16:30:49,887 DEBUG Worker-4 <!--- delegate --->
17-07-2026 16:30:50,060 DEBUG Worker-5 <!--- delegate --->
17-07-2026 16:30:50,165 DEBUG Worker-4 <!--- delegate --->
17-07-2026 16:30:50,239 DEBUG Worker-3 <!--- delegate --->
17-07-2026 16:30:50,620 DEBUG Worker-5 <!--- delegate --->
17-07-2026 16:30:51,038 DEBUG Worker-3 <!--- delegate --->
17-07-2026 16:30:51,038 DEBUG Worker-4 <!--- delegate --->
17-07-2026 16:30:51,169 DEBUG Worker-4 <!--- trade created --->
17-07-2026 16:30:51,479 ERROR IssueWorker.4 <!--- 操作设备msf失败, 参数:read,2 --->
java.io.IOException: 0018 终端没有配置MSF类型的外设
	at cn.com.agree.ab.gui.device.MsfDeviceDelegate.delegateCallDevice(MsfDeviceDelegate.java:48)
	at cn.com.agree.ab.gui.DeviceUtil.call(DeviceUtil.java:77)
	at cn.com.agree.ab.gui.GuiTradeIssueListener.callDevice(GuiTradeIssueListener.java:170)
	at cn.com.agree.ab.trade.TradeServiceMarshaller.delegateCallDevice(TradeServiceMarshaller.java:113)
	at cn.com.agree.ab.trade.client.TradeIssuer.handleIssue(TradeIssuer.java:95)
	at cn.com.agree.ab.trade.client.TradeIssuer.run(TradeIssuer.java:191)
	at java.util.concurrent.ThreadPoolExecutor$Worker.runTask(Unknown Source)
	at java.util.concurrent.ThreadPoolExecutor$Worker.run(Unknown Source)
	at java.lang.Thread.run(Unknown Source)
17-07-2026 16:30:51,627 DEBUG Worker-4 <!--- trade inited --->
17-07-2026 16:30:51,639 DEBUG Worker-3 <!--- delegate --->
17-07-2026 16:30:53,670 DEBUG Worker-2 <!--- delegate --->
17-07-2026 16:31:06,273 DEBUG Worker-4 <!--- delegate --->
17-07-2026 16:31:09,550 DEBUG Worker-4 <!--- trade created --->
17-07-2026 16:31:10,973 ERROR IssueWorker.1 <!--- 操作设备msf失败, 参数:read,2 --->
java.io.IOException: 0018 终端没有配置MSF类型的外设
	at cn.com.agree.ab.gui.device.MsfDeviceDelegate.delegateCallDevice(MsfDeviceDelegate.java:48)
	at cn.com.agree.ab.gui.DeviceUtil.call(DeviceUtil.java:77)
	at cn.com.agree.ab.gui.GuiTradeIssueListener.callDevice(GuiTradeIssueListener.java:170)
	at cn.com.agree.ab.trade.TradeServiceMarshaller.delegateCallDevice(TradeServiceMarshaller.java:113)
	at cn.com.agree.ab.trade.client.TradeIssuer.handleIssue(TradeIssuer.java:95)
	at cn.com.agree.ab.trade.client.TradeIssuer.run(TradeIssuer.java:191)
	at java.util.concurrent.ThreadPoolExecutor$Worker.runTask(Unknown Source)
	at java.util.concurrent.ThreadPoolExecutor$Worker.run(Unknown Source)
	at java.lang.Thread.run(Unknown Source)
17-07-2026 16:31:11,132 DEBUG Worker-4 <!--- trade inited --->
17-07-2026 16:31:11,141 DEBUG Worker-1 <!--- delegate --->
17-07-2026 16:31:15,651 DEBUG Worker-4 <!--- delegate --->
17-07-2026 16:31:18,441 DEBUG Worker-5 <!--- delegate --->
17-07-2026 16:31:22,040 DEBUG Worker-3 <!--- delegate --->
17-07-2026 16:31:22,040 DEBUG Worker-5 <!--- delegate --->
17-07-2026 16:31:22,227 DEBUG Worker-3 <!--- trade created --->
17-07-2026 16:31:23,142 DEBUG Worker-3 <!--- trade inited --->
17-07-2026 16:31:29,940 DEBUG Worker-2 <!--- delegate --->
17-07-2026 16:31:33,445 DEBUG Worker-3 <!--- delegate --->
17-07-2026 16:31:34,568 DEBUG Worker-1 <!--- delegate --->
17-07-2026 16:31:36,325 DEBUG Worker-4 <!--- delegate --->
17-07-2026 16:31:36,401 DEBUG Worker-4 <!--- trade created --->
17-07-2026 16:31:37,152 DEBUG Worker-4 <!--- trade inited --->
17-07-2026 16:31:42,905 DEBUG Worker-5 <!--- delegate --->
17-07-2026 16:31:42,905 DEBUG Worker-4 <!--- delegate --->
17-07-2026 16:31:47,566 DEBUG Worker-4 <!--- delegate --->
17-07-2026 16:31:50,814 DEBUG Worker-4 <!--- trade created --->
17-07-2026 16:31:52,225 ERROR IssueWorker.1 <!--- 操作设备msf失败, 参数:read,2 --->
java.io.IOException: 0018 终端没有配置MSF类型的外设
	at cn.com.agree.ab.gui.device.MsfDeviceDelegate.delegateCallDevice(MsfDeviceDelegate.java:48)
	at cn.com.agree.ab.gui.DeviceUtil.call(DeviceUtil.java:77)
	at cn.com.agree.ab.gui.GuiTradeIssueListener.callDevice(GuiTradeIssueListener.java:170)
	at cn.com.agree.ab.trade.TradeServiceMarshaller.delegateCallDevice(TradeServiceMarshaller.java:113)
	at cn.com.agree.ab.trade.client.TradeIssuer.handleIssue(TradeIssuer.java:95)
	at cn.com.agree.ab.trade.client.TradeIssuer.run(TradeIssuer.java:191)
	at java.util.concurrent.ThreadPoolExecutor$Worker.runTask(Unknown Source)
	at java.util.concurrent.ThreadPoolExecutor$Worker.run(Unknown Source)
	at java.lang.Thread.run(Unknown Source)
17-07-2026 16:31:52,369 DEBUG Worker-4 <!--- trade inited --->
17-07-2026 16:31:52,380 DEBUG Worker-1 <!--- delegate --->
17-07-2026 16:31:55,073 DEBUG Worker-4 <!--- delegate --->
17-07-2026 16:31:57,775 DEBUG Worker-5 <!--- delegate --->
17-07-2026 16:32:01,358 DEBUG Worker-3 <!--- delegate --->
17-07-2026 16:32:01,358 DEBUG Worker-1 <!--- delegate --->
17-07-2026 16:32:01,550 DEBUG Worker-1 <!--- trade created --->
17-07-2026 16:32:01,767 DEBUG Worker-1 <!--- trade inited --->
17-07-2026 16:32:24,121 DEBUG Worker-4 <!--- delegate --->
17-07-2026 16:32:34,004 DEBUG Worker-1 <!--- delegate --->
17-07-2026 16:32:34,634 DEBUG Worker-3 <!--- delegate --->
17-07-2026 16:32:35,524 DEBUG Worker-3 <!--- delegate --->
17-07-2026 16:32:35,875 DEBUG Worker-5 <!--- delegate --->
17-07-2026 16:32:35,947 DEBUG Worker-5 <!--- trade created --->
17-07-2026 16:32:36,177 ERROR IssueWorker.1 <!--- 操作设备msf失败, 参数:read,2 --->
java.io.IOException: 0018 终端没有配置MSF类型的外设
	at cn.com.agree.ab.gui.device.MsfDeviceDelegate.delegateCallDevice(MsfDeviceDelegate.java:48)
	at cn.com.agree.ab.gui.DeviceUtil.call(DeviceUtil.java:77)
	at cn.com.agree.ab.gui.GuiTradeIssueListener.callDevice(GuiTradeIssueListener.java:170)
	at cn.com.agree.ab.trade.TradeServiceMarshaller.delegateCallDevice(TradeServiceMarshaller.java:113)
	at cn.com.agree.ab.trade.client.TradeIssuer.handleIssue(TradeIssuer.java:95)
	at cn.com.agree.ab.trade.client.TradeIssuer.run(TradeIssuer.java:191)
	at java.util.concurrent.ThreadPoolExecutor$Worker.runTask(Unknown Source)
	at java.util.concurrent.ThreadPoolExecutor$Worker.run(Unknown Source)
	at java.lang.Thread.run(Unknown Source)
17-07-2026 16:32:36,312 DEBUG Worker-5 <!--- trade inited --->
17-07-2026 16:32:36,327 DEBUG Worker-1 <!--- delegate --->
17-07-2026 16:32:39,022 DEBUG Worker-2 <!--- delegate --->
17-07-2026 16:32:40,480 DEBUG Worker-4 <!--- delegate --->
17-07-2026 16:32:40,859 DEBUG Worker-3 <!--- delegate --->
17-07-2026 16:32:44,119 DEBUG Worker-1 <!--- delegate --->
17-07-2026 16:32:44,243 DEBUG Worker-2 <!--- delegate --->
17-07-2026 16:32:44,321 DEBUG Worker-1 <!--- delegate --->
17-07-2026 16:32:44,392 DEBUG Worker-4 <!--- delegate --->
17-07-2026 16:32:44,978 DEBUG Worker-2 <!--- delegate --->
17-07-2026 16:32:45,375 DEBUG Worker-4 <!--- delegate --->
17-07-2026 16:32:45,375 DEBUG Worker-1 <!--- delegate --->
17-07-2026 16:32:45,509 DEBUG Worker-1 <!--- trade created --->
17-07-2026 16:32:45,811 ERROR IssueWorker.1 <!--- 操作设备msf失败, 参数:read,2 --->
java.io.IOException: 0018 终端没有配置MSF类型的外设
	at cn.com.agree.ab.gui.device.MsfDeviceDelegate.delegateCallDevice(MsfDeviceDelegate.java:48)
	at cn.com.agree.ab.gui.DeviceUtil.call(DeviceUtil.java:77)
	at cn.com.agree.ab.gui.GuiTradeIssueListener.callDevice(GuiTradeIssueListener.java:170)
	at cn.com.agree.ab.trade.TradeServiceMarshaller.delegateCallDevice(TradeServiceMarshaller.java:113)
	at cn.com.agree.ab.trade.client.TradeIssuer.handleIssue(TradeIssuer.java:95)
	at cn.com.agree.ab.trade.client.TradeIssuer.run(TradeIssuer.java:191)
	at java.util.concurrent.ThreadPoolExecutor$Worker.runTask(Unknown Source)
	at java.util.concurrent.ThreadPoolExecutor$Worker.run(Unknown Source)
	at java.lang.Thread.run(Unknown Source)
17-07-2026 16:32:45,958 DEBUG Worker-1 <!--- trade inited --->
17-07-2026 16:32:45,972 DEBUG Worker-4 <!--- delegate --->
17-07-2026 16:32:46,456 DEBUG Worker-5 <!--- delegate --->
23-07-2026 18:51:52,046 DEBUG Worker-2 <!--- delegate --->
23-07-2026 18:51:59,494 DEBUG Worker-2 <!--- trade created --->
23-07-2026 18:52:03,473 ERROR IssueWorker.1 <!--- 操作设备msf失败, 参数:read,2 --->
java.io.IOException: 0018 终端没有配置MSF类型的外设
	at cn.com.agree.ab.gui.device.MsfDeviceDelegate.delegateCallDevice(MsfDeviceDelegate.java:48)
	at cn.com.agree.ab.gui.DeviceUtil.call(DeviceUtil.java:77)
	at cn.com.agree.ab.gui.GuiTradeIssueListener.callDevice(GuiTradeIssueListener.java:170)
	at cn.com.agree.ab.trade.TradeServiceMarshaller.delegateCallDevice(TradeServiceMarshaller.java:113)
	at cn.com.agree.ab.trade.client.TradeIssuer.handleIssue(TradeIssuer.java:95)
	at cn.com.agree.ab.trade.client.TradeIssuer.run(TradeIssuer.java:191)
	at java.util.concurrent.ThreadPoolExecutor$Worker.runTask(Unknown Source)
	at java.util.concurrent.ThreadPoolExecutor$Worker.run(Unknown Source)
	at java.lang.Thread.run(Unknown Source)
23-07-2026 18:52:03,648 DEBUG Worker-2 <!--- trade inited --->
23-07-2026 18:52:03,660 DEBUG Worker-1 <!--- delegate --->
23-07-2026 18:52:11,643 DEBUG Worker-1 <!--- delegate --->
23-07-2026 18:52:52,313 DEBUG Worker-5 <!--- delegate --->
23-07-2026 18:52:55,608 DEBUG Worker-5 <!--- trade created --->
23-07-2026 18:52:56,930 ERROR IssueWorker.1 <!--- 操作设备msf失败, 参数:read,2 --->
java.io.IOException: 0018 终端没有配置MSF类型的外设
	at cn.com.agree.ab.gui.device.MsfDeviceDelegate.delegateCallDevice(MsfDeviceDelegate.java:48)
	at cn.com.agree.ab.gui.DeviceUtil.call(DeviceUtil.java:77)
	at cn.com.agree.ab.gui.GuiTradeIssueListener.callDevice(GuiTradeIssueListener.java:170)
	at cn.com.agree.ab.trade.TradeServiceMarshaller.delegateCallDevice(TradeServiceMarshaller.java:113)
	at cn.com.agree.ab.trade.client.TradeIssuer.handleIssue(TradeIssuer.java:95)
	at cn.com.agree.ab.trade.client.TradeIssuer.run(TradeIssuer.java:191)
	at java.util.concurrent.ThreadPoolExecutor$Worker.runTask(Unknown Source)
	at java.util.concurrent.ThreadPoolExecutor$Worker.run(Unknown Source)
	at java.lang.Thread.run(Unknown Source)
23-07-2026 18:52:57,096 DEBUG Worker-5 <!--- trade inited --->
23-07-2026 18:52:57,107 DEBUG Worker-1 <!--- delegate --->
23-07-2026 18:52:59,588 DEBUG Worker-2 <!--- delegate --->
23-07-2026 18:53:05,084 DEBUG Worker-4 <!--- delegate --->
23-07-2026 18:53:10,718 DEBUG Worker-5 <!--- delegate --->
23-07-2026 18:53:10,718 DEBUG Worker-3 <!--- delegate --->
23-07-2026 18:53:10,913 DEBUG Worker-3 <!--- trade created --->
23-07-2026 18:53:12,181 DEBUG Worker-3 <!--- trade inited --->
23-07-2026 18:53:20,961 DEBUG Worker-3 <!--- delegate --->
23-07-2026 18:53:27,005 DEBUG Worker-5 <!--- delegate --->
23-07-2026 18:53:28,157 DEBUG Worker-6 <!--- delegate --->
23-07-2026 18:53:28,239 DEBUG Worker-6 <!--- trade created --->
23-07-2026 18:53:28,586 DEBUG Worker-6 <!--- trade inited --->
23-07-2026 18:53:41,013 DEBUG Worker-5 <!--- delegate --->
23-07-2026 18:53:46,035 DEBUG Worker-2 <!--- delegate --->
23-07-2026 18:53:49,564 DEBUG Worker-2 <!--- delegate --->
23-07-2026 18:53:57,155 DEBUG Worker-1 <!--- delegate --->
23-07-2026 18:53:58,167 DEBUG Worker-2 <!--- delegate --->
23-07-2026 18:53:58,167 DEBUG Worker-5 <!--- delegate --->
23-07-2026 18:53:58,366 DEBUG Worker-5 <!--- trade created --->
23-07-2026 18:53:59,477 DEBUG Worker-5 <!--- trade inited --->
23-07-2026 18:54:03,939 DEBUG Worker-5 <!--- delegate --->
23-07-2026 18:54:06,369 DEBUG Worker-5 <!--- delegate --->
23-07-2026 18:54:07,637 DEBUG Worker-4 <!--- delegate --->
23-07-2026 18:54:08,519 DEBUG Worker-3 <!--- delegate --->
23-07-2026 18:54:08,598 DEBUG Worker-3 <!--- trade created --->
23-07-2026 18:54:08,697 DEBUG Worker-3 <!--- trade inited --->
23-07-2026 18:54:10,929 DEBUG Worker-4 <!--- delegate --->
23-07-2026 18:54:23,474 DEBUG Worker-4 <!--- delegate --->
23-07-2026 18:54:23,560 DEBUG Worker-3 <!--- delegate --->
23-07-2026 18:54:26,279 DEBUG Worker-2 <!--- delegate --->
23-07-2026 18:54:26,565 DEBUG Worker-6 <!--- delegate --->
23-07-2026 18:54:26,642 DEBUG Worker-6 <!--- trade created --->
23-07-2026 18:54:27,147 DEBUG Worker-6 <!--- trade inited --->
23-07-2026 18:54:29,146 DEBUG Worker-4 <!--- delegate --->
23-07-2026 18:54:29,264 DEBUG Worker-5 <!--- delegate --->
23-07-2026 18:56:48,765 DEBUG Worker-4 <!--- delegate --->
23-07-2026 18:56:51,045 DEBUG Worker-4 <!--- delegate --->
23-07-2026 18:56:51,263 DEBUG Worker-2 <!--- delegate --->
23-07-2026 18:56:51,337 DEBUG Worker-2 <!--- trade created --->
23-07-2026 18:56:51,414 DEBUG Worker-2 <!--- trade inited --->
23-07-2026 18:56:52,317 DEBUG Worker-5 <!--- delegate --->
23-07-2026 18:56:52,440 DEBUG Worker-1 <!--- delegate --->
23-07-2026 18:57:22,847 DEBUG Worker-1 <!--- delegate --->
23-07-2026 18:57:23,089 DEBUG Worker-5 <!--- delegate --->
23-07-2026 18:57:23,177 DEBUG Worker-5 <!--- trade created --->
23-07-2026 18:57:23,259 DEBUG Worker-5 <!--- trade inited --->
23-07-2026 18:57:24,172 DEBUG Worker-2 <!--- delegate --->
23-07-2026 18:57:24,285 DEBUG Worker-6 <!--- delegate --->
23-07-2026 18:58:03,711 DEBUG Worker-4 <!--- delegate --->
23-07-2026 18:58:05,707 DEBUG Worker-4 <!--- delegate --->
23-07-2026 18:58:06,299 DEBUG Worker-3 <!--- delegate --->
23-07-2026 18:58:06,392 DEBUG Worker-3 <!--- trade created --->
23-07-2026 18:58:06,481 DEBUG Worker-3 <!--- trade inited --->
23-07-2026 18:58:07,825 DEBUG Worker-3 <!--- delegate --->
23-07-2026 18:58:07,953 DEBUG Worker-1 <!--- delegate --->
23-07-2026 18:58:18,633 DEBUG Worker-5 <!--- delegate --->
23-07-2026 18:58:19,886 DEBUG Worker-5 <!--- delegate --->
23-07-2026 18:58:20,124 DEBUG Worker-2 <!--- delegate --->
23-07-2026 18:58:20,223 DEBUG Worker-2 <!--- trade created --->
23-07-2026 18:58:20,302 DEBUG Worker-2 <!--- trade inited --->
23-07-2026 18:58:22,169 DEBUG Worker-3 <!--- delegate --->
23-07-2026 18:58:22,293 DEBUG Worker-1 <!--- delegate --->
23-07-2026 18:59:19,179 DEBUG Worker-3 <!--- delegate --->
23-07-2026 18:59:20,316 DEBUG Worker-3 <!--- delegate --->
23-07-2026 18:59:20,580 DEBUG Worker-1 <!--- delegate --->
23-07-2026 18:59:20,701 DEBUG Worker-1 <!--- trade created --->
23-07-2026 18:59:20,800 DEBUG Worker-1 <!--- trade inited --->
23-07-2026 18:59:21,908 DEBUG Worker-5 <!--- delegate --->
23-07-2026 18:59:22,046 DEBUG Worker-1 <!--- delegate --->
23-07-2026 18:59:23,503 DEBUG Worker-6 <!--- delegate --->
23-07-2026 18:59:24,784 DEBUG Worker-6 <!--- delegate --->
23-07-2026 18:59:25,029 DEBUG Worker-1 <!--- delegate --->
23-07-2026 18:59:25,122 DEBUG Worker-1 <!--- trade created --->
23-07-2026 18:59:25,217 DEBUG Worker-1 <!--- trade inited --->
23-07-2026 18:59:28,295 DEBUG Worker-3 <!--- delegate --->
23-07-2026 18:59:28,415 DEBUG Worker-2 <!--- delegate --->
23-07-2026 18:59:29,569 DEBUG Worker-5 <!--- delegate --->
23-07-2026 18:59:30,982 DEBUG Worker-5 <!--- delegate --->
23-07-2026 18:59:31,291 DEBUG Worker-4 <!--- delegate --->
23-07-2026 18:59:31,380 DEBUG Worker-4 <!--- trade created --->
23-07-2026 18:59:31,458 DEBUG Worker-4 <!--- trade inited --->
23-07-2026 18:59:32,599 DEBUG Worker-1 <!--- delegate --->
23-07-2026 18:59:32,706 DEBUG Worker-3 <!--- delegate --->
23-07-2026 18:59:33,977 DEBUG Worker-1 <!--- delegate --->
23-07-2026 18:59:36,114 DEBUG Worker-1 <!--- delegate --->
23-07-2026 18:59:36,361 DEBUG Worker-2 <!--- delegate --->
23-07-2026 18:59:36,443 DEBUG Worker-2 <!--- trade created --->
23-07-2026 18:59:36,521 DEBUG Worker-2 <!--- trade inited --->
23-07-2026 18:59:37,662 DEBUG Worker-4 <!--- delegate --->
23-07-2026 18:59:37,771 DEBUG Worker-4 <!--- delegate --->
23-07-2026 18:59:38,843 DEBUG Worker-3 <!--- delegate --->
23-07-2026 18:59:39,860 DEBUG Worker-3 <!--- delegate --->
23-07-2026 18:59:40,076 DEBUG Worker-2 <!--- delegate --->
23-07-2026 18:59:40,149 DEBUG Worker-2 <!--- trade created --->
23-07-2026 18:59:40,228 DEBUG Worker-2 <!--- trade inited --->
23-07-2026 18:59:40,766 DEBUG Worker-1 <!--- delegate --->
23-07-2026 18:59:40,914 DEBUG Worker-4 <!--- delegate --->
23-07-2026 18:59:41,354 DEBUG Worker-4 <!--- delegate --->
23-07-2026 18:59:41,432 DEBUG Worker-4 <!--- trade created --->
23-07-2026 18:59:41,510 DEBUG Worker-4 <!--- trade inited --->
23-07-2026 18:59:43,337 DEBUG Worker-1 <!--- delegate --->
23-07-2026 18:59:45,589 DEBUG Worker-5 <!--- delegate --->
23-07-2026 18:59:45,706 DEBUG Worker-5 <!--- trade created --->
23-07-2026 18:59:45,822 DEBUG Worker-5 <!--- trade inited --->
23-07-2026 18:59:46,459 DEBUG Worker-1 <!--- delegate --->
23-07-2026 18:59:46,587 DEBUG Worker-1 <!--- delegate --->
23-07-2026 18:59:47,777 DEBUG Worker-5 <!--- delegate --->
23-07-2026 18:59:48,893 DEBUG Worker-5 <!--- delegate --->
23-07-2026 18:59:49,187 DEBUG Worker-3 <!--- delegate --->
23-07-2026 18:59:49,270 DEBUG Worker-3 <!--- trade created --->
23-07-2026 18:59:49,355 DEBUG Worker-3 <!--- trade inited --->
23-07-2026 18:59:50,064 DEBUG Worker-6 <!--- delegate --->
23-07-2026 18:59:50,197 DEBUG Worker-1 <!--- delegate --->
23-07-2026 18:59:51,500 DEBUG Worker-5 <!--- delegate --->
23-07-2026 18:59:53,609 DEBUG Worker-5 <!--- delegate --->
23-07-2026 18:59:53,771 DEBUG Worker-6 <!--- delegate --->
23-07-2026 18:59:53,849 DEBUG Worker-6 <!--- delegate --->
23-07-2026 18:59:54,488 ERROR IssueWorker.4 <!--- 操作设备pin失败, 参数:readOnce,, --->
java.io.IOException: 0018 终端没有配置PIN类型的外设
	at cn.com.agree.ab.gui.device.PinDeviceDelegate.delegateCallDevice(PinDeviceDelegate.java:37)
	at cn.com.agree.ab.gui.DeviceUtil.call(DeviceUtil.java:77)
	at cn.com.agree.ab.gui.GuiTradeIssueListener.callDevice(GuiTradeIssueListener.java:170)
	at cn.com.agree.ab.trade.TradeServiceMarshaller.delegateCallDevice(TradeServiceMarshaller.java:113)
	at cn.com.agree.ab.trade.client.TradeIssuer.handleIssue(TradeIssuer.java:95)
	at cn.com.agree.ab.trade.client.TradeIssuer.run(TradeIssuer.java:191)
	at java.util.concurrent.ThreadPoolExecutor$Worker.runTask(Unknown Source)
	at java.util.concurrent.ThreadPoolExecutor$Worker.run(Unknown Source)
	at java.lang.Thread.run(Unknown Source)
23-07-2026 18:59:54,917 DEBUG Worker-3 <!--- delegate --->
23-07-2026 18:59:55,003 DEBUG Worker-3 <!--- trade created --->
23-07-2026 18:59:55,098 DEBUG Worker-3 <!--- trade inited --->
23-07-2026 18:59:57,473 DEBUG Worker-3 <!--- delegate --->
23-07-2026 18:59:57,993 DEBUG Worker-3 <!--- delegate --->
23-07-2026 18:59:58,308 ERROR IssueWorker.3 <!--- 操作设备pin失败, 参数:readTwice,, --->
java.io.IOException: 0018 终端没有配置PIN类型的外设
	at cn.com.agree.ab.gui.device.PinDeviceDelegate.delegateCallDevice(PinDeviceDelegate.java:37)
	at cn.com.agree.ab.gui.DeviceUtil.call(DeviceUtil.java:77)
	at cn.com.agree.ab.gui.GuiTradeIssueListener.callDevice(GuiTradeIssueListener.java:170)
	at cn.com.agree.ab.trade.TradeServiceMarshaller.delegateCallDevice(TradeServiceMarshaller.java:113)
	at cn.com.agree.ab.trade.client.TradeIssuer.handleIssue(TradeIssuer.java:95)
	at cn.com.agree.ab.trade.client.TradeIssuer.run(TradeIssuer.java:191)
	at java.util.concurrent.ThreadPoolExecutor$Worker.runTask(Unknown Source)
	at java.util.concurrent.ThreadPoolExecutor$Worker.run(Unknown Source)
	at java.lang.Thread.run(Unknown Source)
23-07-2026 18:59:58,653 DEBUG Worker-5 <!--- delegate --->
23-07-2026 18:59:58,754 DEBUG Worker-5 <!--- trade created --->
23-07-2026 18:59:58,840 DEBUG Worker-5 <!--- trade inited --->
23-07-2026 19:00:02,975 DEBUG Worker-1 <!--- delegate --->
23-07-2026 19:00:03,096 DEBUG Worker-5 <!--- delegate --->
23-07-2026 19:00:04,259 DEBUG Worker-1 <!--- delegate --->
23-07-2026 19:00:21,084 DEBUG Worker-5 <!--- delegate --->
23-07-2026 19:00:26,406 DEBUG Worker-4 <!--- delegate --->
23-07-2026 19:00:27,510 DEBUG Worker-4 <!--- delegate --->
23-07-2026 19:00:31,864 DEBUG Worker-6 <!--- delegate --->
23-07-2026 19:00:32,592 DEBUG Worker-3 <!--- delegate --->
23-07-2026 19:00:32,768 DEBUG Worker-6 <!--- delegate --->
23-07-2026 19:00:33,317 DEBUG Worker-2 <!--- delegate --->
23-07-2026 19:00:33,917 DEBUG Worker-3 <!--- delegate --->
23-07-2026 19:00:34,008 DEBUG Worker-3 <!--- trade created --->
23-07-2026 19:00:34,527 DEBUG Worker-3 <!--- trade inited --->
23-07-2026 19:00:34,719 DEBUG Worker-1 <!--- delegate --->
23-07-2026 19:00:34,883 DEBUG Worker-5 <!--- delegate --->
23-07-2026 19:00:35,909 DEBUG Worker-4 <!--- delegate --->
23-07-2026 19:00:36,005 DEBUG Worker-4 <!--- trade created --->
23-07-2026 19:00:36,119 DEBUG Worker-4 <!--- trade inited --->
23-07-2026 19:00:36,363 DEBUG Worker-4 <!--- delegate --->
23-07-2026 19:00:37,402 DEBUG Worker-3 <!--- delegate --->
23-07-2026 19:00:37,879 DEBUG Worker-4 <!--- delegate --->
23-07-2026 19:00:38,055 DEBUG Worker-1 <!--- delegate --->
23-07-2026 19:00:44,235 DEBUG Worker-5 <!--- delegate --->
23-07-2026 19:00:44,322 DEBUG Worker-2 <!--- delegate --->
23-07-2026 19:00:44,421 DEBUG Worker-4 <!--- delegate --->
23-07-2026 19:01:00,109 DEBUG Worker-3 <!--- delegate --->
23-07-2026 19:01:02,430 DEBUG Worker-1 <!--- delegate --->
23-07-2026 19:01:02,514 DEBUG Worker-1 <!--- trade created --->
23-07-2026 19:01:02,670 DEBUG Worker-1 <!--- trade inited --->
23-07-2026 19:01:02,678 DEBUG Worker-6 <!--- delegate --->
23-07-2026 19:01:02,897 DEBUG Worker-5 <!--- delegate --->
23-07-2026 19:01:02,995 DEBUG Worker-5 <!--- trade created --->
23-07-2026 19:01:03,066 DEBUG Worker-5 <!--- trade inited --->
23-07-2026 19:01:04,276 DEBUG Worker-5 <!--- delegate --->
23-07-2026 19:01:04,396 DEBUG Worker-1 <!--- delegate --->
23-07-2026 19:01:20,875 DEBUG Worker-1 <!--- delegate --->
23-07-2026 19:01:21,981 DEBUG Worker-1 <!--- delegate --->
23-07-2026 19:01:22,288 DEBUG Worker-2 <!--- delegate --->
23-07-2026 19:01:22,371 DEBUG Worker-2 <!--- trade created --->
23-07-2026 19:01:22,457 DEBUG Worker-2 <!--- trade inited --->
23-07-2026 19:01:24,604 DEBUG Worker-3 <!--- delegate --->
23-07-2026 19:01:24,743 DEBUG Worker-6 <!--- delegate --->
23-07-2026 19:01:31,249 DEBUG Worker-1 <!--- delegate --->
23-07-2026 19:01:34,471 DEBUG Worker-2 <!--- delegate --->
23-07-2026 19:01:34,717 DEBUG Worker-3 <!--- delegate --->
23-07-2026 19:01:34,808 DEBUG Worker-3 <!--- trade created --->
23-07-2026 19:01:34,883 DEBUG Worker-3 <!--- trade inited --->
23-07-2026 19:01:35,825 DEBUG Worker-4 <!--- delegate --->
23-07-2026 19:01:35,957 DEBUG Worker-3 <!--- delegate --->
23-07-2026 19:01:46,747 DEBUG Worker-3 <!--- delegate --->
23-07-2026 19:01:46,857 DEBUG Worker-6 <!--- delegate --->
23-07-2026 19:01:46,937 DEBUG Worker-3 <!--- delegate --->
23-07-2026 19:01:53,653 DEBUG Worker-1 <!--- delegate --->
23-07-2026 19:01:54,372 DEBUG Worker-5 <!--- delegate --->
23-07-2026 19:01:54,450 DEBUG Worker-5 <!--- trade created --->
23-07-2026 19:01:54,611 DEBUG Worker-5 <!--- trade inited --->
23-07-2026 19:01:54,618 DEBUG Worker-2 <!--- delegate --->
23-07-2026 19:01:55,225 DEBUG Worker-6 <!--- delegate --->
23-07-2026 19:01:55,296 DEBUG Worker-6 <!--- trade created --->
23-07-2026 19:01:55,365 DEBUG Worker-6 <!--- trade inited --->
23-07-2026 19:01:57,512 DEBUG Worker-1 <!--- delegate --->
23-07-2026 19:01:57,627 DEBUG Worker-4 <!--- delegate --->
23-07-2026 19:02:01,416 DEBUG Worker-1 <!--- delegate --->
23-07-2026 19:02:04,398 DEBUG Worker-4 <!--- delegate --->
23-07-2026 19:02:05,436 DEBUG Worker-3 <!--- delegate --->
23-07-2026 19:02:05,799 DEBUG Worker-6 <!--- delegate --->
23-07-2026 19:02:05,887 DEBUG Worker-6 <!--- trade created --->
23-07-2026 19:02:05,972 DEBUG Worker-6 <!--- trade inited --->
23-07-2026 19:02:05,987 DEBUG Worker-1 <!--- delegate --->
23-07-2026 19:02:07,531 DEBUG Worker-6 <!--- delegate --->
23-07-2026 19:02:07,835 ERROR IssueWorker.8 <!--- 操作设备msf失败, 参数:read,2 --->
java.io.IOException: 0018 终端没有配置MSF类型的外设
	at cn.com.agree.ab.gui.device.MsfDeviceDelegate.delegateCallDevice(MsfDeviceDelegate.java:48)
	at cn.com.agree.ab.gui.DeviceUtil.call(DeviceUtil.java:77)
	at cn.com.agree.ab.gui.GuiTradeIssueListener.callDevice(GuiTradeIssueListener.java:170)
	at cn.com.agree.ab.trade.TradeServiceMarshaller.delegateCallDevice(TradeServiceMarshaller.java:113)
	at cn.com.agree.ab.trade.client.TradeIssuer.handleIssue(TradeIssuer.java:95)
	at cn.com.agree.ab.trade.client.TradeIssuer.run(TradeIssuer.java:191)
	at java.util.concurrent.ThreadPoolExecutor$Worker.runTask(Unknown Source)
	at java.util.concurrent.ThreadPoolExecutor$Worker.run(Unknown Source)
	at java.lang.Thread.run(Unknown Source)
23-07-2026 19:02:08,883 DEBUG Worker-6 <!--- delegate --->
23-07-2026 19:02:09,122 DEBUG Worker-6 <!--- delegate --->
23-07-2026 19:02:12,932 DEBUG Worker-4 <!--- delegate --->
23-07-2026 19:02:14,934 DEBUG Worker-4 <!--- delegate --->
23-07-2026 19:02:16,455 DEBUG Worker-1 <!--- delegate --->
23-07-2026 19:02:16,687 DEBUG Worker-6 <!--- delegate --->
23-07-2026 19:02:16,838 DEBUG Worker-1 <!--- delegate --->
23-07-2026 19:02:19,131 DEBUG Worker-6 <!--- delegate --->
23-07-2026 19:02:19,510 DEBUG Worker-3 <!--- delegate --->
23-07-2026 19:02:19,604 DEBUG Worker-3 <!--- trade created --->
23-07-2026 19:02:19,691 DEBUG Worker-3 <!--- trade inited --->
23-07-2026 19:02:19,697 DEBUG Worker-5 <!--- delegate --->
23-07-2026 19:02:21,219 DEBUG Worker-1 <!--- delegate --->
23-07-2026 19:02:23,205 DEBUG Worker-1 <!--- delegate --->
23-07-2026 19:02:23,799 DEBUG Worker-5 <!--- delegate --->
23-07-2026 19:02:23,885 DEBUG Worker-5 <!--- trade created --->
23-07-2026 19:02:23,964 DEBUG Worker-5 <!--- trade inited --->
23-07-2026 19:02:23,973 DEBUG Worker-3 <!--- delegate --->
23-07-2026 19:02:26,051 DEBUG Worker-3 <!--- delegate --->
23-07-2026 19:02:26,436 ERROR IssueWorker.8 <!--- 操作设备msf失败, 参数:read,2 --->
java.io.IOException: 0018 终端没有配置MSF类型的外设
	at cn.com.agree.ab.gui.device.MsfDeviceDelegate.delegateCallDevice(MsfDeviceDelegate.java:48)
	at cn.com.agree.ab.gui.DeviceUtil.call(DeviceUtil.java:77)
	at cn.com.agree.ab.gui.GuiTradeIssueListener.callDevice(GuiTradeIssueListener.java:170)
	at cn.com.agree.ab.trade.TradeServiceMarshaller.delegateCallDevice(TradeServiceMarshaller.java:113)
	at cn.com.agree.ab.trade.client.TradeIssuer.handleIssue(TradeIssuer.java:95)
	at cn.com.agree.ab.trade.client.TradeIssuer.run(TradeIssuer.java:191)
	at java.util.concurrent.ThreadPoolExecutor$Worker.runTask(Unknown Source)
	at java.util.concurrent.ThreadPoolExecutor$Worker.run(Unknown Source)
	at java.lang.Thread.run(Unknown Source)
23-07-2026 19:02:27,838 DEBUG Worker-3 <!--- delegate --->
23-07-2026 19:02:30,443 DEBUG Worker-2 <!--- delegate --->
23-07-2026 19:02:31,844 DEBUG Worker-3 <!--- delegate --->
23-07-2026 19:02:32,262 DEBUG Worker-3 <!--- delegate --->
23-07-2026 19:02:32,377 DEBUG Worker-5 <!--- delegate --->
23-07-2026 19:14:03,673 DEBUG Worker-4 <!--- delegate --->
23-07-2026 19:14:03,835 DEBUG Worker-5 <!--- delegate --->
23-07-2026 19:14:03,931 DEBUG Worker-4 <!--- delegate --->
23-07-2026 19:14:04,050 DEBUG Worker-5 <!--- delegate --->
23-07-2026 19:14:09,302 DEBUG Worker-5 <!--- delegate --->
23-07-2026 19:14:09,683 DEBUG Worker-5 <!--- delegate --->
23-07-2026 19:14:09,779 DEBUG Worker-5 <!--- trade created --->
23-07-2026 19:14:09,947 DEBUG Worker-5 <!--- trade inited --->
23-07-2026 19:14:09,948 DEBUG Worker-4 <!--- delegate --->
23-07-2026 19:14:10,189 DEBUG Worker-8 <!--- delegate --->
23-07-2026 19:14:10,274 DEBUG Worker-8 <!--- trade created --->
23-07-2026 19:14:10,579 DEBUG Worker-8 <!--- trade inited --->
23-07-2026 19:14:11,509 DEBUG Worker-8 <!--- delegate --->
23-07-2026 19:14:11,624 DEBUG Worker-5 <!--- delegate --->
23-07-2026 19:14:13,331 DEBUG Worker-4 <!--- delegate --->
23-07-2026 19:14:15,719 DEBUG Worker-5 <!--- delegate --->
23-07-2026 19:14:17,361 DEBUG Worker-8 <!--- delegate --->
23-07-2026 19:14:17,632 DEBUG Worker-6 <!--- delegate --->
23-07-2026 19:14:17,711 DEBUG Worker-6 <!--- trade created --->
23-07-2026 19:14:17,794 DEBUG Worker-6 <!--- trade inited --->
23-07-2026 19:14:17,807 DEBUG Worker-4 <!--- delegate --->
23-07-2026 19:14:19,615 DEBUG Worker-5 <!--- delegate --->
23-07-2026 21:44:00,399 DEBUG Worker-4 <!--- delegate --->
23-07-2026 21:44:03,710 DEBUG Worker-11 <!--- delegate --->
23-07-2026 21:44:03,710 DEBUG Worker-0 <!--- delegate --->
23-07-2026 21:44:25,616 DEBUG Worker-4 <!--- delegate --->
23-07-2026 21:44:28,895 DEBUG Worker-4 <!--- trade created --->
23-07-2026 21:44:30,211 ERROR IssueWorker.2 <!--- 操作设备msf失败, 参数:read,2 --->
java.io.IOException: 0018 终端没有配置MSF类型的外设
	at cn.com.agree.ab.gui.device.MsfDeviceDelegate.delegateCallDevice(MsfDeviceDelegate.java:48)
	at cn.com.agree.ab.gui.DeviceUtil.call(DeviceUtil.java:77)
	at cn.com.agree.ab.gui.GuiTradeIssueListener.callDevice(GuiTradeIssueListener.java:170)
	at cn.com.agree.ab.trade.TradeServiceMarshaller.delegateCallDevice(TradeServiceMarshaller.java:113)
	at cn.com.agree.ab.trade.client.TradeIssuer.handleIssue(TradeIssuer.java:95)
	at cn.com.agree.ab.trade.client.TradeIssuer.run(TradeIssuer.java:191)
	at java.util.concurrent.ThreadPoolExecutor$Worker.runTask(Unknown Source)
	at java.util.concurrent.ThreadPoolExecutor$Worker.run(Unknown Source)
	at java.lang.Thread.run(Unknown Source)
23-07-2026 21:44:30,669 DEBUG Worker-4 <!--- trade inited --->
23-07-2026 21:44:30,683 DEBUG Worker-5 <!--- delegate --->
23-07-2026 21:44:39,869 DEBUG Worker-5 <!--- delegate --->
23-07-2026 21:44:41,883 DEBUG Worker-5 <!--- delegate --->
23-07-2026 21:44:45,152 DEBUG Worker-3 <!--- delegate --->
23-07-2026 21:44:48,277 DEBUG Worker-5 <!--- delegate --->
23-07-2026 21:44:53,949 DEBUG Worker-3 <!--- delegate --->
23-07-2026 21:44:53,949 DEBUG Worker-2 <!--- delegate --->
23-07-2026 21:44:54,240 DEBUG Worker-3 <!--- trade created --->
23-07-2026 21:44:54,970 DEBUG Worker-3 <!--- trade inited --->
23-07-2026 21:45:35,543 DEBUG Worker-4 <!--- delegate --->
23-07-2026 21:45:37,449 DEBUG Worker-4 <!--- delegate --->
23-07-2026 21:45:38,041 DEBUG Worker-1 <!--- delegate --->
23-07-2026 21:45:39,072 DEBUG Worker-4 <!--- delegate --->
23-07-2026 21:45:39,474 DEBUG Worker-3 <!--- delegate --->
23-07-2026 21:45:39,876 DEBUG Worker-3 <!--- trade created --->
23-07-2026 21:45:40,195 ERROR IssueWorker.1 <!--- 操作设备msf失败, 参数:read,2 --->
java.io.IOException: 0018 终端没有配置MSF类型的外设
	at cn.com.agree.ab.gui.device.MsfDeviceDelegate.delegateCallDevice(MsfDeviceDelegate.java:48)
	at cn.com.agree.ab.gui.DeviceUtil.call(DeviceUtil.java:77)
	at cn.com.agree.ab.gui.GuiTradeIssueListener.callDevice(GuiTradeIssueListener.java:170)
	at cn.com.agree.ab.trade.TradeServiceMarshaller.delegateCallDevice(TradeServiceMarshaller.java:113)
	at cn.com.agree.ab.trade.client.TradeIssuer.handleIssue(TradeIssuer.java:95)
	at cn.com.agree.ab.trade.client.TradeIssuer.run(TradeIssuer.java:191)
	at java.util.concurrent.ThreadPoolExecutor$Worker.runTask(Unknown Source)
	at java.util.concurrent.ThreadPoolExecutor$Worker.run(Unknown Source)
	at java.lang.Thread.run(Unknown Source)
23-07-2026 21:45:40,354 DEBUG Worker-3 <!--- trade inited --->
23-07-2026 21:45:40,363 DEBUG Worker-6 <!--- delegate --->
23-07-2026 21:45:46,834 DEBUG Worker-6 <!--- delegate --->
23-07-2026 21:45:47,409 DEBUG Worker-5 <!--- delegate --->
23-07-2026 21:45:48,526 DEBUG Worker-1 <!--- delegate --->
23-07-2026 21:45:51,961 DEBUG Worker-3 <!--- delegate --->
23-07-2026 21:45:53,832 DEBUG Worker-6 <!--- delegate --->
23-07-2026 21:45:54,115 DEBUG Worker-2 <!--- delegate --->
23-07-2026 21:45:55,729 DEBUG Worker-4 <!--- delegate --->
23-07-2026 21:45:59,488 DEBUG Worker-5 <!--- delegate --->
23-07-2026 21:45:59,609 DEBUG Worker-3 <!--- delegate --->
23-07-2026 21:45:59,692 DEBUG Worker-2 <!--- delegate --->
23-07-2026 21:45:59,787 DEBUG Worker-5 <!--- delegate --->
23-07-2026 21:46:01,072 DEBUG Worker-6 <!--- delegate --->
24-07-2026 10:52:17,775 DEBUG Worker-2 <!--- delegate --->
24-07-2026 10:52:21,273 DEBUG Worker-2 <!--- trade created --->
24-07-2026 10:52:22,754 ERROR IssueWorker.1 <!--- 操作设备msf失败, 参数:read,2 --->
java.io.IOException: 0018 终端没有配置MSF类型的外设
	at cn.com.agree.ab.gui.device.MsfDeviceDelegate.delegateCallDevice(MsfDeviceDelegate.java:48)
	at cn.com.agree.ab.gui.DeviceUtil.call(DeviceUtil.java:77)
	at cn.com.agree.ab.gui.GuiTradeIssueListener.callDevice(GuiTradeIssueListener.java:170)
	at cn.com.agree.ab.trade.TradeServiceMarshaller.delegateCallDevice(TradeServiceMarshaller.java:113)
	at cn.com.agree.ab.trade.client.TradeIssuer.handleIssue(TradeIssuer.java:95)
	at cn.com.agree.ab.trade.client.TradeIssuer.run(TradeIssuer.java:191)
	at java.util.concurrent.ThreadPoolExecutor$Worker.runTask(Unknown Source)
	at java.util.concurrent.ThreadPoolExecutor$Worker.run(Unknown Source)
	at java.lang.Thread.run(Unknown Source)
24-07-2026 10:52:22,899 DEBUG Worker-2 <!--- trade inited --->
24-07-2026 10:52:22,911 DEBUG Worker-4 <!--- delegate --->
24-07-2026 10:52:27,589 DEBUG Worker-1 <!--- delegate --->
24-07-2026 10:52:30,306 DEBUG Worker-5 <!--- delegate --->
24-07-2026 10:52:34,023 DEBUG Worker-3 <!--- delegate --->
24-07-2026 10:52:34,023 DEBUG Worker-2 <!--- delegate --->
24-07-2026 10:52:34,211 DEBUG Worker-2 <!--- trade created --->
24-07-2026 10:52:35,047 DEBUG Worker-2 <!--- trade inited --->
24-07-2026 10:52:38,157 DEBUG Worker-6 <!--- delegate --->
24-07-2026 10:53:23,725 DEBUG Worker-4 <!--- delegate --->
24-07-2026 10:53:25,270 DEBUG Worker-5 <!--- delegate --->
24-07-2026 10:53:25,424 DEBUG Worker-5 <!--- trade created --->
24-07-2026 10:53:25,706 DEBUG Worker-5 <!--- trade inited --->
24-07-2026 10:53:30,898 DEBUG Worker-5 <!--- delegate --->
24-07-2026 10:53:30,991 DEBUG Worker-5 <!--- delegate --->
24-07-2026 10:53:31,520 DEBUG Worker-1 <!--- delegate --->
24-07-2026 10:53:31,605 DEBUG Worker-1 <!--- trade created --->
24-07-2026 10:53:31,696 DEBUG Worker-1 <!--- trade inited --->
24-07-2026 10:53:33,112 DEBUG Worker-1 <!--- delegate --->
24-07-2026 10:53:33,246 DEBUG Worker-6 <!--- delegate --->
24-07-2026 10:53:59,996 DEBUG Worker-6 <!--- delegate --->
24-07-2026 10:54:00,384 DEBUG Worker-6 <!--- delegate --->
24-07-2026 10:54:00,573 ERROR IssueWorker.3 <!--- 操作设备pin失败, 参数:readOnce,, --->
java.io.IOException: 0018 终端没有配置PIN类型的外设
	at cn.com.agree.ab.gui.device.PinDeviceDelegate.delegateCallDevice(PinDeviceDelegate.java:37)
	at cn.com.agree.ab.gui.DeviceUtil.call(DeviceUtil.java:77)
	at cn.com.agree.ab.gui.GuiTradeIssueListener.callDevice(GuiTradeIssueListener.java:170)
	at cn.com.agree.ab.trade.TradeServiceMarshaller.delegateCallDevice(TradeServiceMarshaller.java:113)
	at cn.com.agree.ab.trade.client.TradeIssuer.handleIssue(TradeIssuer.java:95)
	at cn.com.agree.ab.trade.client.TradeIssuer.run(TradeIssuer.java:191)
	at java.util.concurrent.ThreadPoolExecutor$Worker.runTask(Unknown Source)
	at java.util.concurrent.ThreadPoolExecutor$Worker.run(Unknown Source)
	at java.lang.Thread.run(Unknown Source)
24-07-2026 10:54:00,979 DEBUG Worker-4 <!--- delegate --->
24-07-2026 10:54:01,054 DEBUG Worker-4 <!--- trade created --->
24-07-2026 10:54:01,129 DEBUG Worker-4 <!--- trade inited --->
24-07-2026 10:54:05,710 DEBUG Worker-1 <!--- delegate --->
24-07-2026 10:54:05,839 DEBUG Worker-3 <!--- delegate --->
24-07-2026 10:54:42,871 DEBUG Worker-5 <!--- delegate --->
24-07-2026 10:54:44,090 DEBUG Worker-2 <!--- delegate --->
24-07-2026 10:54:44,172 DEBUG Worker-2 <!--- trade created --->
24-07-2026 10:54:44,307 DEBUG Worker-2 <!--- trade inited --->
24-07-2026 10:54:46,036 DEBUG Worker-4 <!--- delegate --->
24-07-2026 10:54:47,290 DEBUG Worker-4 <!--- delegate --->
24-07-2026 10:54:47,721 DEBUG Worker-4 <!--- delegate --->
24-07-2026 10:54:47,988 DEBUG Worker-1 <!--- delegate --->
24-07-2026 10:54:48,990 DEBUG Worker-4 <!--- delegate --->
24-07-2026 10:54:49,074 DEBUG Worker-4 <!--- trade created --->
24-07-2026 10:54:49,148 DEBUG Worker-4 <!--- trade inited --->
24-07-2026 10:54:49,161 DEBUG Worker-1 <!--- delegate --->
24-07-2026 10:54:52,416 DEBUG Worker-3 <!--- delegate --->
24-07-2026 10:54:52,610 ERROR IssueWorker.6 <!--- 操作设备msf失败, 参数:read,2 --->
java.io.IOException: 0018 终端没有配置MSF类型的外设
	at cn.com.agree.ab.gui.device.MsfDeviceDelegate.delegateCallDevice(MsfDeviceDelegate.java:48)
	at cn.com.agree.ab.gui.DeviceUtil.call(DeviceUtil.java:77)
	at cn.com.agree.ab.gui.GuiTradeIssueListener.callDevice(GuiTradeIssueListener.java:170)
	at cn.com.agree.ab.trade.TradeServiceMarshaller.delegateCallDevice(TradeServiceMarshaller.java:113)
	at cn.com.agree.ab.trade.client.TradeIssuer.handleIssue(TradeIssuer.java:95)
	at cn.com.agree.ab.trade.client.TradeIssuer.run(TradeIssuer.java:191)
	at java.util.concurrent.ThreadPoolExecutor$Worker.runTask(Unknown Source)
	at java.util.concurrent.ThreadPoolExecutor$Worker.run(Unknown Source)
	at java.lang.Thread.run(Unknown Source)
24-07-2026 10:54:53,456 DEBUG Worker-3 <!--- delegate --->
24-07-2026 10:54:57,758 DEBUG Worker-3 <!--- delegate --->
24-07-2026 10:54:59,663 DEBUG Worker-4 <!--- delegate --->
24-07-2026 10:55:00,075 DEBUG Worker-1 <!--- delegate --->
24-07-2026 10:55:00,239 DEBUG Worker-3 <!--- delegate --->
24-07-2026 10:55:04,816 DEBUG Worker-4 <!--- delegate --->
24-07-2026 10:55:04,816 DEBUG Worker-3 <!--- delegate --->
24-07-2026 10:55:05,008 DEBUG Worker-3 <!--- trade created --->
24-07-2026 10:55:05,162 DEBUG Worker-3 <!--- trade inited --->
24-07-2026 10:55:16,048 DEBUG Worker-6 <!--- delegate --->
24-07-2026 10:55:16,133 DEBUG Worker-6 <!--- delegate --->
24-07-2026 10:55:16,520 DEBUG Worker-5 <!--- delegate --->
24-07-2026 10:55:16,612 DEBUG Worker-5 <!--- trade created --->
24-07-2026 10:55:16,692 DEBUG Worker-5 <!--- trade inited --->
24-07-2026 10:55:18,812 DEBUG Worker-4 <!--- delegate --->
24-07-2026 10:55:18,957 DEBUG Worker-3 <!--- delegate --->
24-07-2026 10:55:21,097 DEBUG Worker-5 <!--- delegate --->
24-07-2026 10:55:21,737 DEBUG Worker-5 <!--- delegate --->
24-07-2026 10:55:21,905 ERROR IssueWorker.3 <!--- 操作设备pin失败, 参数:readOnce,, --->
java.io.IOException: 0018 终端没有配置PIN类型的外设
	at cn.com.agree.ab.gui.device.PinDeviceDelegate.delegateCallDevice(PinDeviceDelegate.java:37)
	at cn.com.agree.ab.gui.DeviceUtil.call(DeviceUtil.java:77)
	at cn.com.agree.ab.gui.GuiTradeIssueListener.callDevice(GuiTradeIssueListener.java:170)
	at cn.com.agree.ab.trade.TradeServiceMarshaller.delegateCallDevice(TradeServiceMarshaller.java:113)
	at cn.com.agree.ab.trade.client.TradeIssuer.handleIssue(TradeIssuer.java:95)
	at cn.com.agree.ab.trade.client.TradeIssuer.run(TradeIssuer.java:191)
	at java.util.concurrent.ThreadPoolExecutor$Worker.runTask(Unknown Source)
	at java.util.concurrent.ThreadPoolExecutor$Worker.run(Unknown Source)
	at java.lang.Thread.run(Unknown Source)
24-07-2026 10:55:22,207 DEBUG Worker-1 <!--- delegate --->
24-07-2026 10:55:22,290 DEBUG Worker-1 <!--- trade created --->
24-07-2026 10:55:22,369 DEBUG Worker-1 <!--- trade inited --->
24-07-2026 10:55:25,200 DEBUG Worker-6 <!--- delegate --->
24-07-2026 10:55:25,341 DEBUG Worker-3 <!--- delegate --->
24-07-2026 10:55:42,855 DEBUG Worker-4 <!--- delegate --->
24-07-2026 10:55:43,879 DEBUG Worker-2 <!--- delegate --->
24-07-2026 10:55:43,969 DEBUG Worker-2 <!--- trade created --->
24-07-2026 10:55:44,117 DEBUG Worker-2 <!--- trade inited --->
24-07-2026 10:55:45,577 DEBUG Worker-2 <!--- delegate --->
24-07-2026 10:55:46,310 DEBUG Worker-5 <!--- delegate --->
24-07-2026 10:55:46,666 DEBUG Worker-2 <!--- delegate --->
24-07-2026 10:55:46,965 DEBUG Worker-6 <!--- delegate --->
24-07-2026 10:55:47,975 DEBUG Worker-1 <!--- delegate --->
24-07-2026 10:55:48,071 DEBUG Worker-1 <!--- trade created --->
24-07-2026 10:55:48,157 DEBUG Worker-1 <!--- trade inited --->
24-07-2026 10:55:48,172 DEBUG Worker-6 <!--- delegate --->
24-07-2026 10:56:00,847 DEBUG Worker-5 <!--- delegate --->
24-07-2026 10:56:01,123 DEBUG Worker-1 <!--- delegate --->
24-07-2026 10:56:04,032 DEBUG Worker-5 <!--- delegate --->
24-07-2026 10:56:04,284 DEBUG Worker-1 <!--- delegate --->
24-07-2026 10:56:04,394 DEBUG Worker-5 <!--- delegate --->
24-07-2026 10:56:04,477 DEBUG Worker-4 <!--- delegate --->
24-07-2026 11:26:06,944 DEBUG Worker-1 <!--- delegate --->
24-07-2026 11:26:07,399 DEBUG Worker-5 <!--- delegate --->
24-07-2026 11:26:07,399 DEBUG Worker-3 <!--- delegate --->
24-07-2026 11:26:07,555 DEBUG Worker-3 <!--- trade created --->
24-07-2026 11:26:07,891 ERROR IssueWorker.7 <!--- 操作设备msf失败, 参数:read,2 --->
java.io.IOException: 0018 终端没有配置MSF类型的外设
	at cn.com.agree.ab.gui.device.MsfDeviceDelegate.delegateCallDevice(MsfDeviceDelegate.java:48)
	at cn.com.agree.ab.gui.DeviceUtil.call(DeviceUtil.java:77)
	at cn.com.agree.ab.gui.GuiTradeIssueListener.callDevice(GuiTradeIssueListener.java:170)
	at cn.com.agree.ab.trade.TradeServiceMarshaller.delegateCallDevice(TradeServiceMarshaller.java:113)
	at cn.com.agree.ab.trade.client.TradeIssuer.handleIssue(TradeIssuer.java:95)
	at cn.com.agree.ab.trade.client.TradeIssuer.run(TradeIssuer.java:191)
	at java.util.concurrent.ThreadPoolExecutor$Worker.runTask(Unknown Source)
	at java.util.concurrent.ThreadPoolExecutor$Worker.run(Unknown Source)
	at java.lang.Thread.run(Unknown Source)
24-07-2026 11:26:08,051 DEBUG Worker-3 <!--- trade inited --->
24-07-2026 11:26:08,055 DEBUG Worker-4 <!--- delegate --->
24-07-2026 11:26:08,885 DEBUG Worker-1 <!--- delegate --->
24-07-2026 11:26:10,295 DEBUG Worker-2 <!--- delegate --->
26-07-2026 22:50:53,765 DEBUG Worker-2 <!--- delegate --->
26-07-2026 22:50:59,932 DEBUG Worker-2 <!--- trade created --->
26-07-2026 22:51:02,725 ERROR IssueWorker.1 <!--- 操作设备msf失败, 参数:read,2 --->
java.io.IOException: 0018 终端没有配置MSF类型的外设
	at cn.com.agree.ab.gui.device.MsfDeviceDelegate.delegateCallDevice(MsfDeviceDelegate.java:48)
	at cn.com.agree.ab.gui.DeviceUtil.call(DeviceUtil.java:77)
	at cn.com.agree.ab.gui.GuiTradeIssueListener.callDevice(GuiTradeIssueListener.java:170)
	at cn.com.agree.ab.trade.TradeServiceMarshaller.delegateCallDevice(TradeServiceMarshaller.java:113)
	at cn.com.agree.ab.trade.client.TradeIssuer.handleIssue(TradeIssuer.java:95)
	at cn.com.agree.ab.trade.client.TradeIssuer.run(TradeIssuer.java:191)
	at java.util.concurrent.ThreadPoolExecutor$Worker.runTask(Unknown Source)
	at java.util.concurrent.ThreadPoolExecutor$Worker.run(Unknown Source)
	at java.lang.Thread.run(Unknown Source)
26-07-2026 22:51:02,875 DEBUG Worker-2 <!--- trade inited --->
26-07-2026 22:51:02,883 DEBUG Worker-5 <!--- delegate --->
26-07-2026 22:51:09,666 DEBUG Worker-2 <!--- delegate --->
26-07-2026 23:38:02,334 DEBUG Worker-3 <!--- delegate --->
26-07-2026 23:38:08,152 DEBUG Worker-3 <!--- trade created --->
26-07-2026 23:38:11,735 ERROR IssueWorker.1 <!--- 操作设备msf失败, 参数:read,2 --->
java.io.IOException: 0018 终端没有配置MSF类型的外设
	at cn.com.agree.ab.gui.device.MsfDeviceDelegate.delegateCallDevice(MsfDeviceDelegate.java:48)
	at cn.com.agree.ab.gui.DeviceUtil.call(DeviceUtil.java:77)
	at cn.com.agree.ab.gui.GuiTradeIssueListener.callDevice(GuiTradeIssueListener.java:170)
	at cn.com.agree.ab.trade.TradeServiceMarshaller.delegateCallDevice(TradeServiceMarshaller.java:113)
	at cn.com.agree.ab.trade.client.TradeIssuer.handleIssue(TradeIssuer.java:95)
	at cn.com.agree.ab.trade.client.TradeIssuer.run(TradeIssuer.java:191)
	at java.util.concurrent.ThreadPoolExecutor$Worker.runTask(Unknown Source)
	at java.util.concurrent.ThreadPoolExecutor$Worker.run(Unknown Source)
	at java.lang.Thread.run(Unknown Source)
26-07-2026 23:38:11,876 DEBUG Worker-3 <!--- trade inited --->
26-07-2026 23:38:11,885 DEBUG Worker-1 <!--- delegate --->
26-07-2026 23:38:13,959 DEBUG Worker-1 <!--- delegate --->
26-07-2026 23:38:16,135 DEBUG Worker-4 <!--- delegate --->
26-07-2026 23:38:21,507 DEBUG Worker-3 <!--- delegate --->
26-07-2026 23:38:21,507 DEBUG Worker-5 <!--- delegate --->
26-07-2026 23:38:21,969 DEBUG Worker-3 <!--- trade created --->
26-07-2026 23:38:23,608 DEBUG Worker-3 <!--- trade inited --->
26-07-2026 23:38:25,325 DEBUG Worker-4 <!--- delegate --->
26-07-2026 23:38:30,142 DEBUG Worker-5 <!--- delegate --->
26-07-2026 23:38:31,812 DEBUG Worker-4 <!--- delegate --->
26-07-2026 23:38:31,907 DEBUG Worker-4 <!--- trade created --->
26-07-2026 23:38:32,471 DEBUG Worker-4 <!--- trade inited --->
26-07-2026 23:38:40,577 DEBUG Worker-4 <!--- delegate --->
26-07-2026 23:38:44,093 DEBUG Worker-1 <!--- delegate --->
26-07-2026 23:38:47,567 DEBUG Worker-2 <!--- delegate --->
26-07-2026 23:38:48,733 DEBUG Worker-1 <!--- delegate --->
26-07-2026 23:38:49,542 DEBUG Worker-2 <!--- delegate --->
26-07-2026 23:38:49,542 DEBUG Worker-5 <!--- delegate --->
26-07-2026 23:38:49,804 DEBUG Worker-2 <!--- trade created --->
26-07-2026 23:38:51,593 DEBUG Worker-2 <!--- trade inited --->
26-07-2026 23:38:55,729 DEBUG Worker-5 <!--- delegate --->
26-07-2026 23:38:57,700 DEBUG Worker-4 <!--- delegate --->
26-07-2026 23:38:58,271 DEBUG Worker-5 <!--- delegate --->
26-07-2026 23:38:58,345 DEBUG Worker-5 <!--- trade created --->
26-07-2026 23:38:58,493 DEBUG Worker-5 <!--- trade inited --->
26-07-2026 23:38:59,824 DEBUG Worker-3 <!--- delegate --->
26-07-2026 23:39:07,173 DEBUG Worker-5 <!--- delegate --->
26-07-2026 23:39:07,281 DEBUG Worker-3 <!--- delegate --->
26-07-2026 23:39:11,697 DEBUG Worker-1 <!--- delegate --->
26-07-2026 23:39:12,087 DEBUG Worker-3 <!--- delegate --->
26-07-2026 23:39:12,193 DEBUG Worker-3 <!--- trade created --->
26-07-2026 23:39:12,483 DEBUG Worker-3 <!--- trade inited --->
26-07-2026 23:39:13,316 DEBUG Worker-5 <!--- delegate --->
26-07-2026 23:39:13,580 DEBUG Worker-2 <!--- delegate --->
26-07-2026 23:39:25,685 DEBUG Worker-2 <!--- delegate --->
26-07-2026 23:39:26,606 DEBUG Worker-2 <!--- delegate --->
26-07-2026 23:39:27,145 DEBUG Worker-1 <!--- delegate --->
26-07-2026 23:39:27,213 DEBUG Worker-1 <!--- trade created --->
26-07-2026 23:39:27,284 DEBUG Worker-1 <!--- trade inited --->
26-07-2026 23:39:28,683 DEBUG Worker-1 <!--- delegate --->
26-07-2026 23:39:28,842 DEBUG Worker-1 <!--- delegate --->
26-07-2026 23:39:31,334 DEBUG Worker-3 <!--- delegate --->
26-07-2026 23:39:32,683 DEBUG Worker-3 <!--- delegate --->
26-07-2026 23:39:33,011 DEBUG Worker-4 <!--- delegate --->
26-07-2026 23:39:33,094 DEBUG Worker-4 <!--- trade created --->
26-07-2026 23:39:33,253 DEBUG Worker-4 <!--- trade inited --->
26-07-2026 23:39:34,523 DEBUG Worker-5 <!--- delegate --->
26-07-2026 23:39:34,711 DEBUG Worker-5 <!--- delegate --->
26-07-2026 23:39:36,106 DEBUG Worker-2 <!--- delegate --->
26-07-2026 23:39:37,212 DEBUG Worker-2 <!--- delegate --->
26-07-2026 23:39:37,451 DEBUG Worker-3 <!--- delegate --->
26-07-2026 23:39:37,533 DEBUG Worker-3 <!--- trade created --->
26-07-2026 23:39:37,617 DEBUG Worker-3 <!--- trade inited --->
26-07-2026 23:39:40,527 DEBUG Worker-5 <!--- delegate --->
26-07-2026 23:39:40,656 DEBUG Worker-5 <!--- delegate --->
26-07-2026 23:39:41,998 DEBUG Worker-1 <!--- delegate --->
26-07-2026 23:39:45,105 DEBUG Worker-1 <!--- delegate --->
26-07-2026 23:39:45,338 DEBUG Worker-5 <!--- delegate --->
26-07-2026 23:39:45,425 DEBUG Worker-5 <!--- trade created --->
26-07-2026 23:39:45,503 DEBUG Worker-5 <!--- trade inited --->
26-07-2026 23:39:46,752 DEBUG Worker-6 <!--- delegate --->
26-07-2026 23:39:46,893 DEBUG Worker-4 <!--- delegate --->
26-07-2026 23:39:48,083 DEBUG Worker-3 <!--- delegate --->
26-07-2026 23:39:48,625 DEBUG Worker-2 <!--- delegate --->
26-07-2026 23:39:51,683 DEBUG Worker-1 <!--- delegate --->
26-07-2026 23:39:51,768 DEBUG Worker-1 <!--- delegate --->
26-07-2026 23:39:51,928 ERROR IssueWorker.1 <!--- 操作设备pin失败, 参数:readOnce,, --->
java.io.IOException: 0018 终端没有配置PIN类型的外设
	at cn.com.agree.ab.gui.device.PinDeviceDelegate.delegateCallDevice(PinDeviceDelegate.java:37)
	at cn.com.agree.ab.gui.DeviceUtil.call(DeviceUtil.java:77)
	at cn.com.agree.ab.gui.GuiTradeIssueListener.callDevice(GuiTradeIssueListener.java:170)
	at cn.com.agree.ab.trade.TradeServiceMarshaller.delegateCallDevice(TradeServiceMarshaller.java:113)
	at cn.com.agree.ab.trade.client.TradeIssuer.handleIssue(TradeIssuer.java:95)
	at cn.com.agree.ab.trade.client.TradeIssuer.run(TradeIssuer.java:191)
	at java.util.concurrent.ThreadPoolExecutor$Worker.runTask(Unknown Source)
	at java.util.concurrent.ThreadPoolExecutor$Worker.run(Unknown Source)
	at java.lang.Thread.run(Unknown Source)
26-07-2026 23:39:52,448 DEBUG Worker-6 <!--- delegate --->
26-07-2026 23:39:52,530 DEBUG Worker-6 <!--- trade created --->
26-07-2026 23:39:52,611 DEBUG Worker-6 <!--- trade inited --->
26-07-2026 23:39:54,615 DEBUG Worker-6 <!--- delegate --->
26-07-2026 23:39:54,760 DEBUG Worker-3 <!--- delegate --->
26-07-2026 23:39:55,030 ERROR IssueWorker.2 <!--- 操作设备pin失败, 参数:readTwice,, --->
java.io.IOException: 0018 终端没有配置PIN类型的外设
	at cn.com.agree.ab.gui.device.PinDeviceDelegate.delegateCallDevice(PinDeviceDelegate.java:37)
	at cn.com.agree.ab.gui.DeviceUtil.call(DeviceUtil.java:77)
	at cn.com.agree.ab.gui.GuiTradeIssueListener.callDevice(GuiTradeIssueListener.java:170)
	at cn.com.agree.ab.trade.TradeServiceMarshaller.delegateCallDevice(TradeServiceMarshaller.java:113)
	at cn.com.agree.ab.trade.client.TradeIssuer.handleIssue(TradeIssuer.java:95)
	at cn.com.agree.ab.trade.client.TradeIssuer.run(TradeIssuer.java:191)
	at java.util.concurrent.ThreadPoolExecutor$Worker.runTask(Unknown Source)
	at java.util.concurrent.ThreadPoolExecutor$Worker.run(Unknown Source)
	at java.lang.Thread.run(Unknown Source)
26-07-2026 23:39:55,285 DEBUG Worker-2 <!--- delegate --->
26-07-2026 23:39:55,354 DEBUG Worker-2 <!--- trade created --->
26-07-2026 23:39:55,424 DEBUG Worker-2 <!--- trade inited --->
26-07-2026 23:39:57,430 DEBUG Worker-2 <!--- delegate --->
26-07-2026 23:39:57,608 DEBUG Worker-3 <!--- delegate --->
26-07-2026 23:40:13,317 DEBUG Worker-4 <!--- delegate --->
26-07-2026 23:40:15,792 DEBUG Worker-1 <!--- delegate --->
26-07-2026 23:40:19,423 DEBUG Worker-6 <!--- delegate --->
26-07-2026 23:40:20,113 DEBUG Worker-2 <!--- delegate --->
26-07-2026 23:40:25,332 DEBUG Worker-6 <!--- delegate --->
26-07-2026 23:40:27,003 DEBUG Worker-3 <!--- delegate --->
26-07-2026 23:40:28,043 DEBUG Worker-4 <!--- delegate --->
26-07-2026 23:40:28,376 DEBUG Worker-2 <!--- delegate --->
26-07-2026 23:40:29,266 DEBUG Worker-4 <!--- delegate --->
26-07-2026 23:40:29,356 DEBUG Worker-4 <!--- trade created --->
26-07-2026 23:40:30,473 DEBUG Worker-4 <!--- trade inited --->
26-07-2026 23:40:31,047 DEBUG Worker-5 <!--- delegate --->
26-07-2026 23:40:31,885 DEBUG Worker-6 <!--- delegate --->
26-07-2026 23:40:33,568 DEBUG Worker-5 <!--- delegate --->
26-07-2026 23:40:33,657 DEBUG Worker-5 <!--- trade created --->
26-07-2026 23:40:33,830 DEBUG Worker-5 <!--- trade inited --->
26-07-2026 23:40:34,887 DEBUG Worker-4 <!--- delegate --->
26-07-2026 23:40:35,465 DEBUG Worker-5 <!--- delegate --->
26-07-2026 23:40:35,647 DEBUG Worker-6 <!--- delegate --->
26-07-2026 23:40:36,180 DEBUG Worker-6 <!--- delegate --->
26-07-2026 23:40:53,930 DEBUG Worker-4 <!--- delegate --->
26-07-2026 23:40:54,014 DEBUG Worker-2 <!--- delegate --->
26-07-2026 23:40:54,147 DEBUG Worker-5 <!--- delegate --->
26-07-2026 23:40:55,208 DEBUG Worker-2 <!--- delegate --->
26-07-2026 23:40:58,725 DEBUG Worker-2 <!--- delegate --->
26-07-2026 23:40:59,550 DEBUG Worker-4 <!--- delegate --->
26-07-2026 23:40:59,996 DEBUG Worker-4 <!--- trade created --->
26-07-2026 23:41:00,697 DEBUG Worker-4 <!--- trade inited --->
26-07-2026 23:41:01,769 DEBUG Worker-6 <!--- delegate --->
26-07-2026 23:41:04,088 DEBUG Worker-3 <!--- delegate --->
26-07-2026 23:41:15,252 DEBUG Worker-6 <!--- delegate --->
26-07-2026 23:41:17,107 DEBUG Worker-2 <!--- delegate --->
26-07-2026 23:41:18,415 DEBUG Worker-2 <!--- delegate --->
26-07-2026 23:41:18,415 DEBUG Worker-1 <!--- delegate --->
26-07-2026 23:41:18,689 DEBUG Worker-1 <!--- trade created --->
26-07-2026 23:41:21,186 DEBUG Worker-1 <!--- trade inited --->
26-07-2026 23:41:24,802 DEBUG Worker-4 <!--- delegate --->
26-07-2026 23:41:24,894 DEBUG Worker-6 <!--- delegate --->
26-07-2026 23:41:27,507 DEBUG Worker-6 <!--- delegate --->
26-07-2026 23:41:27,771 DEBUG Worker-5 <!--- delegate --->
26-07-2026 23:41:27,957 DEBUG Worker-5 <!--- trade created --->
26-07-2026 23:41:28,026 DEBUG Worker-5 <!--- trade inited --->
26-07-2026 23:41:29,542 DEBUG Worker-3 <!--- delegate --->
26-07-2026 23:41:29,659 DEBUG Worker-2 <!--- delegate --->
26-07-2026 23:41:34,716 DEBUG Worker-5 <!--- delegate --->
26-07-2026 23:41:35,488 DEBUG Worker-4 <!--- delegate --->
26-07-2026 23:41:36,178 DEBUG Worker-1 <!--- delegate --->
26-07-2026 23:41:36,264 DEBUG Worker-1 <!--- delegate --->
26-07-2026 23:41:36,427 ERROR IssueWorker.2 <!--- 操作设备pin失败, 参数:readOnce,, --->
java.io.IOException: 0018 终端没有配置PIN类型的外设
	at cn.com.agree.ab.gui.device.PinDeviceDelegate.delegateCallDevice(PinDeviceDelegate.java:37)
	at cn.com.agree.ab.gui.DeviceUtil.call(DeviceUtil.java:77)
	at cn.com.agree.ab.gui.GuiTradeIssueListener.callDevice(GuiTradeIssueListener.java:170)
	at cn.com.agree.ab.trade.TradeServiceMarshaller.delegateCallDevice(TradeServiceMarshaller.java:113)
	at cn.com.agree.ab.trade.client.TradeIssuer.handleIssue(TradeIssuer.java:95)
	at cn.com.agree.ab.trade.client.TradeIssuer.run(TradeIssuer.java:191)
	at java.util.concurrent.ThreadPoolExecutor$Worker.runTask(Unknown Source)
	at java.util.concurrent.ThreadPoolExecutor$Worker.run(Unknown Source)
	at java.lang.Thread.run(Unknown Source)
26-07-2026 23:41:36,737 DEBUG Worker-4 <!--- delegate --->
26-07-2026 23:41:36,814 DEBUG Worker-4 <!--- trade created --->
26-07-2026 23:41:36,892 DEBUG Worker-4 <!--- trade inited --->
26-07-2026 23:41:37,121 DEBUG Worker-4 <!--- delegate --->
26-07-2026 23:41:37,245 DEBUG Worker-6 <!--- delegate --->
26-07-2026 23:41:39,021 ERROR IssueWorker.2 <!--- 操作设备pin失败, 参数:readOnce,, --->
java.io.IOException: 0018 终端没有配置PIN类型的外设
	at cn.com.agree.ab.gui.device.PinDeviceDelegate.delegateCallDevice(PinDeviceDelegate.java:37)
	at cn.com.agree.ab.gui.DeviceUtil.call(DeviceUtil.java:77)
	at cn.com.agree.ab.gui.GuiTradeIssueListener.callDevice(GuiTradeIssueListener.java:170)
	at cn.com.agree.ab.trade.TradeServiceMarshaller.delegateCallDevice(TradeServiceMarshaller.java:113)
	at cn.com.agree.ab.trade.client.TradeIssuer.handleIssue(TradeIssuer.java:95)
	at cn.com.agree.ab.trade.client.TradeIssuer.run(TradeIssuer.java:191)
	at java.util.concurrent.ThreadPoolExecutor$Worker.runTask(Unknown Source)
	at java.util.concurrent.ThreadPoolExecutor$Worker.run(Unknown Source)
	at java.lang.Thread.run(Unknown Source)
26-07-2026 23:41:39,325 DEBUG Worker-3 <!--- delegate --->
26-07-2026 23:41:39,408 DEBUG Worker-3 <!--- trade created --->
26-07-2026 23:41:39,489 DEBUG Worker-3 <!--- trade inited --->
26-07-2026 23:41:41,177 DEBUG Worker-4 <!--- delegate --->
26-07-2026 23:41:41,585 DEBUG Worker-2 <!--- delegate --->
26-07-2026 23:41:41,903 ERROR IssueWorker.1 <!--- 操作设备pin失败, 参数:readTwice,, --->
java.io.IOException: 0018 终端没有配置PIN类型的外设
	at cn.com.agree.ab.gui.device.PinDeviceDelegate.delegateCallDevice(PinDeviceDelegate.java:37)
	at cn.com.agree.ab.gui.DeviceUtil.call(DeviceUtil.java:77)
	at cn.com.agree.ab.gui.GuiTradeIssueListener.callDevice(GuiTradeIssueListener.java:170)
	at cn.com.agree.ab.trade.TradeServiceMarshaller.delegateCallDevice(TradeServiceMarshaller.java:113)
	at cn.com.agree.ab.trade.client.TradeIssuer.handleIssue(TradeIssuer.java:95)
	at cn.com.agree.ab.trade.client.TradeIssuer.run(TradeIssuer.java:191)
	at java.util.concurrent.ThreadPoolExecutor$Worker.runTask(Unknown Source)
	at java.util.concurrent.ThreadPoolExecutor$Worker.run(Unknown Source)
	at java.lang.Thread.run(Unknown Source)
26-07-2026 23:41:42,589 DEBUG Worker-4 <!--- delegate --->
26-07-2026 23:41:42,660 DEBUG Worker-4 <!--- trade created --->
26-07-2026 23:41:42,730 DEBUG Worker-4 <!--- trade inited --->
26-07-2026 23:41:44,699 DEBUG Worker-4 <!--- delegate --->
26-07-2026 23:41:45,097 DEBUG Worker-3 <!--- delegate --->
26-07-2026 23:41:46,342 DEBUG Worker-1 <!--- delegate --->
26-07-2026 23:41:49,399 DEBUG Worker-6 <!--- delegate --->
26-07-2026 23:42:01,083 DEBUG Worker-4 <!--- delegate --->
26-07-2026 23:42:03,791 DEBUG Worker-4 <!--- delegate --->
26-07-2026 23:42:04,487 DEBUG Worker-2 <!--- delegate --->
26-07-2026 23:42:08,226 DEBUG Worker-1 <!--- delegate --->
26-07-2026 23:42:10,408 DEBUG Worker-2 <!--- delegate --->
26-07-2026 23:42:10,595 DEBUG Worker-1 <!--- delegate --->
26-07-2026 23:42:10,925 DEBUG Worker-5 <!--- delegate --->
26-07-2026 23:42:11,382 DEBUG Worker-4 <!--- delegate --->
26-07-2026 23:42:11,526 DEBUG Worker-4 <!--- trade created --->
26-07-2026 23:42:11,969 DEBUG Worker-4 <!--- trade inited --->
26-07-2026 23:42:12,538 DEBUG Worker-2 <!--- delegate --->
26-07-2026 23:42:12,681 DEBUG Worker-6 <!--- delegate --->
26-07-2026 23:42:13,944 DEBUG Worker-1 <!--- delegate --->
26-07-2026 23:42:14,024 DEBUG Worker-1 <!--- trade created --->
26-07-2026 23:42:14,126 DEBUG Worker-1 <!--- trade inited --->
26-07-2026 23:42:15,094 DEBUG Worker-6 <!--- delegate --->
26-07-2026 23:42:15,252 DEBUG Worker-1 <!--- delegate --->
26-07-2026 23:42:15,387 DEBUG Worker-1 <!--- delegate --->
26-07-2026 23:42:15,544 DEBUG Worker-2 <!--- delegate --->
26-07-2026 23:42:19,253 DEBUG Worker-6 <!--- delegate --->
26-07-2026 23:42:19,362 DEBUG Worker-1 <!--- delegate --->
26-07-2026 23:42:19,455 DEBUG Worker-4 <!--- delegate --->
26-07-2026 23:55:48,252 DEBUG Worker-4 <!--- delegate --->
26-07-2026 23:55:50,736 DEBUG Worker-5 <!--- delegate --->
26-07-2026 23:55:51,029 DEBUG Worker-5 <!--- trade created --->
26-07-2026 23:55:51,447 DEBUG Worker-5 <!--- trade inited --->
26-07-2026 23:55:51,493 DEBUG Worker-1 <!--- delegate --->
26-07-2026 23:56:04,658 DEBUG Worker-6 <!--- delegate --->
26-07-2026 23:56:06,276 DEBUG Worker-4 <!--- delegate --->
26-07-2026 23:56:06,478 DEBUG Worker-4 <!--- trade created --->
26-07-2026 23:56:06,708 DEBUG Worker-4 <!--- trade inited --->
26-07-2026 23:56:06,717 DEBUG Worker-1 <!--- delegate --->
26-07-2026 23:56:07,009 DEBUG Worker-3 <!--- delegate --->
26-07-2026 23:56:07,093 DEBUG Worker-3 <!--- trade created --->
26-07-2026 23:56:07,182 DEBUG Worker-3 <!--- trade inited --->
26-07-2026 23:56:08,204 DEBUG Worker-6 <!--- delegate --->
26-07-2026 23:56:08,338 DEBUG Worker-5 <!--- delegate --->
26-07-2026 23:56:10,700 DEBUG Worker-3 <!--- delegate --->
26-07-2026 23:56:16,507 DEBUG Worker-5 <!--- delegate --->
26-07-2026 23:56:17,708 DEBUG Worker-5 <!--- delegate --->
26-07-2026 23:56:18,635 DEBUG Worker-6 <!--- delegate --->
26-07-2026 23:56:18,726 DEBUG Worker-6 <!--- trade created --->
26-07-2026 23:56:18,817 DEBUG Worker-6 <!--- trade inited --->
26-07-2026 23:56:18,837 DEBUG Worker-1 <!--- delegate --->
26-07-2026 23:56:20,227 DEBUG Worker-3 <!--- delegate --->
26-07-2026 23:56:20,676 ERROR IssueWorker.10 <!--- 操作设备msf失败, 参数:read,2 --->
java.io.IOException: 0018 终端没有配置MSF类型的外设
	at cn.com.agree.ab.gui.device.MsfDeviceDelegate.delegateCallDevice(MsfDeviceDelegate.java:48)
	at cn.com.agree.ab.gui.DeviceUtil.call(DeviceUtil.java:77)
	at cn.com.agree.ab.gui.GuiTradeIssueListener.callDevice(GuiTradeIssueListener.java:170)
	at cn.com.agree.ab.trade.TradeServiceMarshaller.delegateCallDevice(TradeServiceMarshaller.java:113)
	at cn.com.agree.ab.trade.client.TradeIssuer.handleIssue(TradeIssuer.java:95)
	at cn.com.agree.ab.trade.client.TradeIssuer.run(TradeIssuer.java:191)
	at java.util.concurrent.ThreadPoolExecutor$Worker.runTask(Unknown Source)
	at java.util.concurrent.ThreadPoolExecutor$Worker.run(Unknown Source)
	at java.lang.Thread.run(Unknown Source)
26-07-2026 23:56:22,394 DEBUG Worker-3 <!--- delegate --->
26-07-2026 23:56:24,524 DEBUG Worker-2 <!--- delegate --->
26-07-2026 23:56:27,379 DEBUG Worker-1 <!--- delegate --->
26-07-2026 23:56:28,835 DEBUG Worker-6 <!--- delegate --->
26-07-2026 23:56:29,038 DEBUG Worker-1 <!--- delegate --->
27-07-2026 00:04:56,163 DEBUG Worker-6 <!--- delegate --->
27-07-2026 00:04:57,271 DEBUG Worker-2 <!--- delegate --->
27-07-2026 00:04:57,386 DEBUG Worker-2 <!--- trade created --->
27-07-2026 00:04:58,487 DEBUG Worker-2 <!--- trade inited --->
27-07-2026 00:04:58,498 DEBUG Worker-4 <!--- delegate --->
27-07-2026 00:05:01,783 DEBUG Worker-5 <!--- delegate --->
27-07-2026 00:05:02,274 ERROR IssueWorker.14 <!--- 操作设备msf失败, 参数:read,2 --->
java.io.IOException: 0018 终端没有配置MSF类型的外设
	at cn.com.agree.ab.gui.device.MsfDeviceDelegate.delegateCallDevice(MsfDeviceDelegate.java:48)
	at cn.com.agree.ab.gui.DeviceUtil.call(DeviceUtil.java:77)
	at cn.com.agree.ab.gui.GuiTradeIssueListener.callDevice(GuiTradeIssueListener.java:170)
	at cn.com.agree.ab.trade.TradeServiceMarshaller.delegateCallDevice(TradeServiceMarshaller.java:113)
	at cn.com.agree.ab.trade.client.TradeIssuer.handleIssue(TradeIssuer.java:95)
	at cn.com.agree.ab.trade.client.TradeIssuer.run(TradeIssuer.java:191)
	at java.util.concurrent.ThreadPoolExecutor$Worker.runTask(Unknown Source)
	at java.util.concurrent.ThreadPoolExecutor$Worker.run(Unknown Source)
	at java.lang.Thread.run(Unknown Source)
27-07-2026 00:05:03,680 DEBUG Worker-5 <!--- delegate --->
27-07-2026 00:05:05,712 DEBUG Worker-4 <!--- delegate --->
27-07-2026 00:05:07,011 DEBUG Worker-1 <!--- delegate --->
27-07-2026 00:05:07,628 DEBUG Worker-1 <!--- delegate --->
27-07-2026 00:05:07,871 DEBUG Worker-5 <!--- delegate --->
27-07-2026 00:05:10,079 DEBUG Worker-4 <!--- delegate --->
27-07-2026 00:05:11,006 DEBUG Worker-3 <!--- delegate --->
27-07-2026 00:05:11,175 DEBUG Worker-3 <!--- trade created --->
27-07-2026 00:05:11,916 DEBUG Worker-3 <!--- trade inited --->
27-07-2026 00:05:11,937 DEBUG Worker-6 <!--- delegate --->
27-07-2026 00:05:13,599 DEBUG Worker-1 <!--- delegate --->
27-07-2026 00:05:15,864 DEBUG Worker-3 <!--- delegate --->
27-07-2026 00:05:16,131 DEBUG Worker-1 <!--- delegate --->
27-07-2026 00:05:16,205 DEBUG Worker-1 <!--- trade created --->
27-07-2026 00:05:16,284 DEBUG Worker-1 <!--- trade inited --->
27-07-2026 00:05:16,291 DEBUG Worker-4 <!--- delegate --->
27-07-2026 00:05:18,313 DEBUG Worker-4 <!--- delegate --->
27-07-2026 00:05:19,433 ERROR IssueWorker.14 <!--- 操作设备msf失败, 参数:read,2 --->
java.io.IOException: 0018 终端没有配置MSF类型的外设
	at cn.com.agree.ab.gui.device.MsfDeviceDelegate.delegateCallDevice(MsfDeviceDelegate.java:48)
	at cn.com.agree.ab.gui.DeviceUtil.call(DeviceUtil.java:77)
	at cn.com.agree.ab.gui.GuiTradeIssueListener.callDevice(GuiTradeIssueListener.java:170)
	at cn.com.agree.ab.trade.TradeServiceMarshaller.delegateCallDevice(TradeServiceMarshaller.java:113)
	at cn.com.agree.ab.trade.client.TradeIssuer.handleIssue(TradeIssuer.java:95)
	at cn.com.agree.ab.trade.client.TradeIssuer.run(TradeIssuer.java:191)
	at java.util.concurrent.ThreadPoolExecutor$Worker.runTask(Unknown Source)
	at java.util.concurrent.ThreadPoolExecutor$Worker.run(Unknown Source)
	at java.lang.Thread.run(Unknown Source)
27-07-2026 00:05:19,761 DEBUG Worker-4 <!--- delegate --->
27-07-2026 00:05:21,725 DEBUG Worker-2 <!--- delegate --->
27-07-2026 00:05:23,388 DEBUG Worker-6 <!--- delegate --->
27-07-2026 00:05:23,829 DEBUG Worker-2 <!--- delegate --->
27-07-2026 00:05:24,162 DEBUG Worker-6 <!--- delegate --->
27-07-2026 00:06:11,028 DEBUG Worker-4 <!--- delegate --->
27-07-2026 00:06:11,271 DEBUG Worker-6 <!--- delegate --->
27-07-2026 00:06:11,351 DEBUG Worker-4 <!--- delegate --->
27-07-2026 00:06:11,444 DEBUG Worker-6 <!--- delegate --->
27-07-2026 00:06:11,702 DEBUG Worker-4 <!--- delegate --->
27-07-2026 00:06:14,785 DEBUG Worker-6 <!--- delegate --->
27-07-2026 00:06:15,008 DEBUG Worker-2 <!--- delegate --->
27-07-2026 00:06:15,092 DEBUG Worker-6 <!--- delegate --->
27-07-2026 00:06:15,260 DEBUG Worker-3 <!--- delegate --->
27-07-2026 00:06:15,920 DEBUG Worker-2 <!--- delegate --->
27-07-2026 00:06:16,060 DEBUG Worker-6 <!--- delegate --->
27-07-2026 00:06:16,128 DEBUG Worker-5 <!--- delegate --->
27-07-2026 00:06:16,208 DEBUG Worker-4 <!--- delegate --->
27-07-2026 00:06:16,848 DEBUG Worker-6 <!--- delegate --->
27-07-2026 00:06:17,275 DEBUG Worker-4 <!--- delegate --->
27-07-2026 00:06:17,275 DEBUG Worker-5 <!--- delegate --->
27-07-2026 00:06:17,425 DEBUG Worker-5 <!--- trade created --->
27-07-2026 00:06:17,772 ERROR IssueWorker.12 <!--- 操作设备msf失败, 参数:read,2 --->
java.io.IOException: 0018 终端没有配置MSF类型的外设
	at cn.com.agree.ab.gui.device.MsfDeviceDelegate.delegateCallDevice(MsfDeviceDelegate.java:48)
	at cn.com.agree.ab.gui.DeviceUtil.call(DeviceUtil.java:77)
	at cn.com.agree.ab.gui.GuiTradeIssueListener.callDevice(GuiTradeIssueListener.java:170)
	at cn.com.agree.ab.trade.TradeServiceMarshaller.delegateCallDevice(TradeServiceMarshaller.java:113)
	at cn.com.agree.ab.trade.client.TradeIssuer.handleIssue(TradeIssuer.java:95)
	at cn.com.agree.ab.trade.client.TradeIssuer.run(TradeIssuer.java:191)
	at java.util.concurrent.ThreadPoolExecutor$Worker.runTask(Unknown Source)
	at java.util.concurrent.ThreadPoolExecutor$Worker.run(Unknown Source)
	at java.lang.Thread.run(Unknown Source)
27-07-2026 00:06:17,908 DEBUG Worker-5 <!--- trade inited --->
27-07-2026 00:06:17,912 DEBUG Worker-1 <!--- delegate --->
27-07-2026 00:06:19,402 DEBUG Worker-3 <!--- delegate --->
