13 七月 2026 16:47:28,437 DEBUG Worker-2  ResourcePlugin:getLocalFile - 开始从本地获取'/jlcb/classes/nxcb/pub/login/Tellerlogin.abf'
13 七月 2026 16:47:28,437  WARN Worker-2  ResourcePlugin:getLocalFile - 工程'jlcb'不存在, 程序将自动创建
13 七月 2026 16:47:28,489 DEBUG Worker-2  ResourcePlugin:getLocalFile - 无法从本地找到/jlcb/classes/nxcb/pub/login/Tellerlogin.abf
13 七月 2026 16:47:28,700 DEBUG Worker-2  ResourcePlugin:downloadFile - 成功下载资源:/jlcb/classes/nxcb/pub/login/Tellerlogin.abf
13 七月 2026 16:47:28,713 DEBUG Worker-2  ResourcePlugin:getLocalFile - 开始从本地获取'/jlcb/.classpath'
13 七月 2026 16:47:28,713 DEBUG Worker-2  ResourcePlugin:getLocalFile - 无法从本地找到/jlcb/.classpath
13 七月 2026 16:47:28,858 DEBUG Worker-2  ResourcePlugin:downloadFile - 成功下载资源:/jlcb/.classpath
13 七月 2026 16:47:28,869 DEBUG Worker-2  ResourcePlugin:getLocalFile - 开始从本地获取'/jlcb/dictionary.jar'
13 七月 2026 16:47:28,869 DEBUG Worker-2  ResourcePlugin:getLocalFile - 无法从本地找到/jlcb/dictionary.jar
13 七月 2026 16:47:50,558 DEBUG Worker-5  ResourcePlugin:getLocalFile - 开始从本地获取'/jlcb/classes/nxcb/pub/login/Tellerlogin.abf'
13 七月 2026 16:47:50,558 DEBUG Worker-5  ResourcePlugin:getLocalFile - 从本地找到'/jlcb/classes/nxcb/pub/login/Tellerlogin.abf'
13 七月 2026 16:47:50,634 DEBUG Worker-5  ResourcePlugin:getLocalFile - 开始从本地获取'/jlcb/dictionary.jar'
13 七月 2026 16:47:50,634 DEBUG Worker-5  ResourcePlugin:getLocalFile - 无法从本地找到/jlcb/dictionary.jar
13 七月 2026 16:47:54,399 DEBUG Worker-5  ResourcePlugin:getLocalFile - 开始从本地获取'/jlcb/classes/nxcb/pub/login/Tellerlogin.abf'
13 七月 2026 16:47:54,400  WARN Worker-5  ResourcePlugin:getLocalFile - 工程'jlcb'不存在, 程序将自动创建
13 七月 2026 16:47:54,432 DEBUG Worker-5  ResourcePlugin:getLocalFile - 从本地找到'/jlcb/classes/nxcb/pub/login/Tellerlogin.abf'
13 七月 2026 16:47:54,512 DEBUG Worker-5  ResourcePlugin:getLocalFile - 开始从本地获取'/jlcb/.classpath'
13 七月 2026 16:47:54,512 DEBUG Worker-5  ResourcePlugin:getLocalFile - 从本地找到'/jlcb/.classpath'
13 七月 2026 16:47:54,600 DEBUG Worker-5  ResourcePlugin:getLocalFile - 开始从本地获取'/jlcb/dictionary.jar'
13 七月 2026 16:47:54,601 DEBUG Worker-5  ResourcePlugin:getLocalFile - 无法从本地找到/jlcb/dictionary.jar
13 七月 2026 16:49:23,593 DEBUG main  ResourcePlugin:getLocalFile - 开始从本地获取'/jlcb/classes/nxcb/pub/frame/Frame.abf'
13 七月 2026 16:49:23,593 DEBUG main  ResourcePlugin:getLocalFile - 无法从本地找到/jlcb/classes/nxcb/pub/frame/Frame.abf
13 七月 2026 16:49:25,767 DEBUG main  ResourcePlugin:downloadFile - 成功下载资源:/jlcb/classes/nxcb/pub/frame/Frame.abf
13 七月 2026 16:49:25,784 DEBUG main  ResourcePlugin:getLocalFile - 开始从本地获取'/jlcb/dictionary.jar'
13 七月 2026 16:49:25,784 DEBUG main  ResourcePlugin:getLocalFile - 无法从本地找到/jlcb/dictionary.jar
13 七月 2026 16:49:26,149 DEBUG main  ResourcePlugin:getLocalFile - 开始从本地获取'/jlcb/resources/image/search.png'
13 七月 2026 16:49:26,149 DEBUG main  ResourcePlugin:getLocalFile - 无法从本地找到/jlcb/resources/image/search.png
13 七月 2026 16:49:26,401 DEBUG main  ResourcePlugin:downloadFile - 成功下载资源:/jlcb/resources/image/search.png
13 七月 2026 16:49:26,480 DEBUG main  ResourcePlugin:getLocalFile - 开始从本地获取'/jlcb/resources/image/service.png'
13 七月 2026 16:49:26,480 DEBUG main  ResourcePlugin:getLocalFile - 无法从本地找到/jlcb/resources/image/service.png
13 七月 2026 16:49:26,707 DEBUG main  ResourcePlugin:downloadFile - 成功下载资源:/jlcb/resources/image/service.png
13 七月 2026 16:49:26,883 DEBUG main  ResourcePlugin:getLocalFile - 开始从本地获取'/jlcb/resources/image/网上银行.png'
13 七月 2026 16:49:26,883 DEBUG main  ResourcePlugin:getLocalFile - 无法从本地找到/jlcb/resources/image/网上银行.png
13 七月 2026 16:49:27,163 DEBUG main  ResourcePlugin:downloadFile - 成功下载资源:/jlcb/resources/image/网上银行.png
13 七月 2026 16:49:27,247 DEBUG main  ResourcePlugin:getLocalFile - 开始从本地获取'/jlcb/resources/image/中间业务.png'
13 七月 2026 16:49:27,247 DEBUG main  ResourcePlugin:getLocalFile - 无法从本地找到/jlcb/resources/image/中间业务.png
13 七月 2026 16:49:27,466 DEBUG main  ResourcePlugin:downloadFile - 成功下载资源:/jlcb/resources/image/中间业务.png
13 七月 2026 16:49:27,546 DEBUG main  ResourcePlugin:getLocalFile - 开始从本地获取'/jlcb/resources/image/短信平台.png'
13 七月 2026 16:49:27,546 DEBUG main  ResourcePlugin:getLocalFile - 无法从本地找到/jlcb/resources/image/短信平台.png
13 七月 2026 16:49:27,768 DEBUG main  ResourcePlugin:downloadFile - 成功下载资源:/jlcb/resources/image/短信平台.png
13 七月 2026 16:49:28,126 DEBUG main  ResourcePlugin:getLocalFile - 开始从本地获取'/jlcb/resources/image/统一报表平台.png'
13 七月 2026 16:49:28,126 DEBUG main  ResourcePlugin:getLocalFile - 无法从本地找到/jlcb/resources/image/统一报表平台.png
13 七月 2026 16:49:28,341 DEBUG main  ResourcePlugin:downloadFile - 成功下载资源:/jlcb/resources/image/统一报表平台.png
13 七月 2026 16:49:28,424 DEBUG main  ResourcePlugin:getLocalFile - 开始从本地获取'/jlcb/resources/image/反洗钱系统.png'
13 七月 2026 16:49:28,424 DEBUG main  ResourcePlugin:getLocalFile - 无法从本地找到/jlcb/resources/image/反洗钱系统.png
13 七月 2026 16:49:28,702 DEBUG main  ResourcePlugin:downloadFile - 成功下载资源:/jlcb/resources/image/反洗钱系统.png
13 七月 2026 16:49:28,784 DEBUG main  ResourcePlugin:getLocalFile - 开始从本地获取'/jlcb/resources/image/信贷系统.png'
13 七月 2026 16:49:28,787 DEBUG main  ResourcePlugin:getLocalFile - 无法从本地找到/jlcb/resources/image/信贷系统.png
13 七月 2026 16:49:29,106 DEBUG main  ResourcePlugin:downloadFile - 成功下载资源:/jlcb/resources/image/信贷系统.png
13 七月 2026 16:49:29,182 DEBUG main  ResourcePlugin:getLocalFile - 开始从本地获取'/jlcb/resources/image/差错平台.png'
13 七月 2026 16:49:29,182 DEBUG main  ResourcePlugin:getLocalFile - 无法从本地找到/jlcb/resources/image/差错平台.png
13 七月 2026 16:49:29,425 DEBUG main  ResourcePlugin:downloadFile - 成功下载资源:/jlcb/resources/image/差错平台.png
13 七月 2026 16:49:29,510 DEBUG main  ResourcePlugin:getLocalFile - 开始从本地获取'/jlcb/resources/image/综合业务系统.png'
13 七月 2026 16:49:29,510 DEBUG main  ResourcePlugin:getLocalFile - 无法从本地找到/jlcb/resources/image/综合业务系统.png
13 七月 2026 16:49:29,818 DEBUG main  ResourcePlugin:downloadFile - 成功下载资源:/jlcb/resources/image/综合业务系统.png
13 七月 2026 16:49:29,901 DEBUG main  ResourcePlugin:getLocalFile - 开始从本地获取'/jlcb/resources/image/理财平台.png'
13 七月 2026 16:49:29,901 DEBUG main  ResourcePlugin:getLocalFile - 无法从本地找到/jlcb/resources/image/理财平台.png
13 七月 2026 16:49:30,199 DEBUG main  ResourcePlugin:downloadFile - 成功下载资源:/jlcb/resources/image/理财平台.png
13 七月 2026 16:49:30,283 DEBUG main  ResourcePlugin:getLocalFile - 开始从本地获取'/jlcb/resources/image/事后监督.png'
13 七月 2026 16:49:30,284 DEBUG main  ResourcePlugin:getLocalFile - 无法从本地找到/jlcb/resources/image/事后监督.png
13 七月 2026 16:49:30,502 DEBUG main  ResourcePlugin:downloadFile - 成功下载资源:/jlcb/resources/image/事后监督.png
13 七月 2026 16:49:30,587 DEBUG main  ResourcePlugin:getLocalFile - 开始从本地获取'/jlcb/resources/image/财务管理.png'
13 七月 2026 16:49:30,588 DEBUG main  ResourcePlugin:getLocalFile - 无法从本地找到/jlcb/resources/image/财务管理.png
13 七月 2026 16:49:30,806 DEBUG main  ResourcePlugin:downloadFile - 成功下载资源:/jlcb/resources/image/财务管理.png
13 七月 2026 16:49:30,888 DEBUG main  ResourcePlugin:getLocalFile - 开始从本地获取'/jlcb/resources/image/积分管理.png'
13 七月 2026 16:49:30,888 DEBUG main  ResourcePlugin:getLocalFile - 无法从本地找到/jlcb/resources/image/积分管理.png
13 七月 2026 16:49:31,538 DEBUG main  ResourcePlugin:downloadFile - 成功下载资源:/jlcb/resources/image/积分管理.png
13 七月 2026 16:49:31,623 DEBUG main  ResourcePlugin:getLocalFile - 开始从本地获取'/jlcb/resources/image/现金管理.png'
13 七月 2026 16:49:31,623 DEBUG main  ResourcePlugin:getLocalFile - 无法从本地找到/jlcb/resources/image/现金管理.png
13 七月 2026 16:49:31,844 DEBUG main  ResourcePlugin:downloadFile - 成功下载资源:/jlcb/resources/image/现金管理.png
13 七月 2026 16:49:31,925 DEBUG main  ResourcePlugin:getLocalFile - 开始从本地获取'/jlcb/resources/image/大额存单系统.png'
13 七月 2026 16:49:31,926 DEBUG main  ResourcePlugin:getLocalFile - 无法从本地找到/jlcb/resources/image/大额存单系统.png
13 七月 2026 16:49:32,236 DEBUG main  ResourcePlugin:downloadFile - 成功下载资源:/jlcb/resources/image/大额存单系统.png
13 七月 2026 16:49:32,324 DEBUG main  ResourcePlugin:getLocalFile - 开始从本地获取'/jlcb/resources/image/电子验印.png'
13 七月 2026 16:49:32,324 DEBUG main  ResourcePlugin:getLocalFile - 无法从本地找到/jlcb/resources/image/电子验印.png
13 七月 2026 16:49:32,610 DEBUG main  ResourcePlugin:downloadFile - 成功下载资源:/jlcb/resources/image/电子验印.png
13 七月 2026 16:49:32,692 DEBUG main  ResourcePlugin:getLocalFile - 开始从本地获取'/jlcb/resources/image/国结系统.png'
13 七月 2026 16:49:32,692 DEBUG main  ResourcePlugin:getLocalFile - 无法从本地找到/jlcb/resources/image/国结系统.png
13 七月 2026 16:49:33,020 DEBUG main  ResourcePlugin:downloadFile - 成功下载资源:/jlcb/resources/image/国结系统.png
13 七月 2026 16:49:34,925 DEBUG main  ResourcePlugin:getLocalFile - 开始从本地获取'/jlcb/resources/image/noMsg.png'
13 七月 2026 16:49:34,925 DEBUG main  ResourcePlugin:getLocalFile - 无法从本地找到/jlcb/resources/image/noMsg.png
13 七月 2026 16:49:35,153 DEBUG main  ResourcePlugin:downloadFile - 成功下载资源:/jlcb/resources/image/noMsg.png
13 七月 2026 17:01:38,581 DEBUG main  ResourcePlugin:getLocalFile - 开始从本地获取'/jlcb/classes/nxcb/trx/nx000/t180101/T180101.abf'
13 七月 2026 17:01:38,581 DEBUG main  ResourcePlugin:getLocalFile - 无法从本地找到/jlcb/classes/nxcb/trx/nx000/t180101/T180101.abf
13 七月 2026 17:01:39,717 DEBUG main  ResourcePlugin:downloadFile - 成功下载资源:/jlcb/classes/nxcb/trx/nx000/t180101/T180101.abf
13 七月 2026 17:01:39,731 DEBUG main  ResourcePlugin:getLocalFile - 开始从本地获取'/jlcb/dictionary.jar'
13 七月 2026 17:01:39,731 DEBUG main  ResourcePlugin:getLocalFile - 无法从本地找到/jlcb/dictionary.jar
13 七月 2026 17:01:39,968 DEBUG main  ResourcePlugin:getLocalFile - 开始从本地获取'/jlcb/resources/para/abs_combo_00000.ini'
13 七月 2026 17:01:39,969 DEBUG main  ResourcePlugin:getLocalFile - 无法从本地找到/jlcb/resources/para/abs_combo_00000.ini
13 七月 2026 17:01:41,294 DEBUG main  ResourcePlugin:downloadFile - 成功下载资源:/jlcb/resources/para/abs_combo_00000.ini
13 七月 2026 17:01:41,400 DEBUG main  ResourcePlugin:getLocalFile - 开始从本地获取'/jlcb/resources/para/abs_sys_combo.ini'
13 七月 2026 17:01:41,400 DEBUG main  ResourcePlugin:getLocalFile - 无法从本地找到/jlcb/resources/para/abs_sys_combo.ini
13 七月 2026 17:01:42,171 DEBUG main  ResourcePlugin:downloadFile - 成功下载资源:/jlcb/resources/para/abs_sys_combo.ini
13 七月 2026 17:01:44,061 DEBUG main  ResourcePlugin:getLocalFile - 开始从本地获取'/jlcb/classes/nxcb/trx/nx000/t180102/T180102.abf'
13 七月 2026 17:01:44,064 DEBUG main  ResourcePlugin:getLocalFile - 无法从本地找到/jlcb/classes/nxcb/trx/nx000/t180102/T180102.abf
13 七月 2026 17:01:44,513 DEBUG main  ResourcePlugin:downloadFile - 成功下载资源:/jlcb/classes/nxcb/trx/nx000/t180102/T180102.abf
13 七月 2026 17:01:44,522 DEBUG main  ResourcePlugin:getLocalFile - 开始从本地获取'/jlcb/dictionary.jar'
13 七月 2026 17:01:44,522 DEBUG main  ResourcePlugin:getLocalFile - 无法从本地找到/jlcb/dictionary.jar
13 七月 2026 17:01:44,920 DEBUG main  ResourcePlugin:getLocalFile - 开始从本地获取'/jlcb/resources/para/abs_combo_00000.ini'
13 七月 2026 17:01:44,920 DEBUG main  ResourcePlugin:getLocalFile - 从本地找到'/jlcb/resources/para/abs_combo_00000.ini'
13 七月 2026 17:11:53,533 DEBUG main  ResourcePlugin:getLocalFile - 开始从本地获取'/jlcb/classes/nxcb/trx/nx000/t180102/T180102.abf'
13 七月 2026 17:11:53,534 DEBUG main  ResourcePlugin:getLocalFile - 从本地找到'/jlcb/classes/nxcb/trx/nx000/t180102/T180102.abf'
13 七月 2026 17:11:53,608 DEBUG main  ResourcePlugin:getLocalFile - 开始从本地获取'/jlcb/dictionary.jar'
13 七月 2026 17:11:53,608 DEBUG main  ResourcePlugin:getLocalFile - 无法从本地找到/jlcb/dictionary.jar
13 七月 2026 17:11:53,721 DEBUG main  ResourcePlugin:getLocalFile - 开始从本地获取'/jlcb/resources/para/abs_combo_00000.ini'
13 七月 2026 17:11:53,721 DEBUG main  ResourcePlugin:getLocalFile - 从本地找到'/jlcb/resources/para/abs_combo_00000.ini'
13 七月 2026 17:36:46,975 DEBUG Worker-5  ResourcePlugin:getLocalFile - 开始从本地获取'/jlcb/classes/nxcb/pub/login/Tellerlogin.abf'
13 七月 2026 17:36:46,976 DEBUG Worker-5  ResourcePlugin:getLocalFile - 从本地找到'/jlcb/classes/nxcb/pub/login/Tellerlogin.abf'
13 七月 2026 17:36:47,053 DEBUG Worker-5  ResourcePlugin:getLocalFile - 开始从本地获取'/jlcb/dictionary.jar'
13 七月 2026 17:36:47,053 DEBUG Worker-5  ResourcePlugin:getLocalFile - 无法从本地找到/jlcb/dictionary.jar
14 七月 2026 09:21:55,006 DEBUG Worker-5  ResourcePlugin:getLocalFile - 开始从本地获取'/jlcb/classes/nxcb/pub/login/Tellerlogin.abf'
14 七月 2026 09:21:55,007  WARN Worker-5  ResourcePlugin:getLocalFile - 工程'jlcb'不存在, 程序将自动创建
14 七月 2026 09:21:55,095 DEBUG Worker-5  ResourcePlugin:getLocalFile - 从本地找到'/jlcb/classes/nxcb/pub/login/Tellerlogin.abf'
14 七月 2026 09:21:55,197 DEBUG Worker-5  ResourcePlugin:getLocalFile - 开始从本地获取'/jlcb/.classpath'
14 七月 2026 09:21:55,199 DEBUG Worker-5  ResourcePlugin:getLocalFile - 从本地找到'/jlcb/.classpath'
14 七月 2026 09:21:55,303 DEBUG Worker-5  ResourcePlugin:getLocalFile - 开始从本地获取'/jlcb/dictionary.jar'
14 七月 2026 09:21:55,303 DEBUG Worker-5  ResourcePlugin:getLocalFile - 无法从本地找到/jlcb/dictionary.jar
14 七月 2026 09:27:57,889 DEBUG Worker-4  ResourcePlugin:getLocalFile - 开始从本地获取'/jlcb/classes/nxcb/pub/login/Tellerlogin.abf'
14 七月 2026 09:27:57,891 DEBUG Worker-4  ResourcePlugin:getLocalFile - 从本地找到'/jlcb/classes/nxcb/pub/login/Tellerlogin.abf'
14 七月 2026 09:27:57,963 DEBUG Worker-4  ResourcePlugin:getLocalFile - 开始从本地获取'/jlcb/dictionary.jar'
14 七月 2026 09:27:57,964 DEBUG Worker-4  ResourcePlugin:getLocalFile - 无法从本地找到/jlcb/dictionary.jar
14 七月 2026 09:48:22,707 DEBUG Worker-3  ResourcePlugin:getLocalFile - 开始从本地获取'/jlcb/classes/nxcb/pub/login/Tellerlogin.abf'
14 七月 2026 09:48:22,708  WARN Worker-3  ResourcePlugin:getLocalFile - 工程'jlcb'不存在, 程序将自动创建
14 七月 2026 09:48:22,779 DEBUG Worker-3  ResourcePlugin:getLocalFile - 从本地找到'/jlcb/classes/nxcb/pub/login/Tellerlogin.abf'
14 七月 2026 09:48:22,881 DEBUG Worker-3  ResourcePlugin:getLocalFile - 开始从本地获取'/jlcb/.classpath'
14 七月 2026 09:48:22,881 DEBUG Worker-3  ResourcePlugin:getLocalFile - 从本地找到'/jlcb/.classpath'
14 七月 2026 09:48:22,972 DEBUG Worker-3  ResourcePlugin:getLocalFile - 开始从本地获取'/jlcb/dictionary.jar'
14 七月 2026 09:48:22,973 DEBUG Worker-3  ResourcePlugin:getLocalFile - 无法从本地找到/jlcb/dictionary.jar
14 七月 2026 09:48:48,856 DEBUG Worker-0  ResourcePlugin:getLocalFile - 开始从本地获取'/jlcb/classes/nxcb/pub/login/Tellerlogin.abf'
14 七月 2026 09:48:48,857 DEBUG Worker-0  ResourcePlugin:getLocalFile - 从本地找到'/jlcb/classes/nxcb/pub/login/Tellerlogin.abf'
14 七月 2026 09:48:48,926 DEBUG Worker-0  ResourcePlugin:getLocalFile - 开始从本地获取'/jlcb/dictionary.jar'
14 七月 2026 09:48:48,927 DEBUG Worker-0  ResourcePlugin:getLocalFile - 无法从本地找到/jlcb/dictionary.jar
14 七月 2026 09:48:52,571 DEBUG Worker-5  ResourcePlugin:getLocalFile - 开始从本地获取'/jlcb/classes/nxcb/pub/login/Tellerlogin.abf'
14 七月 2026 09:48:52,572  WARN Worker-5  ResourcePlugin:getLocalFile - 工程'jlcb'不存在, 程序将自动创建
14 七月 2026 09:48:52,619 DEBUG Worker-5  ResourcePlugin:getLocalFile - 从本地找到'/jlcb/classes/nxcb/pub/login/Tellerlogin.abf'
14 七月 2026 09:48:52,700 DEBUG Worker-5  ResourcePlugin:getLocalFile - 开始从本地获取'/jlcb/.classpath'
14 七月 2026 09:48:52,700 DEBUG Worker-5  ResourcePlugin:getLocalFile - 从本地找到'/jlcb/.classpath'
14 七月 2026 09:48:52,775 DEBUG Worker-5  ResourcePlugin:getLocalFile - 开始从本地获取'/jlcb/dictionary.jar'
14 七月 2026 09:48:52,775 DEBUG Worker-5  ResourcePlugin:getLocalFile - 无法从本地找到/jlcb/dictionary.jar
14 七月 2026 11:11:43,110 DEBUG Worker-0  ResourcePlugin:getLocalFile - 开始从本地获取'/jlcb/classes/nxcb/pub/login/Tellerlogin.abf'
14 七月 2026 11:11:43,111 DEBUG Worker-0  ResourcePlugin:getLocalFile - 从本地找到'/jlcb/classes/nxcb/pub/login/Tellerlogin.abf'
14 七月 2026 11:11:43,183 DEBUG Worker-0  ResourcePlugin:getLocalFile - 开始从本地获取'/jlcb/dictionary.jar'
14 七月 2026 11:11:43,183 DEBUG Worker-0  ResourcePlugin:getLocalFile - 无法从本地找到/jlcb/dictionary.jar
14 七月 2026 13:33:09,941 DEBUG Worker-3  ResourcePlugin:getLocalFile - 开始从本地获取'/jlcb/classes/nxcb/pub/login/Tellerlogin.abf'
14 七月 2026 13:33:09,942  WARN Worker-3  ResourcePlugin:getLocalFile - 工程'jlcb'不存在, 程序将自动创建
14 七月 2026 13:33:10,025 DEBUG Worker-3  ResourcePlugin:getLocalFile - 从本地找到'/jlcb/classes/nxcb/pub/login/Tellerlogin.abf'
14 七月 2026 13:33:10,121 DEBUG Worker-3  ResourcePlugin:getLocalFile - 开始从本地获取'/jlcb/.classpath'
14 七月 2026 13:33:10,122 DEBUG Worker-3  ResourcePlugin:getLocalFile - 从本地找到'/jlcb/.classpath'
14 七月 2026 13:33:10,206 DEBUG Worker-3  ResourcePlugin:getLocalFile - 开始从本地获取'/jlcb/dictionary.jar'
14 七月 2026 13:33:10,206 DEBUG Worker-3  ResourcePlugin:getLocalFile - 无法从本地找到/jlcb/dictionary.jar
14 七月 2026 13:33:42,220 DEBUG Worker-4  ResourcePlugin:getLocalFile - 开始从本地获取'/jlcb/classes/nxcb/pub/login/Tellerlogin.abf'
14 七月 2026 13:33:42,220 DEBUG Worker-4  ResourcePlugin:getLocalFile - 从本地找到'/jlcb/classes/nxcb/pub/login/Tellerlogin.abf'
14 七月 2026 13:33:42,300 DEBUG Worker-4  ResourcePlugin:getLocalFile - 开始从本地获取'/jlcb/dictionary.jar'
14 七月 2026 13:33:42,300 DEBUG Worker-4  ResourcePlugin:getLocalFile - 无法从本地找到/jlcb/dictionary.jar
14 七月 2026 13:44:13,387 DEBUG Worker-5  ResourcePlugin:getLocalFile - 开始从本地获取'/jlcb/classes/nxcb/pub/login/Tellerlogin.abf'
14 七月 2026 13:44:13,389  WARN Worker-5  ResourcePlugin:getLocalFile - 工程'jlcb'不存在, 程序将自动创建
14 七月 2026 13:44:13,467 DEBUG Worker-5  ResourcePlugin:getLocalFile - 从本地找到'/jlcb/classes/nxcb/pub/login/Tellerlogin.abf'
14 七月 2026 13:44:13,551 DEBUG Worker-5  ResourcePlugin:getLocalFile - 开始从本地获取'/jlcb/.classpath'
14 七月 2026 13:44:13,551 DEBUG Worker-5  ResourcePlugin:getLocalFile - 从本地找到'/jlcb/.classpath'
14 七月 2026 13:44:13,631 DEBUG Worker-5  ResourcePlugin:getLocalFile - 开始从本地获取'/jlcb/dictionary.jar'
14 七月 2026 13:44:13,631 DEBUG Worker-5  ResourcePlugin:getLocalFile - 无法从本地找到/jlcb/dictionary.jar
14 七月 2026 13:48:53,980 DEBUG main  ResourcePlugin:getLocalFile - 开始从本地获取'/jlcb/classes/nxcb/pub/frame/Frame.abf'
14 七月 2026 13:48:53,980 DEBUG main  ResourcePlugin:getLocalFile - 从本地找到'/jlcb/classes/nxcb/pub/frame/Frame.abf'
14 七月 2026 13:48:54,075 DEBUG main  ResourcePlugin:getLocalFile - 开始从本地获取'/jlcb/dictionary.jar'
14 七月 2026 13:48:54,076 DEBUG main  ResourcePlugin:getLocalFile - 无法从本地找到/jlcb/dictionary.jar
14 七月 2026 13:48:54,291 DEBUG main  ResourcePlugin:getLocalFile - 开始从本地获取'/jlcb/resources/image/search.png'
14 七月 2026 13:48:54,291 DEBUG main  ResourcePlugin:getLocalFile - 从本地找到'/jlcb/resources/image/search.png'
14 七月 2026 13:48:54,456 DEBUG main  ResourcePlugin:getLocalFile - 开始从本地获取'/jlcb/resources/image/service.png'
14 七月 2026 13:48:54,456 DEBUG main  ResourcePlugin:getLocalFile - 从本地找到'/jlcb/resources/image/service.png'
14 七月 2026 13:48:54,741 DEBUG main  ResourcePlugin:getLocalFile - 开始从本地获取'/jlcb/resources/image/网上银行.png'
14 七月 2026 13:48:54,741 DEBUG main  ResourcePlugin:getLocalFile - 从本地找到'/jlcb/resources/image/网上银行.png'
14 七月 2026 13:48:54,904 DEBUG main  ResourcePlugin:getLocalFile - 开始从本地获取'/jlcb/resources/image/中间业务.png'
14 七月 2026 13:48:54,904 DEBUG main  ResourcePlugin:getLocalFile - 从本地找到'/jlcb/resources/image/中间业务.png'
14 七月 2026 13:48:55,074 DEBUG main  ResourcePlugin:getLocalFile - 开始从本地获取'/jlcb/resources/image/短信平台.png'
14 七月 2026 13:48:55,074 DEBUG main  ResourcePlugin:getLocalFile - 从本地找到'/jlcb/resources/image/短信平台.png'
14 七月 2026 13:48:55,244 DEBUG main  ResourcePlugin:getLocalFile - 开始从本地获取'/jlcb/resources/image/统一报表平台.png'
14 七月 2026 13:48:55,244 DEBUG main  ResourcePlugin:getLocalFile - 从本地找到'/jlcb/resources/image/统一报表平台.png'
14 七月 2026 13:48:55,417 DEBUG main  ResourcePlugin:getLocalFile - 开始从本地获取'/jlcb/resources/image/反洗钱系统.png'
14 七月 2026 13:48:55,418 DEBUG main  ResourcePlugin:getLocalFile - 从本地找到'/jlcb/resources/image/反洗钱系统.png'
14 七月 2026 13:48:55,589 DEBUG main  ResourcePlugin:getLocalFile - 开始从本地获取'/jlcb/resources/image/信贷系统.png'
14 七月 2026 13:48:55,589 DEBUG main  ResourcePlugin:getLocalFile - 从本地找到'/jlcb/resources/image/信贷系统.png'
14 七月 2026 13:48:55,751 DEBUG main  ResourcePlugin:getLocalFile - 开始从本地获取'/jlcb/resources/image/差错平台.png'
14 七月 2026 13:48:55,751 DEBUG main  ResourcePlugin:getLocalFile - 从本地找到'/jlcb/resources/image/差错平台.png'
14 七月 2026 13:48:55,917 DEBUG main  ResourcePlugin:getLocalFile - 开始从本地获取'/jlcb/resources/image/综合业务系统.png'
14 七月 2026 13:48:55,917 DEBUG main  ResourcePlugin:getLocalFile - 从本地找到'/jlcb/resources/image/综合业务系统.png'
14 七月 2026 13:48:56,072 DEBUG main  ResourcePlugin:getLocalFile - 开始从本地获取'/jlcb/resources/image/理财平台.png'
14 七月 2026 13:48:56,072 DEBUG main  ResourcePlugin:getLocalFile - 从本地找到'/jlcb/resources/image/理财平台.png'
14 七月 2026 13:48:56,235 DEBUG main  ResourcePlugin:getLocalFile - 开始从本地获取'/jlcb/resources/image/事后监督.png'
14 七月 2026 13:48:56,236 DEBUG main  ResourcePlugin:getLocalFile - 从本地找到'/jlcb/resources/image/事后监督.png'
14 七月 2026 13:48:56,393 DEBUG main  ResourcePlugin:getLocalFile - 开始从本地获取'/jlcb/resources/image/财务管理.png'
14 七月 2026 13:48:56,393 DEBUG main  ResourcePlugin:getLocalFile - 从本地找到'/jlcb/resources/image/财务管理.png'
14 七月 2026 13:48:56,546 DEBUG main  ResourcePlugin:getLocalFile - 开始从本地获取'/jlcb/resources/image/积分管理.png'
14 七月 2026 13:48:56,546 DEBUG main  ResourcePlugin:getLocalFile - 从本地找到'/jlcb/resources/image/积分管理.png'
14 七月 2026 13:48:56,708 DEBUG main  ResourcePlugin:getLocalFile - 开始从本地获取'/jlcb/resources/image/现金管理.png'
14 七月 2026 13:48:56,708 DEBUG main  ResourcePlugin:getLocalFile - 从本地找到'/jlcb/resources/image/现金管理.png'
14 七月 2026 13:48:56,867 DEBUG main  ResourcePlugin:getLocalFile - 开始从本地获取'/jlcb/resources/image/大额存单系统.png'
14 七月 2026 13:48:56,867 DEBUG main  ResourcePlugin:getLocalFile - 从本地找到'/jlcb/resources/image/大额存单系统.png'
14 七月 2026 13:48:57,032 DEBUG main  ResourcePlugin:getLocalFile - 开始从本地获取'/jlcb/resources/image/电子验印.png'
14 七月 2026 13:48:57,033 DEBUG main  ResourcePlugin:getLocalFile - 从本地找到'/jlcb/resources/image/电子验印.png'
14 七月 2026 13:48:57,198 DEBUG main  ResourcePlugin:getLocalFile - 开始从本地获取'/jlcb/resources/image/国结系统.png'
14 七月 2026 13:48:57,198 DEBUG main  ResourcePlugin:getLocalFile - 从本地找到'/jlcb/resources/image/国结系统.png'
14 七月 2026 13:48:58,690 DEBUG main  ResourcePlugin:getLocalFile - 开始从本地获取'/jlcb/resources/image/noMsg.png'
14 七月 2026 13:48:58,690 DEBUG main  ResourcePlugin:getLocalFile - 从本地找到'/jlcb/resources/image/noMsg.png'
14 七月 2026 13:49:35,689 DEBUG main  ResourcePlugin:getLocalFile - 开始从本地获取'/jlcb/classes/nxcb/trx/nx000/t574020/T574020.abf'
14 七月 2026 13:49:35,689 DEBUG main  ResourcePlugin:getLocalFile - 无法从本地找到/jlcb/classes/nxcb/trx/nx000/t574020/T574020.abf
14 七月 2026 13:49:36,371 DEBUG main  ResourcePlugin:downloadFile - 成功下载资源:/jlcb/classes/nxcb/trx/nx000/t574020/T574020.abf
14 七月 2026 13:49:36,382 DEBUG main  ResourcePlugin:getLocalFile - 开始从本地获取'/jlcb/dictionary.jar'
14 七月 2026 13:49:36,382 DEBUG main  ResourcePlugin:getLocalFile - 无法从本地找到/jlcb/dictionary.jar
14 七月 2026 13:49:36,555 DEBUG main  ResourcePlugin:getLocalFile - 开始从本地获取'/jlcb/resources/para/abs_combo_00000.ini'
14 七月 2026 13:49:36,556 DEBUG main  ResourcePlugin:getLocalFile - 从本地找到'/jlcb/resources/para/abs_combo_00000.ini'
14 七月 2026 13:57:13,188 DEBUG main  ResourcePlugin:getLocalFile - 开始从本地获取'/jlcb/classes/nxcb/pub/login/Tellerlogin.abf'
14 七月 2026 13:57:13,188 DEBUG main  ResourcePlugin:getLocalFile - 从本地找到'/jlcb/classes/nxcb/pub/login/Tellerlogin.abf'
14 七月 2026 13:57:13,364 DEBUG main  ResourcePlugin:getLocalFile - 开始从本地获取'/jlcb/dictionary.jar'
14 七月 2026 13:57:13,366 DEBUG main  ResourcePlugin:getLocalFile - 无法从本地找到/jlcb/dictionary.jar
14 七月 2026 13:57:21,801 DEBUG Worker-4  ResourcePlugin:getLocalFile - 开始从本地获取'/jlcb/classes/nxcb/pub/login/Tellerlogin.abf'
14 七月 2026 13:57:21,801 DEBUG Worker-4  ResourcePlugin:getLocalFile - 从本地找到'/jlcb/classes/nxcb/pub/login/Tellerlogin.abf'
14 七月 2026 13:57:21,877 DEBUG Worker-4  ResourcePlugin:getLocalFile - 开始从本地获取'/jlcb/dictionary.jar'
14 七月 2026 13:57:21,878 DEBUG Worker-4  ResourcePlugin:getLocalFile - 无法从本地找到/jlcb/dictionary.jar
14 七月 2026 13:57:41,361 DEBUG Worker-5  ResourcePlugin:getLocalFile - 开始从本地获取'/jlcb/classes/nxcb/pub/login/Tellerlogin.abf'
14 七月 2026 13:57:41,362  WARN Worker-5  ResourcePlugin:getLocalFile - 工程'jlcb'不存在, 程序将自动创建
14 七月 2026 13:57:41,439 DEBUG Worker-5  ResourcePlugin:getLocalFile - 从本地找到'/jlcb/classes/nxcb/pub/login/Tellerlogin.abf'
14 七月 2026 13:57:41,520 DEBUG Worker-5  ResourcePlugin:getLocalFile - 开始从本地获取'/jlcb/.classpath'
14 七月 2026 13:57:41,520 DEBUG Worker-5  ResourcePlugin:getLocalFile - 从本地找到'/jlcb/.classpath'
14 七月 2026 13:57:41,600 DEBUG Worker-5  ResourcePlugin:getLocalFile - 开始从本地获取'/jlcb/dictionary.jar'
14 七月 2026 13:57:41,600 DEBUG Worker-5  ResourcePlugin:getLocalFile - 无法从本地找到/jlcb/dictionary.jar
14 七月 2026 13:57:51,826 DEBUG Worker-5  ResourcePlugin:getLocalFile - 开始从本地获取'/jlcb/classes/nxcb/pub/login/Tellerlogin.abf'
14 七月 2026 13:57:51,827 DEBUG Worker-5  ResourcePlugin:getLocalFile - 从本地找到'/jlcb/classes/nxcb/pub/login/Tellerlogin.abf'
14 七月 2026 13:57:51,902 DEBUG Worker-5  ResourcePlugin:getLocalFile - 开始从本地获取'/jlcb/dictionary.jar'
14 七月 2026 13:57:51,902 DEBUG Worker-5  ResourcePlugin:getLocalFile - 无法从本地找到/jlcb/dictionary.jar
14 七月 2026 13:58:44,885 DEBUG Worker-1  ResourcePlugin:getLocalFile - 开始从本地获取'/jlcb/classes/nxcb/pub/login/Tellerlogin.abf'
14 七月 2026 13:58:44,886  WARN Worker-1  ResourcePlugin:getLocalFile - 工程'jlcb'不存在, 程序将自动创建
14 七月 2026 13:58:44,942 DEBUG Worker-1  ResourcePlugin:getLocalFile - 从本地找到'/jlcb/classes/nxcb/pub/login/Tellerlogin.abf'
14 七月 2026 13:58:45,027 DEBUG Worker-1  ResourcePlugin:getLocalFile - 开始从本地获取'/jlcb/.classpath'
14 七月 2026 13:58:45,027 DEBUG Worker-1  ResourcePlugin:getLocalFile - 从本地找到'/jlcb/.classpath'
14 七月 2026 13:58:45,110 DEBUG Worker-1  ResourcePlugin:getLocalFile - 开始从本地获取'/jlcb/dictionary.jar'
14 七月 2026 13:58:45,110 DEBUG Worker-1  ResourcePlugin:getLocalFile - 无法从本地找到/jlcb/dictionary.jar
14 七月 2026 13:58:53,403 DEBUG Worker-3  ResourcePlugin:getLocalFile - 开始从本地获取'/jlcb/classes/nxcb/pub/login/Tellerlogin.abf'
14 七月 2026 13:58:53,403 DEBUG Worker-3  ResourcePlugin:getLocalFile - 从本地找到'/jlcb/classes/nxcb/pub/login/Tellerlogin.abf'
14 七月 2026 13:58:53,477 DEBUG Worker-3  ResourcePlugin:getLocalFile - 开始从本地获取'/jlcb/dictionary.jar'
14 七月 2026 13:58:53,478 DEBUG Worker-3  ResourcePlugin:getLocalFile - 无法从本地找到/jlcb/dictionary.jar
14 七月 2026 13:59:05,443 DEBUG Worker-1  ResourcePlugin:getLocalFile - 开始从本地获取'/jlcb/classes/nxcb/pub/login/Tellerlogin.abf'
14 七月 2026 13:59:05,443  WARN Worker-1  ResourcePlugin:getLocalFile - 工程'jlcb'不存在, 程序将自动创建
14 七月 2026 13:59:05,517 DEBUG Worker-1  ResourcePlugin:getLocalFile - 从本地找到'/jlcb/classes/nxcb/pub/login/Tellerlogin.abf'
14 七月 2026 13:59:05,879 DEBUG Worker-1  ResourcePlugin:getLocalFile - 开始从本地获取'/jlcb/.classpath'
14 七月 2026 13:59:05,880 DEBUG Worker-1  ResourcePlugin:getLocalFile - 从本地找到'/jlcb/.classpath'
14 七月 2026 13:59:06,033 DEBUG Worker-1  ResourcePlugin:getLocalFile - 开始从本地获取'/jlcb/dictionary.jar'
14 七月 2026 13:59:06,034 DEBUG Worker-1  ResourcePlugin:getLocalFile - 无法从本地找到/jlcb/dictionary.jar
14 七月 2026 13:59:33,846 DEBUG main  ResourcePlugin:getLocalFile - 开始从本地获取'/jlcb/classes/nxcb/pub/frame/Frame.abf'
14 七月 2026 13:59:33,848 DEBUG main  ResourcePlugin:getLocalFile - 从本地找到'/jlcb/classes/nxcb/pub/frame/Frame.abf'
14 七月 2026 13:59:33,929 DEBUG main  ResourcePlugin:getLocalFile - 开始从本地获取'/jlcb/dictionary.jar'
14 七月 2026 13:59:33,929 DEBUG main  ResourcePlugin:getLocalFile - 无法从本地找到/jlcb/dictionary.jar
14 七月 2026 13:59:34,274 DEBUG main  ResourcePlugin:getLocalFile - 开始从本地获取'/jlcb/resources/image/search.png'
14 七月 2026 13:59:34,274 DEBUG main  ResourcePlugin:getLocalFile - 从本地找到'/jlcb/resources/image/search.png'
14 七月 2026 13:59:34,425 DEBUG main  ResourcePlugin:getLocalFile - 开始从本地获取'/jlcb/resources/image/service.png'
14 七月 2026 13:59:34,425 DEBUG main  ResourcePlugin:getLocalFile - 从本地找到'/jlcb/resources/image/service.png'
14 七月 2026 13:59:34,975 DEBUG main  ResourcePlugin:getLocalFile - 开始从本地获取'/jlcb/resources/image/网上银行.png'
14 七月 2026 13:59:34,975 DEBUG main  ResourcePlugin:getLocalFile - 从本地找到'/jlcb/resources/image/网上银行.png'
14 七月 2026 13:59:35,197 DEBUG main  ResourcePlugin:getLocalFile - 开始从本地获取'/jlcb/resources/image/中间业务.png'
14 七月 2026 13:59:35,199 DEBUG main  ResourcePlugin:getLocalFile - 从本地找到'/jlcb/resources/image/中间业务.png'
14 七月 2026 13:59:35,341 DEBUG main  ResourcePlugin:getLocalFile - 开始从本地获取'/jlcb/resources/image/短信平台.png'
14 七月 2026 13:59:35,341 DEBUG main  ResourcePlugin:getLocalFile - 从本地找到'/jlcb/resources/image/短信平台.png'
14 七月 2026 13:59:35,827 DEBUG main  ResourcePlugin:getLocalFile - 开始从本地获取'/jlcb/resources/image/统一报表平台.png'
14 七月 2026 13:59:35,827 DEBUG main  ResourcePlugin:getLocalFile - 从本地找到'/jlcb/resources/image/统一报表平台.png'
14 七月 2026 13:59:35,978 DEBUG main  ResourcePlugin:getLocalFile - 开始从本地获取'/jlcb/resources/image/反洗钱系统.png'
14 七月 2026 13:59:35,978 DEBUG main  ResourcePlugin:getLocalFile - 从本地找到'/jlcb/resources/image/反洗钱系统.png'
14 七月 2026 13:59:36,129 DEBUG main  ResourcePlugin:getLocalFile - 开始从本地获取'/jlcb/resources/image/信贷系统.png'
14 七月 2026 13:59:36,129 DEBUG main  ResourcePlugin:getLocalFile - 从本地找到'/jlcb/resources/image/信贷系统.png'
14 七月 2026 13:59:36,647 DEBUG main  ResourcePlugin:getLocalFile - 开始从本地获取'/jlcb/resources/image/差错平台.png'
14 七月 2026 13:59:36,647 DEBUG main  ResourcePlugin:getLocalFile - 从本地找到'/jlcb/resources/image/差错平台.png'
14 七月 2026 13:59:36,797 DEBUG main  ResourcePlugin:getLocalFile - 开始从本地获取'/jlcb/resources/image/综合业务系统.png'
14 七月 2026 13:59:36,797 DEBUG main  ResourcePlugin:getLocalFile - 从本地找到'/jlcb/resources/image/综合业务系统.png'
14 七月 2026 13:59:36,946 DEBUG main  ResourcePlugin:getLocalFile - 开始从本地获取'/jlcb/resources/image/理财平台.png'
14 七月 2026 13:59:36,946 DEBUG main  ResourcePlugin:getLocalFile - 从本地找到'/jlcb/resources/image/理财平台.png'
14 七月 2026 13:59:37,753 DEBUG main  ResourcePlugin:getLocalFile - 开始从本地获取'/jlcb/resources/image/事后监督.png'
14 七月 2026 13:59:37,754 DEBUG main  ResourcePlugin:getLocalFile - 从本地找到'/jlcb/resources/image/事后监督.png'
14 七月 2026 13:59:37,913 DEBUG main  ResourcePlugin:getLocalFile - 开始从本地获取'/jlcb/resources/image/财务管理.png'
14 七月 2026 13:59:37,914 DEBUG main  ResourcePlugin:getLocalFile - 从本地找到'/jlcb/resources/image/财务管理.png'
14 七月 2026 13:59:38,064 DEBUG main  ResourcePlugin:getLocalFile - 开始从本地获取'/jlcb/resources/image/积分管理.png'
14 七月 2026 13:59:38,064 DEBUG main  ResourcePlugin:getLocalFile - 从本地找到'/jlcb/resources/image/积分管理.png'
14 七月 2026 13:59:38,574 DEBUG main  ResourcePlugin:getLocalFile - 开始从本地获取'/jlcb/resources/image/现金管理.png'
14 七月 2026 13:59:38,575 DEBUG main  ResourcePlugin:getLocalFile - 从本地找到'/jlcb/resources/image/现金管理.png'
14 七月 2026 13:59:39,067 DEBUG main  ResourcePlugin:getLocalFile - 开始从本地获取'/jlcb/resources/image/大额存单系统.png'
14 七月 2026 13:59:39,068 DEBUG main  ResourcePlugin:getLocalFile - 从本地找到'/jlcb/resources/image/大额存单系统.png'
14 七月 2026 13:59:39,241 DEBUG main  ResourcePlugin:getLocalFile - 开始从本地获取'/jlcb/resources/image/电子验印.png'
14 七月 2026 13:59:39,241 DEBUG main  ResourcePlugin:getLocalFile - 从本地找到'/jlcb/resources/image/电子验印.png'
14 七月 2026 13:59:39,395 DEBUG main  ResourcePlugin:getLocalFile - 开始从本地获取'/jlcb/resources/image/国结系统.png'
14 七月 2026 13:59:39,395 DEBUG main  ResourcePlugin:getLocalFile - 从本地找到'/jlcb/resources/image/国结系统.png'
14 七月 2026 13:59:41,355 DEBUG main  ResourcePlugin:getLocalFile - 开始从本地获取'/jlcb/resources/image/noMsg.png'
14 七月 2026 13:59:41,355 DEBUG main  ResourcePlugin:getLocalFile - 从本地找到'/jlcb/resources/image/noMsg.png'
14 七月 2026 14:00:01,695 DEBUG main  ResourcePlugin:getLocalFile - 开始从本地获取'/jlcb/classes/nxcb/trx/nx000/t574020/T574020.abf'
14 七月 2026 14:00:01,695 DEBUG main  ResourcePlugin:getLocalFile - 从本地找到'/jlcb/classes/nxcb/trx/nx000/t574020/T574020.abf'
14 七月 2026 14:00:01,776 DEBUG main  ResourcePlugin:getLocalFile - 开始从本地获取'/jlcb/dictionary.jar'
14 七月 2026 14:00:01,777 DEBUG main  ResourcePlugin:getLocalFile - 无法从本地找到/jlcb/dictionary.jar
14 七月 2026 14:00:02,330 DEBUG main  ResourcePlugin:getLocalFile - 开始从本地获取'/jlcb/resources/para/abs_combo_00000.ini'
14 七月 2026 14:00:02,331 DEBUG main  ResourcePlugin:getLocalFile - 从本地找到'/jlcb/resources/para/abs_combo_00000.ini'
14 七月 2026 14:34:53,782 DEBUG main  ResourcePlugin:getLocalFile - 开始从本地获取'/jlcb/classes/nxcb/trx/nx000/t243010/T243010.abf'
14 七月 2026 14:34:53,782 DEBUG main  ResourcePlugin:getLocalFile - 无法从本地找到/jlcb/classes/nxcb/trx/nx000/t243010/T243010.abf
14 七月 2026 14:34:54,545 DEBUG main  ResourcePlugin:downloadFile - 成功下载资源:/jlcb/classes/nxcb/trx/nx000/t243010/T243010.abf
14 七月 2026 14:34:54,554 DEBUG main  ResourcePlugin:getLocalFile - 开始从本地获取'/jlcb/dictionary.jar'
14 七月 2026 14:34:54,555 DEBUG main  ResourcePlugin:getLocalFile - 无法从本地找到/jlcb/dictionary.jar
14 七月 2026 14:34:54,736 DEBUG main  ResourcePlugin:getLocalFile - 开始从本地获取'/jlcb/resources/para/abs_combo_00000.ini'
14 七月 2026 14:34:54,737 DEBUG main  ResourcePlugin:getLocalFile - 从本地找到'/jlcb/resources/para/abs_combo_00000.ini'
14 七月 2026 14:39:53,243 DEBUG main  ResourcePlugin:getLocalFile - 开始从本地获取'/jlcb/classes/nxcb/trx/nx000/t633150/T633150.abf'
14 七月 2026 14:39:53,245 DEBUG main  ResourcePlugin:getLocalFile - 无法从本地找到/jlcb/classes/nxcb/trx/nx000/t633150/T633150.abf
14 七月 2026 14:39:53,960 DEBUG main  ResourcePlugin:downloadFile - 成功下载资源:/jlcb/classes/nxcb/trx/nx000/t633150/T633150.abf
14 七月 2026 14:39:53,970 DEBUG main  ResourcePlugin:getLocalFile - 开始从本地获取'/jlcb/dictionary.jar'
14 七月 2026 14:39:53,970 DEBUG main  ResourcePlugin:getLocalFile - 无法从本地找到/jlcb/dictionary.jar
14 七月 2026 14:39:54,128 DEBUG main  ResourcePlugin:getLocalFile - 开始从本地获取'/jlcb/resources/para/abs_combo_00000.ini'
14 七月 2026 14:39:54,128 DEBUG main  ResourcePlugin:getLocalFile - 从本地找到'/jlcb/resources/para/abs_combo_00000.ini'
14 七月 2026 14:41:50,480 DEBUG main  ResourcePlugin:getLocalFile - 开始从本地获取'/jlcb/classes/nxcb/trx/nx000/t180101/T180101.abf'
14 七月 2026 14:41:50,480 DEBUG main  ResourcePlugin:getLocalFile - 从本地找到'/jlcb/classes/nxcb/trx/nx000/t180101/T180101.abf'
14 七月 2026 14:41:50,572 DEBUG main  ResourcePlugin:getLocalFile - 开始从本地获取'/jlcb/dictionary.jar'
14 七月 2026 14:41:50,573 DEBUG main  ResourcePlugin:getLocalFile - 无法从本地找到/jlcb/dictionary.jar
14 七月 2026 14:41:50,760 DEBUG main  ResourcePlugin:getLocalFile - 开始从本地获取'/jlcb/resources/para/abs_combo_00000.ini'
14 七月 2026 14:41:50,761 DEBUG main  ResourcePlugin:getLocalFile - 从本地找到'/jlcb/resources/para/abs_combo_00000.ini'
14 七月 2026 14:41:50,932 DEBUG main  ResourcePlugin:getLocalFile - 开始从本地获取'/jlcb/resources/para/abs_sys_combo.ini'
14 七月 2026 14:41:50,932 DEBUG main  ResourcePlugin:getLocalFile - 从本地找到'/jlcb/resources/para/abs_sys_combo.ini'
14 七月 2026 14:50:35,713 DEBUG main  ResourcePlugin:getLocalFile - 开始从本地获取'/jlcb/classes/nxcb/trx/nx000/t180303/T180303.abf'
14 七月 2026 14:50:35,714 DEBUG main  ResourcePlugin:getLocalFile - 无法从本地找到/jlcb/classes/nxcb/trx/nx000/t180303/T180303.abf
14 七月 2026 14:50:36,674 DEBUG main  ResourcePlugin:downloadFile - 成功下载资源:/jlcb/classes/nxcb/trx/nx000/t180303/T180303.abf
14 七月 2026 14:50:36,686 DEBUG main  ResourcePlugin:getLocalFile - 开始从本地获取'/jlcb/dictionary.jar'
14 七月 2026 14:50:36,687 DEBUG main  ResourcePlugin:getLocalFile - 无法从本地找到/jlcb/dictionary.jar
14 七月 2026 14:50:36,950 DEBUG main  ResourcePlugin:getLocalFile - 开始从本地获取'/jlcb/resources/para/abs_combo_00000.ini'
14 七月 2026 14:50:36,950 DEBUG main  ResourcePlugin:getLocalFile - 从本地找到'/jlcb/resources/para/abs_combo_00000.ini'
14 七月 2026 14:51:02,224 DEBUG main  ResourcePlugin:getLocalFile - 开始从本地获取'/jlcb/classes/nxcb/trx/nx000/t180102/T180102.abf'
14 七月 2026 14:51:02,224 DEBUG main  ResourcePlugin:getLocalFile - 从本地找到'/jlcb/classes/nxcb/trx/nx000/t180102/T180102.abf'
14 七月 2026 14:51:02,370 DEBUG main  ResourcePlugin:getLocalFile - 开始从本地获取'/jlcb/dictionary.jar'
14 七月 2026 14:51:02,370 DEBUG main  ResourcePlugin:getLocalFile - 无法从本地找到/jlcb/dictionary.jar
14 七月 2026 14:51:02,549 DEBUG main  ResourcePlugin:getLocalFile - 开始从本地获取'/jlcb/resources/para/abs_combo_00000.ini'
14 七月 2026 14:51:02,549 DEBUG main  ResourcePlugin:getLocalFile - 从本地找到'/jlcb/resources/para/abs_combo_00000.ini'
14 七月 2026 14:51:17,969 DEBUG main  ResourcePlugin:getLocalFile - 开始从本地获取'/jlcb/classes/nxcb/trx/nx000/t180102/t181202/T181202.abf'
14 七月 2026 14:51:17,969 DEBUG main  ResourcePlugin:getLocalFile - 无法从本地找到/jlcb/classes/nxcb/trx/nx000/t180102/t181202/T181202.abf
14 七月 2026 14:51:19,740 DEBUG main  ResourcePlugin:downloadFile - 成功下载资源:/jlcb/classes/nxcb/trx/nx000/t180102/t181202/T181202.abf
14 七月 2026 14:51:19,753 DEBUG main  ResourcePlugin:getLocalFile - 开始从本地获取'/jlcb/dictionary.jar'
14 七月 2026 14:51:19,753 DEBUG main  ResourcePlugin:getLocalFile - 无法从本地找到/jlcb/dictionary.jar
14 七月 2026 14:51:19,989 DEBUG main  ResourcePlugin:getLocalFile - 开始从本地获取'/jlcb/resources/para/abs_combo_00000.ini'
14 七月 2026 14:51:19,990 DEBUG main  ResourcePlugin:getLocalFile - 从本地找到'/jlcb/resources/para/abs_combo_00000.ini'
14 七月 2026 14:51:20,137 DEBUG main  ResourcePlugin:getLocalFile - 开始从本地获取'/jlcb/resources/para/abs_sys_combo.ini'
14 七月 2026 14:51:20,137 DEBUG main  ResourcePlugin:getLocalFile - 从本地找到'/jlcb/resources/para/abs_sys_combo.ini'
14 七月 2026 14:54:22,574 DEBUG main  ResourcePlugin:getLocalFile - 开始从本地获取'/jlcb/classes/nxcb/trx/nx000/t180101/T180101.abf'
14 七月 2026 14:54:22,574 DEBUG main  ResourcePlugin:getLocalFile - 从本地找到'/jlcb/classes/nxcb/trx/nx000/t180101/T180101.abf'
14 七月 2026 14:54:22,654 DEBUG main  ResourcePlugin:getLocalFile - 开始从本地获取'/jlcb/dictionary.jar'
14 七月 2026 14:54:22,654 DEBUG main  ResourcePlugin:getLocalFile - 无法从本地找到/jlcb/dictionary.jar
14 七月 2026 14:54:23,047 DEBUG main  ResourcePlugin:getLocalFile - 开始从本地获取'/jlcb/resources/para/abs_combo_00000.ini'
14 七月 2026 14:54:23,047 DEBUG main  ResourcePlugin:getLocalFile - 从本地找到'/jlcb/resources/para/abs_combo_00000.ini'
14 七月 2026 14:54:23,290 DEBUG main  ResourcePlugin:getLocalFile - 开始从本地获取'/jlcb/resources/para/abs_sys_combo.ini'
14 七月 2026 14:54:23,290 DEBUG main  ResourcePlugin:getLocalFile - 从本地找到'/jlcb/resources/para/abs_sys_combo.ini'
14 七月 2026 14:56:44,864 DEBUG main  ResourcePlugin:getLocalFile - 开始从本地获取'/jlcb/classes/nxcb/trx/nx000/t180101/T180101.abf'
14 七月 2026 14:56:44,864 DEBUG main  ResourcePlugin:getLocalFile - 从本地找到'/jlcb/classes/nxcb/trx/nx000/t180101/T180101.abf'
14 七月 2026 14:56:44,934 DEBUG main  ResourcePlugin:getLocalFile - 开始从本地获取'/jlcb/dictionary.jar'
14 七月 2026 14:56:44,934 DEBUG main  ResourcePlugin:getLocalFile - 无法从本地找到/jlcb/dictionary.jar
14 七月 2026 14:56:45,340 DEBUG main  ResourcePlugin:getLocalFile - 开始从本地获取'/jlcb/resources/para/abs_combo_00000.ini'
14 七月 2026 14:56:45,340 DEBUG main  ResourcePlugin:getLocalFile - 从本地找到'/jlcb/resources/para/abs_combo_00000.ini'
14 七月 2026 14:56:45,428 DEBUG main  ResourcePlugin:getLocalFile - 开始从本地获取'/jlcb/resources/para/abs_sys_combo.ini'
14 七月 2026 14:56:45,428 DEBUG main  ResourcePlugin:getLocalFile - 从本地找到'/jlcb/resources/para/abs_sys_combo.ini'
14 七月 2026 14:56:46,737 DEBUG main  ResourcePlugin:getLocalFile - 开始从本地获取'/jlcb/classes/nxcb/trx/nx000/t180102/T180102.abf'
14 七月 2026 14:56:46,738 DEBUG main  ResourcePlugin:getLocalFile - 从本地找到'/jlcb/classes/nxcb/trx/nx000/t180102/T180102.abf'
14 七月 2026 14:56:46,851 DEBUG main  ResourcePlugin:getLocalFile - 开始从本地获取'/jlcb/dictionary.jar'
14 七月 2026 14:56:46,851 DEBUG main  ResourcePlugin:getLocalFile - 无法从本地找到/jlcb/dictionary.jar
14 七月 2026 14:56:46,939 DEBUG main  ResourcePlugin:getLocalFile - 开始从本地获取'/jlcb/resources/para/abs_combo_00000.ini'
14 七月 2026 14:56:46,940 DEBUG main  ResourcePlugin:getLocalFile - 从本地找到'/jlcb/resources/para/abs_combo_00000.ini'
14 七月 2026 14:57:03,926 DEBUG main  ResourcePlugin:getLocalFile - 开始从本地获取'/jlcb/classes/nxcb/trx/nx000/t180102/t181202/T181202.abf'
14 七月 2026 14:57:03,927 DEBUG main  ResourcePlugin:getLocalFile - 从本地找到'/jlcb/classes/nxcb/trx/nx000/t180102/t181202/T181202.abf'
14 七月 2026 14:57:04,007 DEBUG main  ResourcePlugin:getLocalFile - 开始从本地获取'/jlcb/dictionary.jar'
14 七月 2026 14:57:04,008 DEBUG main  ResourcePlugin:getLocalFile - 无法从本地找到/jlcb/dictionary.jar
14 七月 2026 14:57:04,116 DEBUG main  ResourcePlugin:getLocalFile - 开始从本地获取'/jlcb/resources/para/abs_combo_00000.ini'
14 七月 2026 14:57:04,117 DEBUG main  ResourcePlugin:getLocalFile - 从本地找到'/jlcb/resources/para/abs_combo_00000.ini'
14 七月 2026 14:57:04,206 DEBUG main  ResourcePlugin:getLocalFile - 开始从本地获取'/jlcb/resources/para/abs_sys_combo.ini'
14 七月 2026 14:57:04,206 DEBUG main  ResourcePlugin:getLocalFile - 从本地找到'/jlcb/resources/para/abs_sys_combo.ini'
14 七月 2026 14:57:40,779 DEBUG main  ResourcePlugin:getLocalFile - 开始从本地获取'/jlcb/classes/nxcb/trx/nx000/t180102/T180102.abf'
14 七月 2026 14:57:40,780 DEBUG main  ResourcePlugin:getLocalFile - 从本地找到'/jlcb/classes/nxcb/trx/nx000/t180102/T180102.abf'
14 七月 2026 14:57:40,856 DEBUG main  ResourcePlugin:getLocalFile - 开始从本地获取'/jlcb/dictionary.jar'
14 七月 2026 14:57:40,856 DEBUG main  ResourcePlugin:getLocalFile - 无法从本地找到/jlcb/dictionary.jar
14 七月 2026 14:57:40,984 DEBUG main  ResourcePlugin:getLocalFile - 开始从本地获取'/jlcb/resources/para/abs_combo_00000.ini'
14 七月 2026 14:57:40,985 DEBUG main  ResourcePlugin:getLocalFile - 从本地找到'/jlcb/resources/para/abs_combo_00000.ini'
14 七月 2026 14:57:51,770 DEBUG main  ResourcePlugin:getLocalFile - 开始从本地获取'/jlcb/classes/nxcb/trx/nx000/t180102/t181202/T181202.abf'
14 七月 2026 14:57:51,771 DEBUG main  ResourcePlugin:getLocalFile - 从本地找到'/jlcb/classes/nxcb/trx/nx000/t180102/t181202/T181202.abf'
14 七月 2026 14:57:51,839 DEBUG main  ResourcePlugin:getLocalFile - 开始从本地获取'/jlcb/dictionary.jar'
14 七月 2026 14:57:51,839 DEBUG main  ResourcePlugin:getLocalFile - 无法从本地找到/jlcb/dictionary.jar
14 七月 2026 14:57:51,983 DEBUG main  ResourcePlugin:getLocalFile - 开始从本地获取'/jlcb/resources/para/abs_combo_00000.ini'
14 七月 2026 14:57:51,984 DEBUG main  ResourcePlugin:getLocalFile - 从本地找到'/jlcb/resources/para/abs_combo_00000.ini'
14 七月 2026 14:57:52,078 DEBUG main  ResourcePlugin:getLocalFile - 开始从本地获取'/jlcb/resources/para/abs_sys_combo.ini'
14 七月 2026 14:57:52,078 DEBUG main  ResourcePlugin:getLocalFile - 从本地找到'/jlcb/resources/para/abs_sys_combo.ini'
14 七月 2026 14:58:09,686 DEBUG Worker-5  ResourcePlugin:getLocalFile - 开始从本地获取'/jlcb/classes/nxcb/trx/nx000/t180102/t184202/T184202.abf'
14 七月 2026 14:58:09,686 DEBUG Worker-5  ResourcePlugin:getLocalFile - 无法从本地找到/jlcb/classes/nxcb/trx/nx000/t180102/t184202/T184202.abf
14 七月 2026 14:58:10,501 DEBUG Worker-5  ResourcePlugin:downloadFile - 成功下载资源:/jlcb/classes/nxcb/trx/nx000/t180102/t184202/T184202.abf
14 七月 2026 14:58:10,513 DEBUG Worker-5  ResourcePlugin:getLocalFile - 开始从本地获取'/jlcb/dictionary.jar'
14 七月 2026 14:58:10,513 DEBUG Worker-5  ResourcePlugin:getLocalFile - 无法从本地找到/jlcb/dictionary.jar
14 七月 2026 14:58:10,694 DEBUG main  ResourcePlugin:getLocalFile - 开始从本地获取'/jlcb/resources/para/abs_combo_00000.ini'
14 七月 2026 14:58:10,694 DEBUG main  ResourcePlugin:getLocalFile - 从本地找到'/jlcb/resources/para/abs_combo_00000.ini'
14 七月 2026 14:58:17,370 DEBUG Worker-7  ResourcePlugin:getLocalFile - 开始从本地获取'/jlcb/classes/nxcb/lib/auth/auth/Auth.abf'
14 七月 2026 14:58:17,370 DEBUG Worker-7  ResourcePlugin:getLocalFile - 无法从本地找到/jlcb/classes/nxcb/lib/auth/auth/Auth.abf
14 七月 2026 14:58:17,829 DEBUG Worker-7  ResourcePlugin:downloadFile - 成功下载资源:/jlcb/classes/nxcb/lib/auth/auth/Auth.abf
14 七月 2026 14:58:17,839 DEBUG Worker-7  ResourcePlugin:getLocalFile - 开始从本地获取'/jlcb/dictionary.jar'
14 七月 2026 14:58:17,839 DEBUG Worker-7  ResourcePlugin:getLocalFile - 无法从本地找到/jlcb/dictionary.jar
14 七月 2026 15:01:13,772 DEBUG main  ResourcePlugin:getLocalFile - 开始从本地获取'/jlcb/classes/nxcb/trx/nx000/t180131/T180131.abf'
14 七月 2026 15:01:13,773 DEBUG main  ResourcePlugin:getLocalFile - 无法从本地找到/jlcb/classes/nxcb/trx/nx000/t180131/T180131.abf
14 七月 2026 15:01:15,526 DEBUG main  ResourcePlugin:downloadFile - 成功下载资源:/jlcb/classes/nxcb/trx/nx000/t180131/T180131.abf
14 七月 2026 15:01:15,539 DEBUG main  ResourcePlugin:getLocalFile - 开始从本地获取'/jlcb/dictionary.jar'
14 七月 2026 15:01:15,539 DEBUG main  ResourcePlugin:getLocalFile - 无法从本地找到/jlcb/dictionary.jar
14 七月 2026 15:01:15,704 DEBUG main  ResourcePlugin:getLocalFile - 开始从本地获取'/jlcb/resources/para/abs_combo_00000.ini'
14 七月 2026 15:01:15,704 DEBUG main  ResourcePlugin:getLocalFile - 从本地找到'/jlcb/resources/para/abs_combo_00000.ini'
14 七月 2026 15:01:16,415 DEBUG main  ResourcePlugin:getLocalFile - 开始从本地获取'/jlcb/resources/para/abs_sys_combo.ini'
14 七月 2026 15:01:16,415 DEBUG main  ResourcePlugin:getLocalFile - 从本地找到'/jlcb/resources/para/abs_sys_combo.ini'
14 七月 2026 15:04:01,390 DEBUG main  ResourcePlugin:getLocalFile - 开始从本地获取'/jlcb/classes/nxcb/trx/nx000/DepositMoney/t270900/T270900.abf'
14 七月 2026 15:04:01,391 DEBUG main  ResourcePlugin:getLocalFile - 无法从本地找到/jlcb/classes/nxcb/trx/nx000/DepositMoney/t270900/T270900.abf
14 七月 2026 15:04:05,071 DEBUG main  ResourcePlugin:downloadFile - 成功下载资源:/jlcb/classes/nxcb/trx/nx000/DepositMoney/t270900/T270900.abf
14 七月 2026 15:04:05,090 DEBUG main  ResourcePlugin:getLocalFile - 开始从本地获取'/jlcb/dictionary.jar'
14 七月 2026 15:04:05,090 DEBUG main  ResourcePlugin:getLocalFile - 无法从本地找到/jlcb/dictionary.jar
14 七月 2026 15:04:05,275 DEBUG main  ResourcePlugin:getLocalFile - 开始从本地获取'/jlcb/resources/para/abs_combo_00000.ini'
14 七月 2026 15:04:05,275 DEBUG main  ResourcePlugin:getLocalFile - 从本地找到'/jlcb/resources/para/abs_combo_00000.ini'
14 七月 2026 15:04:05,470 DEBUG main  ResourcePlugin:getLocalFile - 开始从本地获取'/jlcb/resources/para/abs_sys_combo.ini'
14 七月 2026 15:04:05,470 DEBUG main  ResourcePlugin:getLocalFile - 从本地找到'/jlcb/resources/para/abs_sys_combo.ini'
14 七月 2026 15:05:53,970 DEBUG Worker-8  ResourcePlugin:getLocalFile - 开始从本地获取'/jlcb/classes/nxcb/lib/axep/pinPanel/PinPanel.abf'
14 七月 2026 15:05:53,970 DEBUG Worker-8  ResourcePlugin:getLocalFile - 无法从本地找到/jlcb/classes/nxcb/lib/axep/pinPanel/PinPanel.abf
14 七月 2026 15:05:54,185 DEBUG Worker-8  ResourcePlugin:downloadFile - 成功下载资源:/jlcb/classes/nxcb/lib/axep/pinPanel/PinPanel.abf
14 七月 2026 15:05:54,195 DEBUG Worker-8  ResourcePlugin:getLocalFile - 开始从本地获取'/jlcb/dictionary.jar'
14 七月 2026 15:05:54,195 DEBUG Worker-8  ResourcePlugin:getLocalFile - 无法从本地找到/jlcb/dictionary.jar
14 七月 2026 15:05:58,815 DEBUG Worker-7  ResourcePlugin:getLocalFile - 开始从本地获取'/jlcb/classes/nxcb/lib/axep/pinPanel/PinPanel.abf'
14 七月 2026 15:05:58,815 DEBUG Worker-7  ResourcePlugin:getLocalFile - 从本地找到'/jlcb/classes/nxcb/lib/axep/pinPanel/PinPanel.abf'
14 七月 2026 15:05:58,885 DEBUG Worker-7  ResourcePlugin:getLocalFile - 开始从本地获取'/jlcb/dictionary.jar'
14 七月 2026 15:05:58,885 DEBUG Worker-7  ResourcePlugin:getLocalFile - 无法从本地找到/jlcb/dictionary.jar
14 七月 2026 15:06:51,339 DEBUG main  ResourcePlugin:getLocalFile - 开始从本地获取'/jlcb/classes/nxcb/trx/nx000/t243010/T243010.abf'
14 七月 2026 15:06:51,339 DEBUG main  ResourcePlugin:getLocalFile - 从本地找到'/jlcb/classes/nxcb/trx/nx000/t243010/T243010.abf'
14 七月 2026 15:06:51,417 DEBUG main  ResourcePlugin:getLocalFile - 开始从本地获取'/jlcb/dictionary.jar'
14 七月 2026 15:06:51,417 DEBUG main  ResourcePlugin:getLocalFile - 无法从本地找到/jlcb/dictionary.jar
14 七月 2026 15:06:51,523 DEBUG main  ResourcePlugin:getLocalFile - 开始从本地获取'/jlcb/resources/para/abs_combo_00000.ini'
14 七月 2026 15:06:51,524 DEBUG main  ResourcePlugin:getLocalFile - 从本地找到'/jlcb/resources/para/abs_combo_00000.ini'
14 七月 2026 15:08:48,535 DEBUG Worker-7  ResourcePlugin:getLocalFile - 开始从本地获取'/jlcb/classes/nxcb/trx/nx000/t639092/T639092.abf'
14 七月 2026 15:08:48,535 DEBUG Worker-7  ResourcePlugin:getLocalFile - 无法从本地找到/jlcb/classes/nxcb/trx/nx000/t639092/T639092.abf
14 七月 2026 15:08:49,760 DEBUG Worker-7  ResourcePlugin:downloadFile - 成功下载资源:/jlcb/classes/nxcb/trx/nx000/t639092/T639092.abf
14 七月 2026 15:08:49,773 DEBUG Worker-7  ResourcePlugin:getLocalFile - 开始从本地获取'/jlcb/dictionary.jar'
14 七月 2026 15:08:49,773 DEBUG Worker-7  ResourcePlugin:getLocalFile - 无法从本地找到/jlcb/dictionary.jar
14 七月 2026 15:08:49,947 DEBUG main  ResourcePlugin:getLocalFile - 开始从本地获取'/jlcb/resources/para/abs_combo_00000.ini'
14 七月 2026 15:08:49,947 DEBUG main  ResourcePlugin:getLocalFile - 从本地找到'/jlcb/resources/para/abs_combo_00000.ini'
14 七月 2026 15:10:05,632 DEBUG main  ResourcePlugin:getLocalFile - 开始从本地获取'/jlcb/classes/nxcb/trx/nx000/DepositMoney/t270900/T270900.abf'
14 七月 2026 15:10:05,633 DEBUG main  ResourcePlugin:getLocalFile - 从本地找到'/jlcb/classes/nxcb/trx/nx000/DepositMoney/t270900/T270900.abf'
14 七月 2026 15:10:05,711 DEBUG main  ResourcePlugin:getLocalFile - 开始从本地获取'/jlcb/dictionary.jar'
14 七月 2026 15:10:05,711 DEBUG main  ResourcePlugin:getLocalFile - 无法从本地找到/jlcb/dictionary.jar
14 七月 2026 15:10:05,829 DEBUG main  ResourcePlugin:getLocalFile - 开始从本地获取'/jlcb/resources/para/abs_combo_00000.ini'
14 七月 2026 15:10:05,829 DEBUG main  ResourcePlugin:getLocalFile - 从本地找到'/jlcb/resources/para/abs_combo_00000.ini'
14 七月 2026 15:10:05,971 DEBUG main  ResourcePlugin:getLocalFile - 开始从本地获取'/jlcb/resources/para/abs_sys_combo.ini'
14 七月 2026 15:10:05,972 DEBUG main  ResourcePlugin:getLocalFile - 从本地找到'/jlcb/resources/para/abs_sys_combo.ini'
14 七月 2026 15:11:06,742 DEBUG Worker-9  ResourcePlugin:getLocalFile - 开始从本地获取'/jlcb/classes/nxcb/lib/axep/pinPanel/PinPanel.abf'
14 七月 2026 15:11:06,742 DEBUG Worker-9  ResourcePlugin:getLocalFile - 从本地找到'/jlcb/classes/nxcb/lib/axep/pinPanel/PinPanel.abf'
14 七月 2026 15:11:06,809 DEBUG Worker-9  ResourcePlugin:getLocalFile - 开始从本地获取'/jlcb/dictionary.jar'
14 七月 2026 15:11:06,809 DEBUG Worker-9  ResourcePlugin:getLocalFile - 无法从本地找到/jlcb/dictionary.jar
14 七月 2026 15:11:10,024 DEBUG Worker-11  ResourcePlugin:getLocalFile - 开始从本地获取'/jlcb/classes/nxcb/lib/axep/pinPanel/PinPanel.abf'
14 七月 2026 15:11:10,025 DEBUG Worker-11  ResourcePlugin:getLocalFile - 从本地找到'/jlcb/classes/nxcb/lib/axep/pinPanel/PinPanel.abf'
14 七月 2026 15:11:10,104 DEBUG Worker-11  ResourcePlugin:getLocalFile - 开始从本地获取'/jlcb/dictionary.jar'
14 七月 2026 15:11:10,104 DEBUG Worker-11  ResourcePlugin:getLocalFile - 无法从本地找到/jlcb/dictionary.jar
14 七月 2026 15:11:19,495 DEBUG main  ResourcePlugin:getLocalFile - 开始从本地获取'/jlcb/classes/nxcb/trx/nx000/t243010/T243010.abf'
14 七月 2026 15:11:19,495 DEBUG main  ResourcePlugin:getLocalFile - 从本地找到'/jlcb/classes/nxcb/trx/nx000/t243010/T243010.abf'
14 七月 2026 15:11:19,567 DEBUG main  ResourcePlugin:getLocalFile - 开始从本地获取'/jlcb/dictionary.jar'
14 七月 2026 15:11:19,568 DEBUG main  ResourcePlugin:getLocalFile - 无法从本地找到/jlcb/dictionary.jar
14 七月 2026 15:11:19,672 DEBUG main  ResourcePlugin:getLocalFile - 开始从本地获取'/jlcb/resources/para/abs_combo_00000.ini'
14 七月 2026 15:11:19,673 DEBUG main  ResourcePlugin:getLocalFile - 从本地找到'/jlcb/resources/para/abs_combo_00000.ini'
14 七月 2026 15:11:50,463 DEBUG Worker-8  ResourcePlugin:getLocalFile - 开始从本地获取'/jlcb/classes/nxcb/trx/nx000/t639092/T639092.abf'
14 七月 2026 15:11:50,464 DEBUG Worker-8  ResourcePlugin:getLocalFile - 从本地找到'/jlcb/classes/nxcb/trx/nx000/t639092/T639092.abf'
14 七月 2026 15:11:50,543 DEBUG Worker-8  ResourcePlugin:getLocalFile - 开始从本地获取'/jlcb/dictionary.jar'
14 七月 2026 15:11:50,543 DEBUG Worker-8  ResourcePlugin:getLocalFile - 无法从本地找到/jlcb/dictionary.jar
14 七月 2026 15:11:50,646 DEBUG main  ResourcePlugin:getLocalFile - 开始从本地获取'/jlcb/resources/para/abs_combo_00000.ini'
14 七月 2026 15:11:50,647 DEBUG main  ResourcePlugin:getLocalFile - 从本地找到'/jlcb/resources/para/abs_combo_00000.ini'
14 七月 2026 15:13:07,560 DEBUG main  ResourcePlugin:getLocalFile - 开始从本地获取'/jlcb/classes/nxcb/trx/nx000/DepositMoney/t270700/T270700.abf'
14 七月 2026 15:13:07,560 DEBUG main  ResourcePlugin:getLocalFile - 无法从本地找到/jlcb/classes/nxcb/trx/nx000/DepositMoney/t270700/T270700.abf
14 七月 2026 15:13:08,252 DEBUG main  ResourcePlugin:downloadFile - 成功下载资源:/jlcb/classes/nxcb/trx/nx000/DepositMoney/t270700/T270700.abf
14 七月 2026 15:13:08,262 DEBUG main  ResourcePlugin:getLocalFile - 开始从本地获取'/jlcb/dictionary.jar'
14 七月 2026 15:13:08,263 DEBUG main  ResourcePlugin:getLocalFile - 无法从本地找到/jlcb/dictionary.jar
14 七月 2026 15:13:08,435 DEBUG main  ResourcePlugin:getLocalFile - 开始从本地获取'/jlcb/resources/para/abs_combo_00000.ini'
14 七月 2026 15:13:08,435 DEBUG main  ResourcePlugin:getLocalFile - 从本地找到'/jlcb/resources/para/abs_combo_00000.ini'
14 七月 2026 15:13:09,230 DEBUG Worker-7  ResourcePlugin:getLocalFile - 开始从本地获取'/jlcb/classes/nxcb/pub/confirmWindow/ConfirmWindow.abf'
14 七月 2026 15:13:09,230 DEBUG Worker-7  ResourcePlugin:getLocalFile - 无法从本地找到/jlcb/classes/nxcb/pub/confirmWindow/ConfirmWindow.abf
14 七月 2026 15:13:09,380 DEBUG Worker-7  ResourcePlugin:downloadFile - 成功下载资源:/jlcb/classes/nxcb/pub/confirmWindow/ConfirmWindow.abf
14 七月 2026 15:13:09,390 DEBUG Worker-7  ResourcePlugin:getLocalFile - 开始从本地获取'/jlcb/dictionary.jar'
14 七月 2026 15:13:09,390 DEBUG Worker-7  ResourcePlugin:getLocalFile - 无法从本地找到/jlcb/dictionary.jar
14 七月 2026 15:13:41,464 DEBUG main  ResourcePlugin:getLocalFile - 开始从本地获取'/jlcb/classes/nxcb/trx/nx000/DepositMoney/t275270/T275270.abf'
14 七月 2026 15:13:41,464 DEBUG main  ResourcePlugin:getLocalFile - 无法从本地找到/jlcb/classes/nxcb/trx/nx000/DepositMoney/t275270/T275270.abf
14 七月 2026 15:13:42,317 DEBUG main  ResourcePlugin:downloadFile - 成功下载资源:/jlcb/classes/nxcb/trx/nx000/DepositMoney/t275270/T275270.abf
14 七月 2026 15:13:42,326 DEBUG main  ResourcePlugin:getLocalFile - 开始从本地获取'/jlcb/dictionary.jar'
14 七月 2026 15:13:42,327 DEBUG main  ResourcePlugin:getLocalFile - 无法从本地找到/jlcb/dictionary.jar
14 七月 2026 15:13:42,488 DEBUG main  ResourcePlugin:getLocalFile - 开始从本地获取'/jlcb/resources/para/abs_combo_00000.ini'
14 七月 2026 15:13:42,489 DEBUG main  ResourcePlugin:getLocalFile - 从本地找到'/jlcb/resources/para/abs_combo_00000.ini'
14 七月 2026 15:13:42,995 DEBUG Worker-0  ResourcePlugin:getLocalFile - 开始从本地获取'/jlcb/classes/nxcb/pub/confirmWindow/ConfirmWindow.abf'
14 七月 2026 15:13:42,995 DEBUG Worker-0  ResourcePlugin:getLocalFile - 从本地找到'/jlcb/classes/nxcb/pub/confirmWindow/ConfirmWindow.abf'
14 七月 2026 15:13:43,350 DEBUG Worker-0  ResourcePlugin:getLocalFile - 开始从本地获取'/jlcb/dictionary.jar'
14 七月 2026 15:13:43,350 DEBUG Worker-0  ResourcePlugin:getLocalFile - 无法从本地找到/jlcb/dictionary.jar
14 七月 2026 15:14:08,251 DEBUG Worker-6  ResourcePlugin:getLocalFile - 开始从本地获取'/jlcb/classes/nxcb/lib/auth/auth/Auth.abf'
14 七月 2026 15:14:08,254 DEBUG Worker-6  ResourcePlugin:getLocalFile - 从本地找到'/jlcb/classes/nxcb/lib/auth/auth/Auth.abf'
14 七月 2026 15:14:08,335 DEBUG Worker-6  ResourcePlugin:getLocalFile - 开始从本地获取'/jlcb/dictionary.jar'
14 七月 2026 15:14:08,336 DEBUG Worker-6  ResourcePlugin:getLocalFile - 无法从本地找到/jlcb/dictionary.jar
14 七月 2026 15:17:39,050 DEBUG Worker-8  ResourcePlugin:getLocalFile - 开始从本地获取'/jlcb/classes/nxcb/lib/auth/auth/Auth.abf'
14 七月 2026 15:17:39,051 DEBUG Worker-8  ResourcePlugin:getLocalFile - 从本地找到'/jlcb/classes/nxcb/lib/auth/auth/Auth.abf'
14 七月 2026 15:17:39,133 DEBUG Worker-8  ResourcePlugin:getLocalFile - 开始从本地获取'/jlcb/dictionary.jar'
14 七月 2026 15:17:39,133 DEBUG Worker-8  ResourcePlugin:getLocalFile - 无法从本地找到/jlcb/dictionary.jar
14 七月 2026 15:18:03,972 DEBUG main  ResourcePlugin:getLocalFile - 开始从本地获取'/jlcb/classes/nxcb/trx/nx000/DepositMoney/t275270/T275270.abf'
14 七月 2026 15:18:03,972 DEBUG main  ResourcePlugin:getLocalFile - 从本地找到'/jlcb/classes/nxcb/trx/nx000/DepositMoney/t275270/T275270.abf'
14 七月 2026 15:18:04,041 DEBUG main  ResourcePlugin:getLocalFile - 开始从本地获取'/jlcb/dictionary.jar'
14 七月 2026 15:18:04,041 DEBUG main  ResourcePlugin:getLocalFile - 无法从本地找到/jlcb/dictionary.jar
14 七月 2026 15:18:04,428 DEBUG main  ResourcePlugin:getLocalFile - 开始从本地获取'/jlcb/resources/para/abs_combo_00000.ini'
14 七月 2026 15:18:04,428 DEBUG main  ResourcePlugin:getLocalFile - 从本地找到'/jlcb/resources/para/abs_combo_00000.ini'
14 七月 2026 15:18:04,930 DEBUG Worker-9  ResourcePlugin:getLocalFile - 开始从本地获取'/jlcb/classes/nxcb/pub/confirmWindow/ConfirmWindow.abf'
14 七月 2026 15:18:04,930 DEBUG Worker-9  ResourcePlugin:getLocalFile - 从本地找到'/jlcb/classes/nxcb/pub/confirmWindow/ConfirmWindow.abf'
14 七月 2026 15:18:04,999 DEBUG Worker-9  ResourcePlugin:getLocalFile - 开始从本地获取'/jlcb/dictionary.jar'
14 七月 2026 15:18:04,999 DEBUG Worker-9  ResourcePlugin:getLocalFile - 无法从本地找到/jlcb/dictionary.jar
14 七月 2026 15:18:11,348 DEBUG Worker-9  ResourcePlugin:getLocalFile - 开始从本地获取'/jlcb/classes/nxcb/lib/auth/auth/Auth.abf'
14 七月 2026 15:18:11,349 DEBUG Worker-9  ResourcePlugin:getLocalFile - 从本地找到'/jlcb/classes/nxcb/lib/auth/auth/Auth.abf'
14 七月 2026 15:18:11,427 DEBUG Worker-9  ResourcePlugin:getLocalFile - 开始从本地获取'/jlcb/dictionary.jar'
14 七月 2026 15:18:11,427 DEBUG Worker-9  ResourcePlugin:getLocalFile - 无法从本地找到/jlcb/dictionary.jar
14 七月 2026 15:19:50,226 DEBUG main  ResourcePlugin:getLocalFile - 开始从本地获取'/jlcb/classes/nxcb/trx/nx000/DepositMoney/t270700/T270700.abf'
14 七月 2026 15:19:50,227 DEBUG main  ResourcePlugin:getLocalFile - 从本地找到'/jlcb/classes/nxcb/trx/nx000/DepositMoney/t270700/T270700.abf'
14 七月 2026 15:19:50,296 DEBUG main  ResourcePlugin:getLocalFile - 开始从本地获取'/jlcb/dictionary.jar'
14 七月 2026 15:19:50,297 DEBUG main  ResourcePlugin:getLocalFile - 无法从本地找到/jlcb/dictionary.jar
14 七月 2026 15:19:50,407 DEBUG main  ResourcePlugin:getLocalFile - 开始从本地获取'/jlcb/resources/para/abs_combo_00000.ini'
14 七月 2026 15:19:50,408 DEBUG main  ResourcePlugin:getLocalFile - 从本地找到'/jlcb/resources/para/abs_combo_00000.ini'
14 七月 2026 15:19:52,184 DEBUG Worker-9  ResourcePlugin:getLocalFile - 开始从本地获取'/jlcb/classes/nxcb/pub/confirmWindow/ConfirmWindow.abf'
14 七月 2026 15:19:52,184 DEBUG Worker-9  ResourcePlugin:getLocalFile - 从本地找到'/jlcb/classes/nxcb/pub/confirmWindow/ConfirmWindow.abf'
14 七月 2026 15:19:52,262 DEBUG Worker-9  ResourcePlugin:getLocalFile - 开始从本地获取'/jlcb/dictionary.jar'
14 七月 2026 15:19:52,262 DEBUG Worker-9  ResourcePlugin:getLocalFile - 无法从本地找到/jlcb/dictionary.jar
14 七月 2026 15:25:53,098 DEBUG Worker-0  ResourcePlugin:getLocalFile - 开始从本地获取'/jlcb/classes/nxcb/trx/nx000/t639092/T639092.abf'
14 七月 2026 15:25:53,099 DEBUG Worker-0  ResourcePlugin:getLocalFile - 从本地找到'/jlcb/classes/nxcb/trx/nx000/t639092/T639092.abf'
14 七月 2026 15:25:53,168 DEBUG Worker-0  ResourcePlugin:getLocalFile - 开始从本地获取'/jlcb/dictionary.jar'
14 七月 2026 15:25:53,169 DEBUG Worker-0  ResourcePlugin:getLocalFile - 无法从本地找到/jlcb/dictionary.jar
14 七月 2026 15:25:53,269 DEBUG main  ResourcePlugin:getLocalFile - 开始从本地获取'/jlcb/resources/para/abs_combo_00000.ini'
14 七月 2026 15:25:53,269 DEBUG main  ResourcePlugin:getLocalFile - 从本地找到'/jlcb/resources/para/abs_combo_00000.ini'
14 七月 2026 15:28:06,099 DEBUG main  ResourcePlugin:getLocalFile - 开始从本地获取'/jlcb/classes/nxcb/trx/nx000/DepositMoney/t270600/T270600.abf'
14 七月 2026 15:28:06,100 DEBUG main  ResourcePlugin:getLocalFile - 无法从本地找到/jlcb/classes/nxcb/trx/nx000/DepositMoney/t270600/T270600.abf
14 七月 2026 15:28:08,304 DEBUG main  ResourcePlugin:downloadFile - 成功下载资源:/jlcb/classes/nxcb/trx/nx000/DepositMoney/t270600/T270600.abf
14 七月 2026 15:28:08,318 DEBUG main  ResourcePlugin:getLocalFile - 开始从本地获取'/jlcb/dictionary.jar'
14 七月 2026 15:28:08,318 DEBUG main  ResourcePlugin:getLocalFile - 无法从本地找到/jlcb/dictionary.jar
14 七月 2026 15:28:08,494 DEBUG main  ResourcePlugin:getLocalFile - 开始从本地获取'/jlcb/resources/para/abs_combo_00000.ini'
14 七月 2026 15:28:08,494 DEBUG main  ResourcePlugin:getLocalFile - 从本地找到'/jlcb/resources/para/abs_combo_00000.ini'
14 七月 2026 15:28:10,535 DEBUG Worker-9  ResourcePlugin:getLocalFile - 开始从本地获取'/jlcb/classes/nxcb/pub/confirmWindow/ConfirmWindow.abf'
14 七月 2026 15:28:10,535 DEBUG Worker-9  ResourcePlugin:getLocalFile - 从本地找到'/jlcb/classes/nxcb/pub/confirmWindow/ConfirmWindow.abf'
14 七月 2026 15:28:10,613 DEBUG Worker-9  ResourcePlugin:getLocalFile - 开始从本地获取'/jlcb/dictionary.jar'
14 七月 2026 15:28:10,613 DEBUG Worker-9  ResourcePlugin:getLocalFile - 无法从本地找到/jlcb/dictionary.jar
14 七月 2026 15:28:37,447 DEBUG Worker-0  ResourcePlugin:getLocalFile - 开始从本地获取'/jlcb/classes/nxcb/lib/axep/pinPanel/PinPanel.abf'
14 七月 2026 15:28:37,447 DEBUG Worker-0  ResourcePlugin:getLocalFile - 从本地找到'/jlcb/classes/nxcb/lib/axep/pinPanel/PinPanel.abf'
14 七月 2026 15:28:37,517 DEBUG Worker-0  ResourcePlugin:getLocalFile - 开始从本地获取'/jlcb/dictionary.jar'
14 七月 2026 15:28:37,518 DEBUG Worker-0  ResourcePlugin:getLocalFile - 无法从本地找到/jlcb/dictionary.jar
14 七月 2026 15:28:48,637 DEBUG main  ResourcePlugin:getLocalFile - 开始从本地获取'/jlcb/classes/nxcb/trx/nx000/t243010/T243010.abf'
14 七月 2026 15:28:48,638 DEBUG main  ResourcePlugin:getLocalFile - 从本地找到'/jlcb/classes/nxcb/trx/nx000/t243010/T243010.abf'
14 七月 2026 15:28:48,722 DEBUG main  ResourcePlugin:getLocalFile - 开始从本地获取'/jlcb/dictionary.jar'
14 七月 2026 15:28:48,722 DEBUG main  ResourcePlugin:getLocalFile - 无法从本地找到/jlcb/dictionary.jar
14 七月 2026 15:28:48,891 DEBUG main  ResourcePlugin:getLocalFile - 开始从本地获取'/jlcb/resources/para/abs_combo_00000.ini'
14 七月 2026 15:28:48,893 DEBUG main  ResourcePlugin:getLocalFile - 从本地找到'/jlcb/resources/para/abs_combo_00000.ini'
14 七月 2026 15:28:53,539 DEBUG main  ResourcePlugin:getLocalFile - 开始从本地获取'/jlcb/classes/nxcb/trx/nx000/t633150/T633150.abf'
14 七月 2026 15:28:53,540 DEBUG main  ResourcePlugin:getLocalFile - 从本地找到'/jlcb/classes/nxcb/trx/nx000/t633150/T633150.abf'
14 七月 2026 15:28:53,610 DEBUG main  ResourcePlugin:getLocalFile - 开始从本地获取'/jlcb/dictionary.jar'
14 七月 2026 15:28:53,610 DEBUG main  ResourcePlugin:getLocalFile - 无法从本地找到/jlcb/dictionary.jar
14 七月 2026 15:28:53,692 DEBUG main  ResourcePlugin:getLocalFile - 开始从本地获取'/jlcb/resources/para/abs_combo_00000.ini'
14 七月 2026 15:28:53,692 DEBUG main  ResourcePlugin:getLocalFile - 从本地找到'/jlcb/resources/para/abs_combo_00000.ini'
14 七月 2026 15:29:46,474 DEBUG Worker-8  ResourcePlugin:getLocalFile - 开始从本地获取'/jlcb/classes/nxcb/trx/nx000/t639092/T639092.abf'
14 七月 2026 15:29:46,475 DEBUG Worker-8  ResourcePlugin:getLocalFile - 从本地找到'/jlcb/classes/nxcb/trx/nx000/t639092/T639092.abf'
14 七月 2026 15:29:46,551 DEBUG Worker-8  ResourcePlugin:getLocalFile - 开始从本地获取'/jlcb/dictionary.jar'
14 七月 2026 15:29:46,551 DEBUG Worker-8  ResourcePlugin:getLocalFile - 无法从本地找到/jlcb/dictionary.jar
14 七月 2026 15:29:46,669 DEBUG main  ResourcePlugin:getLocalFile - 开始从本地获取'/jlcb/resources/para/abs_combo_00000.ini'
14 七月 2026 15:29:46,670 DEBUG main  ResourcePlugin:getLocalFile - 从本地找到'/jlcb/resources/para/abs_combo_00000.ini'
14 七月 2026 15:30:51,166 DEBUG Worker-0  ResourcePlugin:getLocalFile - 开始从本地获取'/jlcb/classes/nxcb/lib/auth/auth/Auth.abf'
14 七月 2026 15:30:51,167 DEBUG Worker-0  ResourcePlugin:getLocalFile - 从本地找到'/jlcb/classes/nxcb/lib/auth/auth/Auth.abf'
14 七月 2026 15:30:51,238 DEBUG Worker-0  ResourcePlugin:getLocalFile - 开始从本地获取'/jlcb/dictionary.jar'
14 七月 2026 15:30:51,238 DEBUG Worker-0  ResourcePlugin:getLocalFile - 无法从本地找到/jlcb/dictionary.jar
14 七月 2026 15:33:26,040 DEBUG main  ResourcePlugin:getLocalFile - 开始从本地获取'/jlcb/classes/nxcb/trx/nx000/DepositMoney/t274030/T274035.abf'
14 七月 2026 15:33:26,041 DEBUG main  ResourcePlugin:getLocalFile - 无法从本地找到/jlcb/classes/nxcb/trx/nx000/DepositMoney/t274030/T274035.abf
14 七月 2026 15:33:26,770 DEBUG main  ResourcePlugin:downloadFile - 成功下载资源:/jlcb/classes/nxcb/trx/nx000/DepositMoney/t274030/T274035.abf
14 七月 2026 15:33:26,778 DEBUG main  ResourcePlugin:getLocalFile - 开始从本地获取'/jlcb/dictionary.jar'
14 七月 2026 15:33:26,778 DEBUG main  ResourcePlugin:getLocalFile - 无法从本地找到/jlcb/dictionary.jar
14 七月 2026 15:33:26,963 DEBUG main  ResourcePlugin:getLocalFile - 开始从本地获取'/jlcb/resources/para/abs_combo_00000.ini'
14 七月 2026 15:33:26,964 DEBUG main  ResourcePlugin:getLocalFile - 从本地找到'/jlcb/resources/para/abs_combo_00000.ini'
14 七月 2026 15:34:48,208 DEBUG Worker-7  ResourcePlugin:getLocalFile - 开始从本地获取'/jlcb/classes/nxcb/lib/auth/auth/Auth.abf'
14 七月 2026 15:34:48,209 DEBUG Worker-7  ResourcePlugin:getLocalFile - 从本地找到'/jlcb/classes/nxcb/lib/auth/auth/Auth.abf'
14 七月 2026 15:34:48,288 DEBUG Worker-7  ResourcePlugin:getLocalFile - 开始从本地获取'/jlcb/dictionary.jar'
14 七月 2026 15:34:48,288 DEBUG Worker-7  ResourcePlugin:getLocalFile - 无法从本地找到/jlcb/dictionary.jar
14 七月 2026 15:36:24,578 DEBUG main  ResourcePlugin:getLocalFile - 开始从本地获取'/jlcb/classes/nxcb/trx/nx000/DepositMoney/t274030/T274035.abf'
14 七月 2026 15:36:24,579 DEBUG main  ResourcePlugin:getLocalFile - 从本地找到'/jlcb/classes/nxcb/trx/nx000/DepositMoney/t274030/T274035.abf'
14 七月 2026 15:36:24,657 DEBUG main  ResourcePlugin:getLocalFile - 开始从本地获取'/jlcb/dictionary.jar'
14 七月 2026 15:36:24,658 DEBUG main  ResourcePlugin:getLocalFile - 无法从本地找到/jlcb/dictionary.jar
14 七月 2026 15:36:24,758 DEBUG main  ResourcePlugin:getLocalFile - 开始从本地获取'/jlcb/resources/para/abs_combo_00000.ini'
14 七月 2026 15:36:24,758 DEBUG main  ResourcePlugin:getLocalFile - 从本地找到'/jlcb/resources/para/abs_combo_00000.ini'
14 七月 2026 15:37:07,353 DEBUG Worker-9  ResourcePlugin:getLocalFile - 开始从本地获取'/jlcb/classes/nxcb/trx/nx000/t360102/T360102.abf'
14 七月 2026 15:37:07,353 DEBUG Worker-9  ResourcePlugin:getLocalFile - 无法从本地找到/jlcb/classes/nxcb/trx/nx000/t360102/T360102.abf
14 七月 2026 15:37:08,323 DEBUG Worker-9  ResourcePlugin:downloadFile - 成功下载资源:/jlcb/classes/nxcb/trx/nx000/t360102/T360102.abf
14 七月 2026 15:37:08,335 DEBUG Worker-9  ResourcePlugin:getLocalFile - 开始从本地获取'/jlcb/dictionary.jar'
14 七月 2026 15:37:08,336 DEBUG Worker-9  ResourcePlugin:getLocalFile - 无法从本地找到/jlcb/dictionary.jar
14 七月 2026 15:37:08,514 DEBUG main  ResourcePlugin:getLocalFile - 开始从本地获取'/jlcb/resources/para/abs_combo_00000.ini'
14 七月 2026 15:37:08,515 DEBUG main  ResourcePlugin:getLocalFile - 从本地找到'/jlcb/resources/para/abs_combo_00000.ini'
14 七月 2026 15:37:14,899 DEBUG Worker-7  ResourcePlugin:getLocalFile - 开始从本地获取'/jlcb/classes/nxcb/lib/auth/auth/Auth.abf'
14 七月 2026 15:37:14,899 DEBUG Worker-7  ResourcePlugin:getLocalFile - 从本地找到'/jlcb/classes/nxcb/lib/auth/auth/Auth.abf'
14 七月 2026 15:37:14,966 DEBUG Worker-7  ResourcePlugin:getLocalFile - 开始从本地获取'/jlcb/dictionary.jar'
14 七月 2026 15:37:14,967 DEBUG Worker-7  ResourcePlugin:getLocalFile - 无法从本地找到/jlcb/dictionary.jar
14 七月 2026 15:39:56,396 DEBUG main  ResourcePlugin:getLocalFile - 开始从本地获取'/jlcb/classes/nxcb/trx/nx000/DepositMoney/t274040/T274040.abf'
14 七月 2026 15:39:56,397 DEBUG main  ResourcePlugin:getLocalFile - 无法从本地找到/jlcb/classes/nxcb/trx/nx000/DepositMoney/t274040/T274040.abf
14 七月 2026 15:39:57,119 DEBUG main  ResourcePlugin:downloadFile - 成功下载资源:/jlcb/classes/nxcb/trx/nx000/DepositMoney/t274040/T274040.abf
14 七月 2026 15:39:57,134 DEBUG main  ResourcePlugin:getLocalFile - 开始从本地获取'/jlcb/dictionary.jar'
14 七月 2026 15:39:57,135 DEBUG main  ResourcePlugin:getLocalFile - 无法从本地找到/jlcb/dictionary.jar
14 七月 2026 15:39:57,355 DEBUG main  ResourcePlugin:getLocalFile - 开始从本地获取'/jlcb/resources/para/abs_combo_00000.ini'
14 七月 2026 15:39:57,356 DEBUG main  ResourcePlugin:getLocalFile - 从本地找到'/jlcb/resources/para/abs_combo_00000.ini'
14 七月 2026 15:40:19,336 DEBUG Worker-0  ResourcePlugin:getLocalFile - 开始从本地获取'/jlcb/classes/nxcb/lib/axep/pinPanel/PinPanel.abf'
14 七月 2026 15:40:19,336 DEBUG Worker-0  ResourcePlugin:getLocalFile - 从本地找到'/jlcb/classes/nxcb/lib/axep/pinPanel/PinPanel.abf'
14 七月 2026 15:40:19,405 DEBUG Worker-0  ResourcePlugin:getLocalFile - 开始从本地获取'/jlcb/dictionary.jar'
14 七月 2026 15:40:19,407 DEBUG Worker-0  ResourcePlugin:getLocalFile - 无法从本地找到/jlcb/dictionary.jar
14 七月 2026 15:40:45,686 DEBUG Worker-9  ResourcePlugin:getLocalFile - 开始从本地获取'/jlcb/classes/nxcb/lib/auth/auth/Auth.abf'
14 七月 2026 15:40:45,686 DEBUG Worker-9  ResourcePlugin:getLocalFile - 从本地找到'/jlcb/classes/nxcb/lib/auth/auth/Auth.abf'
14 七月 2026 15:40:45,769 DEBUG Worker-9  ResourcePlugin:getLocalFile - 开始从本地获取'/jlcb/dictionary.jar'
14 七月 2026 15:40:45,769 DEBUG Worker-9  ResourcePlugin:getLocalFile - 无法从本地找到/jlcb/dictionary.jar
14 七月 2026 15:42:34,363 DEBUG main  ResourcePlugin:getLocalFile - 开始从本地获取'/jlcb/classes/nxcb/trx/nx000/DepositMoney/t274040/T274040.abf'
14 七月 2026 15:42:34,364 DEBUG main  ResourcePlugin:getLocalFile - 从本地找到'/jlcb/classes/nxcb/trx/nx000/DepositMoney/t274040/T274040.abf'
14 七月 2026 15:42:34,441 DEBUG main  ResourcePlugin:getLocalFile - 开始从本地获取'/jlcb/dictionary.jar'
14 七月 2026 15:42:34,441 DEBUG main  ResourcePlugin:getLocalFile - 无法从本地找到/jlcb/dictionary.jar
14 七月 2026 15:42:34,546 DEBUG main  ResourcePlugin:getLocalFile - 开始从本地获取'/jlcb/resources/para/abs_combo_00000.ini'
14 七月 2026 15:42:34,546 DEBUG main  ResourcePlugin:getLocalFile - 从本地找到'/jlcb/resources/para/abs_combo_00000.ini'
14 七月 2026 15:42:42,637 DEBUG Worker-6  ResourcePlugin:getLocalFile - 开始从本地获取'/jlcb/classes/nxcb/lib/axep/pinPanel/PinPanel.abf'
14 七月 2026 15:42:42,637 DEBUG Worker-6  ResourcePlugin:getLocalFile - 从本地找到'/jlcb/classes/nxcb/lib/axep/pinPanel/PinPanel.abf'
14 七月 2026 15:42:42,706 DEBUG Worker-6  ResourcePlugin:getLocalFile - 开始从本地获取'/jlcb/dictionary.jar'
14 七月 2026 15:42:42,706 DEBUG Worker-6  ResourcePlugin:getLocalFile - 无法从本地找到/jlcb/dictionary.jar
14 七月 2026 15:42:55,627 DEBUG Worker-0  ResourcePlugin:getLocalFile - 开始从本地获取'/jlcb/classes/nxcb/lib/auth/auth/Auth.abf'
14 七月 2026 15:42:55,627 DEBUG Worker-0  ResourcePlugin:getLocalFile - 从本地找到'/jlcb/classes/nxcb/lib/auth/auth/Auth.abf'
14 七月 2026 15:42:55,703 DEBUG Worker-0  ResourcePlugin:getLocalFile - 开始从本地获取'/jlcb/dictionary.jar'
14 七月 2026 15:42:55,703 DEBUG Worker-0  ResourcePlugin:getLocalFile - 无法从本地找到/jlcb/dictionary.jar
14 七月 2026 15:44:30,935 DEBUG main  ResourcePlugin:getLocalFile - 开始从本地获取'/jlcb/classes/nxcb/trx/nx000/DepositMoney/t275070/T275070.abf'
14 七月 2026 15:44:30,935 DEBUG main  ResourcePlugin:getLocalFile - 无法从本地找到/jlcb/classes/nxcb/trx/nx000/DepositMoney/t275070/T275070.abf
14 七月 2026 15:44:32,284 DEBUG main  ResourcePlugin:downloadFile - 成功下载资源:/jlcb/classes/nxcb/trx/nx000/DepositMoney/t275070/T275070.abf
14 七月 2026 15:44:32,294 DEBUG main  ResourcePlugin:getLocalFile - 开始从本地获取'/jlcb/dictionary.jar'
14 七月 2026 15:44:32,295 DEBUG main  ResourcePlugin:getLocalFile - 无法从本地找到/jlcb/dictionary.jar
14 七月 2026 15:44:32,465 DEBUG main  ResourcePlugin:getLocalFile - 开始从本地获取'/jlcb/resources/para/abs_combo_00000.ini'
14 七月 2026 15:44:32,466 DEBUG main  ResourcePlugin:getLocalFile - 从本地找到'/jlcb/resources/para/abs_combo_00000.ini'
14 七月 2026 15:44:41,823 DEBUG main  ResourcePlugin:getLocalFile - 开始从本地获取'/jlcb/classes/nxcb/trx/nx000/DepositMoney/t275070/T275070.abf'
14 七月 2026 15:44:41,824 DEBUG main  ResourcePlugin:getLocalFile - 从本地找到'/jlcb/classes/nxcb/trx/nx000/DepositMoney/t275070/T275070.abf'
14 七月 2026 15:44:41,901 DEBUG main  ResourcePlugin:getLocalFile - 开始从本地获取'/jlcb/dictionary.jar'
14 七月 2026 15:44:41,901 DEBUG main  ResourcePlugin:getLocalFile - 无法从本地找到/jlcb/dictionary.jar
14 七月 2026 15:44:41,984 DEBUG main  ResourcePlugin:getLocalFile - 开始从本地获取'/jlcb/resources/para/abs_combo_00000.ini'
14 七月 2026 15:44:41,984 DEBUG main  ResourcePlugin:getLocalFile - 从本地找到'/jlcb/resources/para/abs_combo_00000.ini'
14 七月 2026 15:46:16,251 DEBUG main  ResourcePlugin:getLocalFile - 开始从本地获取'/jlcb/classes/nxcb/trx/nx000/DepositMoney/t274110/T274110.abf'
14 七月 2026 15:46:16,251 DEBUG main  ResourcePlugin:getLocalFile - 无法从本地找到/jlcb/classes/nxcb/trx/nx000/DepositMoney/t274110/T274110.abf
14 七月 2026 15:46:17,153 DEBUG main  ResourcePlugin:downloadFile - 成功下载资源:/jlcb/classes/nxcb/trx/nx000/DepositMoney/t274110/T274110.abf
14 七月 2026 15:46:17,164 DEBUG main  ResourcePlugin:getLocalFile - 开始从本地获取'/jlcb/dictionary.jar'
14 七月 2026 15:46:17,164 DEBUG main  ResourcePlugin:getLocalFile - 无法从本地找到/jlcb/dictionary.jar
14 七月 2026 15:46:17,350 DEBUG main  ResourcePlugin:getLocalFile - 开始从本地获取'/jlcb/resources/para/abs_combo_00000.ini'
14 七月 2026 15:46:17,350 DEBUG main  ResourcePlugin:getLocalFile - 从本地找到'/jlcb/resources/para/abs_combo_00000.ini'
14 七月 2026 15:46:18,195 DEBUG Worker-12  ResourcePlugin:getLocalFile - 开始从本地获取'/jlcb/classes/nxcb/pub/confirmWindow/ConfirmWindow.abf'
14 七月 2026 15:46:18,195 DEBUG Worker-12  ResourcePlugin:getLocalFile - 从本地找到'/jlcb/classes/nxcb/pub/confirmWindow/ConfirmWindow.abf'
14 七月 2026 15:46:18,425 DEBUG Worker-12  ResourcePlugin:getLocalFile - 开始从本地获取'/jlcb/dictionary.jar'
14 七月 2026 15:46:18,425 DEBUG Worker-12  ResourcePlugin:getLocalFile - 无法从本地找到/jlcb/dictionary.jar
14 七月 2026 15:47:13,910 DEBUG Worker-12  ResourcePlugin:getLocalFile - 开始从本地获取'/jlcb/classes/nxcb/lib/auth/auth/Auth.abf'
14 七月 2026 15:47:13,910 DEBUG Worker-12  ResourcePlugin:getLocalFile - 从本地找到'/jlcb/classes/nxcb/lib/auth/auth/Auth.abf'
14 七月 2026 15:47:13,986 DEBUG Worker-12  ResourcePlugin:getLocalFile - 开始从本地获取'/jlcb/dictionary.jar'
14 七月 2026 15:47:13,986 DEBUG Worker-12  ResourcePlugin:getLocalFile - 无法从本地找到/jlcb/dictionary.jar
14 七月 2026 15:47:39,160 DEBUG Worker-12  ResourcePlugin:getLocalFile - 开始从本地获取'/jlcb/classes/nxcb/lib/auth/auth/Auth.abf'
14 七月 2026 15:47:39,160 DEBUG Worker-12  ResourcePlugin:getLocalFile - 从本地找到'/jlcb/classes/nxcb/lib/auth/auth/Auth.abf'
14 七月 2026 15:47:39,328 DEBUG Worker-12  ResourcePlugin:getLocalFile - 开始从本地获取'/jlcb/dictionary.jar'
14 七月 2026 15:47:39,328 DEBUG Worker-12  ResourcePlugin:getLocalFile - 无法从本地找到/jlcb/dictionary.jar
14 七月 2026 15:48:03,289 DEBUG main  ResourcePlugin:getLocalFile - 开始从本地获取'/jlcb/classes/nxcb/trx/nx000/t574020/T574020.abf'
14 七月 2026 15:48:03,289 DEBUG main  ResourcePlugin:getLocalFile - 从本地找到'/jlcb/classes/nxcb/trx/nx000/t574020/T574020.abf'
14 七月 2026 15:48:03,375 DEBUG main  ResourcePlugin:getLocalFile - 开始从本地获取'/jlcb/dictionary.jar'
14 七月 2026 15:48:03,375 DEBUG main  ResourcePlugin:getLocalFile - 无法从本地找到/jlcb/dictionary.jar
14 七月 2026 15:48:03,455 DEBUG main  ResourcePlugin:getLocalFile - 开始从本地获取'/jlcb/resources/para/abs_combo_00000.ini'
14 七月 2026 15:48:03,456 DEBUG main  ResourcePlugin:getLocalFile - 从本地找到'/jlcb/resources/para/abs_combo_00000.ini'
14 七月 2026 15:48:43,069 DEBUG Worker-13  ResourcePlugin:getLocalFile - 开始从本地获取'/jlcb/classes/nxcb/lib/auth/auth/Auth.abf'
14 七月 2026 15:48:43,069 DEBUG Worker-13  ResourcePlugin:getLocalFile - 从本地找到'/jlcb/classes/nxcb/lib/auth/auth/Auth.abf'
14 七月 2026 15:48:43,236 DEBUG Worker-13  ResourcePlugin:getLocalFile - 开始从本地获取'/jlcb/dictionary.jar'
14 七月 2026 15:48:43,236 DEBUG Worker-13  ResourcePlugin:getLocalFile - 无法从本地找到/jlcb/dictionary.jar
14 七月 2026 15:49:38,982 DEBUG main  ResourcePlugin:getLocalFile - 开始从本地获取'/jlcb/classes/nxcb/trx/nx000/DepositMoney/t274110/T274110.abf'
14 七月 2026 15:49:38,983 DEBUG main  ResourcePlugin:getLocalFile - 从本地找到'/jlcb/classes/nxcb/trx/nx000/DepositMoney/t274110/T274110.abf'
14 七月 2026 15:49:39,053 DEBUG main  ResourcePlugin:getLocalFile - 开始从本地获取'/jlcb/dictionary.jar'
14 七月 2026 15:49:39,055 DEBUG main  ResourcePlugin:getLocalFile - 无法从本地找到/jlcb/dictionary.jar
14 七月 2026 15:49:39,146 DEBUG main  ResourcePlugin:getLocalFile - 开始从本地获取'/jlcb/resources/para/abs_combo_00000.ini'
14 七月 2026 15:49:39,147 DEBUG main  ResourcePlugin:getLocalFile - 从本地找到'/jlcb/resources/para/abs_combo_00000.ini'
14 七月 2026 15:49:40,494 DEBUG Worker-12  ResourcePlugin:getLocalFile - 开始从本地获取'/jlcb/classes/nxcb/pub/confirmWindow/ConfirmWindow.abf'
14 七月 2026 15:49:40,494 DEBUG Worker-12  ResourcePlugin:getLocalFile - 从本地找到'/jlcb/classes/nxcb/pub/confirmWindow/ConfirmWindow.abf'
14 七月 2026 15:49:40,569 DEBUG Worker-12  ResourcePlugin:getLocalFile - 开始从本地获取'/jlcb/dictionary.jar'
14 七月 2026 15:49:40,569 DEBUG Worker-12  ResourcePlugin:getLocalFile - 无法从本地找到/jlcb/dictionary.jar
14 七月 2026 15:49:53,521 DEBUG main  ResourcePlugin:getLocalFile - 开始从本地获取'/jlcb/classes/nxcb/trx/nx000/DepositMoney/t275100/T275100.abf'
14 七月 2026 15:49:53,521 DEBUG main  ResourcePlugin:getLocalFile - 无法从本地找到/jlcb/classes/nxcb/trx/nx000/DepositMoney/t275100/T275100.abf
14 七月 2026 15:49:54,337 DEBUG main  ResourcePlugin:downloadFile - 成功下载资源:/jlcb/classes/nxcb/trx/nx000/DepositMoney/t275100/T275100.abf
14 七月 2026 15:49:54,349 DEBUG main  ResourcePlugin:getLocalFile - 开始从本地获取'/jlcb/dictionary.jar'
14 七月 2026 15:49:54,349 DEBUG main  ResourcePlugin:getLocalFile - 无法从本地找到/jlcb/dictionary.jar
14 七月 2026 15:49:54,509 DEBUG main  ResourcePlugin:getLocalFile - 开始从本地获取'/jlcb/resources/para/abs_combo_00000.ini'
14 七月 2026 15:49:54,509 DEBUG main  ResourcePlugin:getLocalFile - 从本地找到'/jlcb/resources/para/abs_combo_00000.ini'
14 七月 2026 15:50:55,117 DEBUG main  ResourcePlugin:getLocalFile - 开始从本地获取'/jlcb/classes/nxcb/trx/nx000/DepositMoney/t274120/T274120.abf'
14 七月 2026 15:50:55,117 DEBUG main  ResourcePlugin:getLocalFile - 无法从本地找到/jlcb/classes/nxcb/trx/nx000/DepositMoney/t274120/T274120.abf
14 七月 2026 15:50:56,423 DEBUG main  ResourcePlugin:downloadFile - 成功下载资源:/jlcb/classes/nxcb/trx/nx000/DepositMoney/t274120/T274120.abf
14 七月 2026 15:50:56,435 DEBUG main  ResourcePlugin:getLocalFile - 开始从本地获取'/jlcb/dictionary.jar'
14 七月 2026 15:50:56,435 DEBUG main  ResourcePlugin:getLocalFile - 无法从本地找到/jlcb/dictionary.jar
14 七月 2026 15:50:56,609 DEBUG main  ResourcePlugin:getLocalFile - 开始从本地获取'/jlcb/resources/para/abs_combo_00000.ini'
14 七月 2026 15:50:56,609 DEBUG main  ResourcePlugin:getLocalFile - 从本地找到'/jlcb/resources/para/abs_combo_00000.ini'
14 七月 2026 15:50:57,292 DEBUG Worker-7  ResourcePlugin:getLocalFile - 开始从本地获取'/jlcb/classes/nxcb/pub/confirmWindow/ConfirmWindow.abf'
14 七月 2026 15:50:57,293 DEBUG Worker-7  ResourcePlugin:getLocalFile - 从本地找到'/jlcb/classes/nxcb/pub/confirmWindow/ConfirmWindow.abf'
14 七月 2026 15:50:57,371 DEBUG Worker-7  ResourcePlugin:getLocalFile - 开始从本地获取'/jlcb/dictionary.jar'
14 七月 2026 15:50:57,371 DEBUG Worker-7  ResourcePlugin:getLocalFile - 无法从本地找到/jlcb/dictionary.jar
14 七月 2026 15:51:34,008 DEBUG main  ResourcePlugin:getLocalFile - 开始从本地获取'/jlcb/classes/nxcb/trx/nx000/DepositMoney/t274410/T274410.abf'
14 七月 2026 15:51:34,008 DEBUG main  ResourcePlugin:getLocalFile - 无法从本地找到/jlcb/classes/nxcb/trx/nx000/DepositMoney/t274410/T274410.abf
14 七月 2026 15:51:35,104 DEBUG main  ResourcePlugin:downloadFile - 成功下载资源:/jlcb/classes/nxcb/trx/nx000/DepositMoney/t274410/T274410.abf
14 七月 2026 15:51:35,114 DEBUG main  ResourcePlugin:getLocalFile - 开始从本地获取'/jlcb/dictionary.jar'
14 七月 2026 15:51:35,115 DEBUG main  ResourcePlugin:getLocalFile - 无法从本地找到/jlcb/dictionary.jar
14 七月 2026 15:51:35,296 DEBUG main  ResourcePlugin:getLocalFile - 开始从本地获取'/jlcb/resources/para/abs_combo_00000.ini'
14 七月 2026 15:51:35,296 DEBUG main  ResourcePlugin:getLocalFile - 从本地找到'/jlcb/resources/para/abs_combo_00000.ini'
14 七月 2026 15:51:36,152 DEBUG Worker-13  ResourcePlugin:getLocalFile - 开始从本地获取'/jlcb/classes/nxcb/pub/confirmWindow/ConfirmWindow.abf'
14 七月 2026 15:51:36,153 DEBUG Worker-13  ResourcePlugin:getLocalFile - 从本地找到'/jlcb/classes/nxcb/pub/confirmWindow/ConfirmWindow.abf'
14 七月 2026 15:51:36,339 DEBUG Worker-13  ResourcePlugin:getLocalFile - 开始从本地获取'/jlcb/dictionary.jar'
14 七月 2026 15:51:36,339 DEBUG Worker-13  ResourcePlugin:getLocalFile - 无法从本地找到/jlcb/dictionary.jar
14 七月 2026 15:52:05,396 DEBUG main  ResourcePlugin:getLocalFile - 开始从本地获取'/jlcb/classes/nxcb/trx/nx000/DepositMoney/t275100/T275100.abf'
14 七月 2026 15:52:05,396 DEBUG main  ResourcePlugin:getLocalFile - 从本地找到'/jlcb/classes/nxcb/trx/nx000/DepositMoney/t275100/T275100.abf'
14 七月 2026 15:52:05,474 DEBUG main  ResourcePlugin:getLocalFile - 开始从本地获取'/jlcb/dictionary.jar'
14 七月 2026 15:52:05,474 DEBUG main  ResourcePlugin:getLocalFile - 无法从本地找到/jlcb/dictionary.jar
14 七月 2026 15:52:05,927 DEBUG main  ResourcePlugin:getLocalFile - 开始从本地获取'/jlcb/resources/para/abs_combo_00000.ini'
14 七月 2026 15:52:05,928 DEBUG main  ResourcePlugin:getLocalFile - 从本地找到'/jlcb/resources/para/abs_combo_00000.ini'
14 七月 2026 15:53:30,568 DEBUG Worker-9  ResourcePlugin:getLocalFile - 开始从本地获取'/jlcb/classes/nxcb/lib/auth/auth/Auth.abf'
14 七月 2026 15:53:30,568 DEBUG Worker-9  ResourcePlugin:getLocalFile - 从本地找到'/jlcb/classes/nxcb/lib/auth/auth/Auth.abf'
14 七月 2026 15:53:30,636 DEBUG Worker-9  ResourcePlugin:getLocalFile - 开始从本地获取'/jlcb/dictionary.jar'
14 七月 2026 15:53:30,636 DEBUG Worker-9  ResourcePlugin:getLocalFile - 无法从本地找到/jlcb/dictionary.jar
14 七月 2026 15:54:24,225 DEBUG main  ResourcePlugin:getLocalFile - 开始从本地获取'/jlcb/classes/nxcb/trx/nx000/DepositMoney/t274410/T274410.abf'
14 七月 2026 15:54:24,226 DEBUG main  ResourcePlugin:getLocalFile - 从本地找到'/jlcb/classes/nxcb/trx/nx000/DepositMoney/t274410/T274410.abf'
14 七月 2026 15:54:24,306 DEBUG main  ResourcePlugin:getLocalFile - 开始从本地获取'/jlcb/dictionary.jar'
14 七月 2026 15:54:24,306 DEBUG main  ResourcePlugin:getLocalFile - 无法从本地找到/jlcb/dictionary.jar
14 七月 2026 15:54:24,419 DEBUG main  ResourcePlugin:getLocalFile - 开始从本地获取'/jlcb/resources/para/abs_combo_00000.ini'
14 七月 2026 15:54:24,419 DEBUG main  ResourcePlugin:getLocalFile - 从本地找到'/jlcb/resources/para/abs_combo_00000.ini'
14 七月 2026 15:54:25,830 DEBUG Worker-6  ResourcePlugin:getLocalFile - 开始从本地获取'/jlcb/classes/nxcb/pub/confirmWindow/ConfirmWindow.abf'
14 七月 2026 15:54:25,831 DEBUG Worker-6  ResourcePlugin:getLocalFile - 从本地找到'/jlcb/classes/nxcb/pub/confirmWindow/ConfirmWindow.abf'
14 七月 2026 15:54:25,909 DEBUG Worker-6  ResourcePlugin:getLocalFile - 开始从本地获取'/jlcb/dictionary.jar'
14 七月 2026 15:54:25,909 DEBUG Worker-6  ResourcePlugin:getLocalFile - 无法从本地找到/jlcb/dictionary.jar
14 七月 2026 15:54:55,419 DEBUG main  ResourcePlugin:getLocalFile - 开始从本地获取'/jlcb/classes/nxcb/trx/nx000/DepositMoney/t274120/T274120.abf'
14 七月 2026 15:54:55,419 DEBUG main  ResourcePlugin:getLocalFile - 从本地找到'/jlcb/classes/nxcb/trx/nx000/DepositMoney/t274120/T274120.abf'
14 七月 2026 15:54:55,495 DEBUG main  ResourcePlugin:getLocalFile - 开始从本地获取'/jlcb/dictionary.jar'
14 七月 2026 15:54:55,495 DEBUG main  ResourcePlugin:getLocalFile - 无法从本地找到/jlcb/dictionary.jar
14 七月 2026 15:54:55,597 DEBUG main  ResourcePlugin:getLocalFile - 开始从本地获取'/jlcb/resources/para/abs_combo_00000.ini'
14 七月 2026 15:54:55,597 DEBUG main  ResourcePlugin:getLocalFile - 从本地找到'/jlcb/resources/para/abs_combo_00000.ini'
14 七月 2026 15:54:56,193 DEBUG Worker-9  ResourcePlugin:getLocalFile - 开始从本地获取'/jlcb/classes/nxcb/pub/confirmWindow/ConfirmWindow.abf'
14 七月 2026 15:54:56,194 DEBUG Worker-9  ResourcePlugin:getLocalFile - 从本地找到'/jlcb/classes/nxcb/pub/confirmWindow/ConfirmWindow.abf'
14 七月 2026 15:54:56,279 DEBUG Worker-9  ResourcePlugin:getLocalFile - 开始从本地获取'/jlcb/dictionary.jar'
14 七月 2026 15:54:56,279 DEBUG Worker-9  ResourcePlugin:getLocalFile - 无法从本地找到/jlcb/dictionary.jar
14 七月 2026 15:55:29,276 DEBUG Worker-13  ResourcePlugin:getLocalFile - 开始从本地获取'/jlcb/classes/nxcb/lib/auth/auth/Auth.abf'
14 七月 2026 15:55:29,276 DEBUG Worker-13  ResourcePlugin:getLocalFile - 从本地找到'/jlcb/classes/nxcb/lib/auth/auth/Auth.abf'
14 七月 2026 15:55:29,348 DEBUG Worker-13  ResourcePlugin:getLocalFile - 开始从本地获取'/jlcb/dictionary.jar'
14 七月 2026 15:55:29,348 DEBUG Worker-13  ResourcePlugin:getLocalFile - 无法从本地找到/jlcb/dictionary.jar
14 七月 2026 15:56:40,781 DEBUG main  ResourcePlugin:getLocalFile - 开始从本地获取'/jlcb/classes/nxcb/trx/nx000/DepositMoney/t274120/T274120.abf'
14 七月 2026 15:56:40,783 DEBUG main  ResourcePlugin:getLocalFile - 从本地找到'/jlcb/classes/nxcb/trx/nx000/DepositMoney/t274120/T274120.abf'
14 七月 2026 15:56:40,865 DEBUG main  ResourcePlugin:getLocalFile - 开始从本地获取'/jlcb/dictionary.jar'
14 七月 2026 15:56:40,866 DEBUG main  ResourcePlugin:getLocalFile - 无法从本地找到/jlcb/dictionary.jar
14 七月 2026 15:56:40,967 DEBUG main  ResourcePlugin:getLocalFile - 开始从本地获取'/jlcb/resources/para/abs_combo_00000.ini'
14 七月 2026 15:56:40,968 DEBUG main  ResourcePlugin:getLocalFile - 从本地找到'/jlcb/resources/para/abs_combo_00000.ini'
14 七月 2026 15:56:41,659 DEBUG Worker-7  ResourcePlugin:getLocalFile - 开始从本地获取'/jlcb/classes/nxcb/pub/confirmWindow/ConfirmWindow.abf'
14 七月 2026 15:56:41,661 DEBUG Worker-7  ResourcePlugin:getLocalFile - 从本地找到'/jlcb/classes/nxcb/pub/confirmWindow/ConfirmWindow.abf'
14 七月 2026 15:56:41,737 DEBUG Worker-7  ResourcePlugin:getLocalFile - 开始从本地获取'/jlcb/dictionary.jar'
14 七月 2026 15:56:41,737 DEBUG Worker-7  ResourcePlugin:getLocalFile - 无法从本地找到/jlcb/dictionary.jar
14 七月 2026 15:56:48,355 DEBUG main  ResourcePlugin:getLocalFile - 开始从本地获取'/jlcb/classes/nxcb/trx/nx000/DepositMoney/t275100/T275100.abf'
14 七月 2026 15:56:48,355 DEBUG main  ResourcePlugin:getLocalFile - 从本地找到'/jlcb/classes/nxcb/trx/nx000/DepositMoney/t275100/T275100.abf'
14 七月 2026 15:56:48,433 DEBUG main  ResourcePlugin:getLocalFile - 开始从本地获取'/jlcb/dictionary.jar'
14 七月 2026 15:56:48,433 DEBUG main  ResourcePlugin:getLocalFile - 无法从本地找到/jlcb/dictionary.jar
14 七月 2026 15:56:48,511 DEBUG main  ResourcePlugin:getLocalFile - 开始从本地获取'/jlcb/resources/para/abs_combo_00000.ini'
14 七月 2026 15:56:48,511 DEBUG main  ResourcePlugin:getLocalFile - 从本地找到'/jlcb/resources/para/abs_combo_00000.ini'
14 七月 2026 15:57:32,014 DEBUG main  ResourcePlugin:getLocalFile - 开始从本地获取'/jlcb/classes/nxcb/trx/nx000/DepositMoney/t275100/T275100.abf'
14 七月 2026 15:57:32,015 DEBUG main  ResourcePlugin:getLocalFile - 从本地找到'/jlcb/classes/nxcb/trx/nx000/DepositMoney/t275100/T275100.abf'
14 七月 2026 15:57:32,091 DEBUG main  ResourcePlugin:getLocalFile - 开始从本地获取'/jlcb/dictionary.jar'
14 七月 2026 15:57:32,091 DEBUG main  ResourcePlugin:getLocalFile - 无法从本地找到/jlcb/dictionary.jar
14 七月 2026 15:57:32,555 DEBUG main  ResourcePlugin:getLocalFile - 开始从本地获取'/jlcb/resources/para/abs_combo_00000.ini'
14 七月 2026 15:57:32,556 DEBUG main  ResourcePlugin:getLocalFile - 从本地找到'/jlcb/resources/para/abs_combo_00000.ini'
14 七月 2026 16:01:12,350 DEBUG main  ResourcePlugin:getLocalFile - 开始从本地获取'/jlcb/classes/nxcb/trx/nx000/DepositMoney/t274010/T274010.abf'
14 七月 2026 16:01:12,350 DEBUG main  ResourcePlugin:getLocalFile - 无法从本地找到/jlcb/classes/nxcb/trx/nx000/DepositMoney/t274010/T274010.abf
14 七月 2026 16:01:14,984 DEBUG main  ResourcePlugin:downloadFile - 成功下载资源:/jlcb/classes/nxcb/trx/nx000/DepositMoney/t274010/T274010.abf
14 七月 2026 16:01:15,001 DEBUG main  ResourcePlugin:getLocalFile - 开始从本地获取'/jlcb/dictionary.jar'
14 七月 2026 16:01:15,002 DEBUG main  ResourcePlugin:getLocalFile - 无法从本地找到/jlcb/dictionary.jar
14 七月 2026 16:01:15,260 DEBUG main  ResourcePlugin:getLocalFile - 开始从本地获取'/jlcb/resources/para/abs_combo_00000.ini'
14 七月 2026 16:01:15,260 DEBUG main  ResourcePlugin:getLocalFile - 从本地找到'/jlcb/resources/para/abs_combo_00000.ini'
14 七月 2026 16:01:45,279 DEBUG Worker-7  ResourcePlugin:getLocalFile - 开始从本地获取'/jlcb/classes/nxcb/pub/confirmWindow/ConfirmWindow.abf'
14 七月 2026 16:01:45,281 DEBUG Worker-7  ResourcePlugin:getLocalFile - 从本地找到'/jlcb/classes/nxcb/pub/confirmWindow/ConfirmWindow.abf'
14 七月 2026 16:01:45,373 DEBUG Worker-7  ResourcePlugin:getLocalFile - 开始从本地获取'/jlcb/dictionary.jar'
14 七月 2026 16:01:45,373 DEBUG Worker-7  ResourcePlugin:getLocalFile - 无法从本地找到/jlcb/dictionary.jar
14 七月 2026 16:01:51,183 DEBUG Worker-8  ResourcePlugin:getLocalFile - 开始从本地获取'/jlcb/classes/nxcb/lib/axep/pinPanel/PinPanel.abf'
14 七月 2026 16:01:51,183 DEBUG Worker-8  ResourcePlugin:getLocalFile - 从本地找到'/jlcb/classes/nxcb/lib/axep/pinPanel/PinPanel.abf'
14 七月 2026 16:01:51,251 DEBUG Worker-8  ResourcePlugin:getLocalFile - 开始从本地获取'/jlcb/dictionary.jar'
14 七月 2026 16:01:51,251 DEBUG Worker-8  ResourcePlugin:getLocalFile - 无法从本地找到/jlcb/dictionary.jar
14 七月 2026 16:02:22,291 DEBUG Worker-12  ResourcePlugin:getLocalFile - 开始从本地获取'/jlcb/classes/nxcb/trx/nx000/t360102/T360102.abf'
14 七月 2026 16:02:22,293 DEBUG Worker-12  ResourcePlugin:getLocalFile - 从本地找到'/jlcb/classes/nxcb/trx/nx000/t360102/T360102.abf'
14 七月 2026 16:02:22,983 DEBUG Worker-12  ResourcePlugin:getLocalFile - 开始从本地获取'/jlcb/dictionary.jar'
14 七月 2026 16:02:22,983 DEBUG Worker-12  ResourcePlugin:getLocalFile - 无法从本地找到/jlcb/dictionary.jar
14 七月 2026 16:02:23,094 DEBUG main  ResourcePlugin:getLocalFile - 开始从本地获取'/jlcb/resources/para/abs_combo_00000.ini'
14 七月 2026 16:02:23,095 DEBUG main  ResourcePlugin:getLocalFile - 从本地找到'/jlcb/resources/para/abs_combo_00000.ini'
14 七月 2026 16:02:29,398 DEBUG Worker-6  ResourcePlugin:getLocalFile - 开始从本地获取'/jlcb/classes/nxcb/lib/auth/auth/Auth.abf'
14 七月 2026 16:02:29,398 DEBUG Worker-6  ResourcePlugin:getLocalFile - 从本地找到'/jlcb/classes/nxcb/lib/auth/auth/Auth.abf'
14 七月 2026 16:02:29,474 DEBUG Worker-6  ResourcePlugin:getLocalFile - 开始从本地获取'/jlcb/dictionary.jar'
14 七月 2026 16:02:29,474 DEBUG Worker-6  ResourcePlugin:getLocalFile - 无法从本地找到/jlcb/dictionary.jar
14 七月 2026 16:03:35,365 DEBUG main  ResourcePlugin:getLocalFile - 开始从本地获取'/jlcb/classes/nxcb/trx/nx000/DepositMoney/t274010/T274010.abf'
14 七月 2026 16:03:35,366 DEBUG main  ResourcePlugin:getLocalFile - 从本地找到'/jlcb/classes/nxcb/trx/nx000/DepositMoney/t274010/T274010.abf'
14 七月 2026 16:03:35,445 DEBUG main  ResourcePlugin:getLocalFile - 开始从本地获取'/jlcb/dictionary.jar'
14 七月 2026 16:03:35,446 DEBUG main  ResourcePlugin:getLocalFile - 无法从本地找到/jlcb/dictionary.jar
14 七月 2026 16:03:35,578 DEBUG main  ResourcePlugin:getLocalFile - 开始从本地获取'/jlcb/resources/para/abs_combo_00000.ini'
14 七月 2026 16:03:35,579 DEBUG main  ResourcePlugin:getLocalFile - 从本地找到'/jlcb/resources/para/abs_combo_00000.ini'
14 七月 2026 16:04:05,759 DEBUG main  ResourcePlugin:getLocalFile - 开始从本地获取'/jlcb/classes/nxcb/trx/nx000/DepositMoney/t275030/T275030.abf'
14 七月 2026 16:04:05,759 DEBUG main  ResourcePlugin:getLocalFile - 无法从本地找到/jlcb/classes/nxcb/trx/nx000/DepositMoney/t275030/T275030.abf
14 七月 2026 16:04:06,820 DEBUG main  ResourcePlugin:downloadFile - 成功下载资源:/jlcb/classes/nxcb/trx/nx000/DepositMoney/t275030/T275030.abf
14 七月 2026 16:04:06,831 DEBUG main  ResourcePlugin:getLocalFile - 开始从本地获取'/jlcb/dictionary.jar'
14 七月 2026 16:04:06,831 DEBUG main  ResourcePlugin:getLocalFile - 无法从本地找到/jlcb/dictionary.jar
14 七月 2026 16:04:06,979 DEBUG main  ResourcePlugin:getLocalFile - 开始从本地获取'/jlcb/resources/para/abs_combo_00000.ini'
14 七月 2026 16:04:06,979 DEBUG main  ResourcePlugin:getLocalFile - 从本地找到'/jlcb/resources/para/abs_combo_00000.ini'
14 七月 2026 16:07:26,332 DEBUG main  ResourcePlugin:getLocalFile - 开始从本地获取'/jlcb/classes/nxcb/trx/nx000/DepositMoney/t274020/T274020.abf'
14 七月 2026 16:07:26,332 DEBUG main  ResourcePlugin:getLocalFile - 无法从本地找到/jlcb/classes/nxcb/trx/nx000/DepositMoney/t274020/T274020.abf
14 七月 2026 16:07:26,908 DEBUG main  ResourcePlugin:downloadFile - 成功下载资源:/jlcb/classes/nxcb/trx/nx000/DepositMoney/t274020/T274020.abf
14 七月 2026 16:07:26,921 DEBUG main  ResourcePlugin:getLocalFile - 开始从本地获取'/jlcb/dictionary.jar'
14 七月 2026 16:07:26,921 DEBUG main  ResourcePlugin:getLocalFile - 无法从本地找到/jlcb/dictionary.jar
14 七月 2026 16:07:35,181 DEBUG Worker-6  ResourcePlugin:getLocalFile - 开始从本地获取'/jlcb/classes/nxcb/lib/auth/auth/Auth.abf'
14 七月 2026 16:07:35,182 DEBUG Worker-6  ResourcePlugin:getLocalFile - 从本地找到'/jlcb/classes/nxcb/lib/auth/auth/Auth.abf'
14 七月 2026 16:07:35,248 DEBUG Worker-6  ResourcePlugin:getLocalFile - 开始从本地获取'/jlcb/dictionary.jar'
14 七月 2026 16:07:35,249 DEBUG Worker-6  ResourcePlugin:getLocalFile - 无法从本地找到/jlcb/dictionary.jar
14 七月 2026 16:08:58,188 DEBUG main  ResourcePlugin:getLocalFile - 开始从本地获取'/jlcb/classes/nxcb/trx/nx000/DepositMoney/t274020/T274020.abf'
14 七月 2026 16:08:58,189 DEBUG main  ResourcePlugin:getLocalFile - 从本地找到'/jlcb/classes/nxcb/trx/nx000/DepositMoney/t274020/T274020.abf'
14 七月 2026 16:08:58,267 DEBUG main  ResourcePlugin:getLocalFile - 开始从本地获取'/jlcb/dictionary.jar'
14 七月 2026 16:08:58,267 DEBUG main  ResourcePlugin:getLocalFile - 无法从本地找到/jlcb/dictionary.jar
14 七月 2026 16:09:03,115 DEBUG main  ResourcePlugin:getLocalFile - 开始从本地获取'/jlcb/classes/nxcb/trx/nx000/DepositMoney/t274210/T274210.abf'
14 七月 2026 16:09:03,116 DEBUG main  ResourcePlugin:getLocalFile - 无法从本地找到/jlcb/classes/nxcb/trx/nx000/DepositMoney/t274210/T274210.abf
14 七月 2026 16:09:04,190 DEBUG main  ResourcePlugin:downloadFile - 成功下载资源:/jlcb/classes/nxcb/trx/nx000/DepositMoney/t274210/T274210.abf
14 七月 2026 16:09:04,204 DEBUG main  ResourcePlugin:getLocalFile - 开始从本地获取'/jlcb/dictionary.jar'
14 七月 2026 16:09:04,205 DEBUG main  ResourcePlugin:getLocalFile - 无法从本地找到/jlcb/dictionary.jar
14 七月 2026 16:09:04,378 DEBUG main  ResourcePlugin:getLocalFile - 开始从本地获取'/jlcb/resources/para/abs_combo_00000.ini'
14 七月 2026 16:09:04,378 DEBUG main  ResourcePlugin:getLocalFile - 从本地找到'/jlcb/resources/para/abs_combo_00000.ini'
14 七月 2026 16:10:13,570 DEBUG Worker-6  ResourcePlugin:getLocalFile - 开始从本地获取'/jlcb/classes/nxcb/lib/auth/auth/Auth.abf'
14 七月 2026 16:10:13,571 DEBUG Worker-6  ResourcePlugin:getLocalFile - 从本地找到'/jlcb/classes/nxcb/lib/auth/auth/Auth.abf'
14 七月 2026 16:10:13,746 DEBUG Worker-6  ResourcePlugin:getLocalFile - 开始从本地获取'/jlcb/dictionary.jar'
14 七月 2026 16:10:13,746 DEBUG Worker-6  ResourcePlugin:getLocalFile - 无法从本地找到/jlcb/dictionary.jar
14 七月 2026 16:10:46,079 DEBUG main  ResourcePlugin:getLocalFile - 开始从本地获取'/jlcb/classes/nxcb/trx/nx000/t574020/T574020.abf'
14 七月 2026 16:10:46,079 DEBUG main  ResourcePlugin:getLocalFile - 从本地找到'/jlcb/classes/nxcb/trx/nx000/t574020/T574020.abf'
14 七月 2026 16:10:46,533 DEBUG main  ResourcePlugin:getLocalFile - 开始从本地获取'/jlcb/dictionary.jar'
14 七月 2026 16:10:46,535 DEBUG main  ResourcePlugin:getLocalFile - 无法从本地找到/jlcb/dictionary.jar
14 七月 2026 16:10:46,619 DEBUG main  ResourcePlugin:getLocalFile - 开始从本地获取'/jlcb/resources/para/abs_combo_00000.ini'
14 七月 2026 16:10:46,619 DEBUG main  ResourcePlugin:getLocalFile - 从本地找到'/jlcb/resources/para/abs_combo_00000.ini'
14 七月 2026 16:11:03,199 DEBUG Worker-12  ResourcePlugin:getLocalFile - 开始从本地获取'/jlcb/classes/nxcb/lib/auth/auth/Auth.abf'
14 七月 2026 16:11:03,200 DEBUG Worker-12  ResourcePlugin:getLocalFile - 从本地找到'/jlcb/classes/nxcb/lib/auth/auth/Auth.abf'
14 七月 2026 16:11:03,287 DEBUG Worker-12  ResourcePlugin:getLocalFile - 开始从本地获取'/jlcb/dictionary.jar'
14 七月 2026 16:11:03,287 DEBUG Worker-12  ResourcePlugin:getLocalFile - 无法从本地找到/jlcb/dictionary.jar
14 七月 2026 16:12:00,090 DEBUG main  ResourcePlugin:getLocalFile - 开始从本地获取'/jlcb/classes/nxcb/trx/nx000/DepositMoney/t274210/T274210.abf'
14 七月 2026 16:12:00,091 DEBUG main  ResourcePlugin:getLocalFile - 从本地找到'/jlcb/classes/nxcb/trx/nx000/DepositMoney/t274210/T274210.abf'
14 七月 2026 16:12:00,566 DEBUG main  ResourcePlugin:getLocalFile - 开始从本地获取'/jlcb/dictionary.jar'
14 七月 2026 16:12:00,566 DEBUG main  ResourcePlugin:getLocalFile - 无法从本地找到/jlcb/dictionary.jar
14 七月 2026 16:12:00,736 DEBUG main  ResourcePlugin:getLocalFile - 开始从本地获取'/jlcb/resources/para/abs_combo_00000.ini'
14 七月 2026 16:12:00,736 DEBUG main  ResourcePlugin:getLocalFile - 从本地找到'/jlcb/resources/para/abs_combo_00000.ini'
14 七月 2026 16:12:53,636 DEBUG Worker-0  ResourcePlugin:getLocalFile - 开始从本地获取'/jlcb/classes/nxcb/lib/auth/auth/Auth.abf'
14 七月 2026 16:12:53,637 DEBUG Worker-0  ResourcePlugin:getLocalFile - 从本地找到'/jlcb/classes/nxcb/lib/auth/auth/Auth.abf'
14 七月 2026 16:12:54,005 DEBUG Worker-0  ResourcePlugin:getLocalFile - 开始从本地获取'/jlcb/dictionary.jar'
14 七月 2026 16:12:54,005 DEBUG Worker-0  ResourcePlugin:getLocalFile - 无法从本地找到/jlcb/dictionary.jar
14 七月 2026 16:14:18,914 DEBUG Worker-0  ResourcePlugin:getLocalFile - 开始从本地获取'/jlcb/classes/nxcb/lib/auth/auth/Auth.abf'
14 七月 2026 16:14:18,915 DEBUG Worker-0  ResourcePlugin:getLocalFile - 从本地找到'/jlcb/classes/nxcb/lib/auth/auth/Auth.abf'
14 七月 2026 16:14:18,991 DEBUG Worker-0  ResourcePlugin:getLocalFile - 开始从本地获取'/jlcb/dictionary.jar'
14 七月 2026 16:14:18,991 DEBUG Worker-0  ResourcePlugin:getLocalFile - 无法从本地找到/jlcb/dictionary.jar
14 七月 2026 16:15:39,831 DEBUG main  ResourcePlugin:getLocalFile - 开始从本地获取'/jlcb/classes/nxcb/trx/nx000/DepositMoney/t270800/T270800.abf'
14 七月 2026 16:15:39,833 DEBUG main  ResourcePlugin:getLocalFile - 无法从本地找到/jlcb/classes/nxcb/trx/nx000/DepositMoney/t270800/T270800.abf
14 七月 2026 16:15:42,581 DEBUG main  ResourcePlugin:downloadFile - 成功下载资源:/jlcb/classes/nxcb/trx/nx000/DepositMoney/t270800/T270800.abf
14 七月 2026 16:15:42,597 DEBUG main  ResourcePlugin:getLocalFile - 开始从本地获取'/jlcb/dictionary.jar'
14 七月 2026 16:15:42,597 DEBUG main  ResourcePlugin:getLocalFile - 无法从本地找到/jlcb/dictionary.jar
14 七月 2026 16:15:42,773 DEBUG main  ResourcePlugin:getLocalFile - 开始从本地获取'/jlcb/resources/para/abs_combo_00000.ini'
14 七月 2026 16:15:42,773 DEBUG main  ResourcePlugin:getLocalFile - 从本地找到'/jlcb/resources/para/abs_combo_00000.ini'
14 七月 2026 16:15:44,868 DEBUG Worker-6  ResourcePlugin:getLocalFile - 开始从本地获取'/jlcb/classes/nxcb/pub/confirmWindow/ConfirmWindow.abf'
14 七月 2026 16:15:44,869 DEBUG Worker-6  ResourcePlugin:getLocalFile - 从本地找到'/jlcb/classes/nxcb/pub/confirmWindow/ConfirmWindow.abf'
14 七月 2026 16:15:45,069 DEBUG Worker-6  ResourcePlugin:getLocalFile - 开始从本地获取'/jlcb/dictionary.jar'
14 七月 2026 16:15:45,069 DEBUG Worker-6  ResourcePlugin:getLocalFile - 无法从本地找到/jlcb/dictionary.jar
14 七月 2026 16:15:54,570 DEBUG Worker-7  ResourcePlugin:getLocalFile - 开始从本地获取'/jlcb/classes/nxcb/lib/axep/pinPanel/PinPanel.abf'
14 七月 2026 16:15:54,570 DEBUG Worker-7  ResourcePlugin:getLocalFile - 从本地找到'/jlcb/classes/nxcb/lib/axep/pinPanel/PinPanel.abf'
14 七月 2026 16:15:54,936 DEBUG Worker-7  ResourcePlugin:getLocalFile - 开始从本地获取'/jlcb/dictionary.jar'
14 七月 2026 16:15:54,936 DEBUG Worker-7  ResourcePlugin:getLocalFile - 无法从本地找到/jlcb/dictionary.jar
14 七月 2026 16:16:17,920 DEBUG Worker-8  ResourcePlugin:getLocalFile - 开始从本地获取'/jlcb/classes/nxcb/pub/confirmWindow/ConfirmWindow.abf'
14 七月 2026 16:16:17,921 DEBUG Worker-8  ResourcePlugin:getLocalFile - 从本地找到'/jlcb/classes/nxcb/pub/confirmWindow/ConfirmWindow.abf'
14 七月 2026 16:16:17,992 DEBUG Worker-8  ResourcePlugin:getLocalFile - 开始从本地获取'/jlcb/dictionary.jar'
14 七月 2026 16:16:17,992 DEBUG Worker-8  ResourcePlugin:getLocalFile - 无法从本地找到/jlcb/dictionary.jar
14 七月 2026 16:17:53,101 DEBUG main  ResourcePlugin:getLocalFile - 开始从本地获取'/jlcb/classes/nxcb/trx/nx000/DepositMoney/t270500/T270501.abf'
14 七月 2026 16:17:53,101 DEBUG main  ResourcePlugin:getLocalFile - 无法从本地找到/jlcb/classes/nxcb/trx/nx000/DepositMoney/t270500/T270501.abf
14 七月 2026 16:17:56,108 DEBUG main  ResourcePlugin:downloadFile - 成功下载资源:/jlcb/classes/nxcb/trx/nx000/DepositMoney/t270500/T270501.abf
14 七月 2026 16:17:56,123 DEBUG main  ResourcePlugin:getLocalFile - 开始从本地获取'/jlcb/dictionary.jar'
14 七月 2026 16:17:56,123 DEBUG main  ResourcePlugin:getLocalFile - 无法从本地找到/jlcb/dictionary.jar
14 七月 2026 16:17:56,680 DEBUG main  ResourcePlugin:getLocalFile - 开始从本地获取'/jlcb/resources/para/abs_combo_00000.ini'
14 七月 2026 16:17:56,680 DEBUG main  ResourcePlugin:getLocalFile - 从本地找到'/jlcb/resources/para/abs_combo_00000.ini'
14 七月 2026 16:17:57,970 DEBUG Worker-12  ResourcePlugin:getLocalFile - 开始从本地获取'/jlcb/classes/nxcb/pub/confirmWindow/ConfirmWindow.abf'
14 七月 2026 16:17:57,971 DEBUG Worker-12  ResourcePlugin:getLocalFile - 从本地找到'/jlcb/classes/nxcb/pub/confirmWindow/ConfirmWindow.abf'
14 七月 2026 16:17:58,053 DEBUG Worker-12  ResourcePlugin:getLocalFile - 开始从本地获取'/jlcb/dictionary.jar'
14 七月 2026 16:17:58,053 DEBUG Worker-12  ResourcePlugin:getLocalFile - 无法从本地找到/jlcb/dictionary.jar
14 七月 2026 16:18:07,741 DEBUG Worker-6  ResourcePlugin:getLocalFile - 开始从本地获取'/jlcb/classes/nxcb/lib/axep/pinPanel/PinPanel.abf'
14 七月 2026 16:18:07,741 DEBUG Worker-6  ResourcePlugin:getLocalFile - 从本地找到'/jlcb/classes/nxcb/lib/axep/pinPanel/PinPanel.abf'
14 七月 2026 16:18:07,847 DEBUG Worker-6  ResourcePlugin:getLocalFile - 开始从本地获取'/jlcb/dictionary.jar'
14 七月 2026 16:18:07,847 DEBUG Worker-6  ResourcePlugin:getLocalFile - 无法从本地找到/jlcb/dictionary.jar
14 七月 2026 16:18:48,089 DEBUG Worker-12  ResourcePlugin:getLocalFile - 开始从本地获取'/jlcb/classes/nxcb/trx/nx000/t639092/T639092.abf'
14 七月 2026 16:18:48,090 DEBUG Worker-12  ResourcePlugin:getLocalFile - 从本地找到'/jlcb/classes/nxcb/trx/nx000/t639092/T639092.abf'
14 七月 2026 16:18:48,172 DEBUG Worker-12  ResourcePlugin:getLocalFile - 开始从本地获取'/jlcb/dictionary.jar'
14 七月 2026 16:18:48,172 DEBUG Worker-12  ResourcePlugin:getLocalFile - 无法从本地找到/jlcb/dictionary.jar
14 七月 2026 16:18:48,317 DEBUG main  ResourcePlugin:getLocalFile - 开始从本地获取'/jlcb/resources/para/abs_combo_00000.ini'
14 七月 2026 16:18:48,318 DEBUG main  ResourcePlugin:getLocalFile - 从本地找到'/jlcb/resources/para/abs_combo_00000.ini'
14 七月 2026 16:20:22,934 DEBUG main  ResourcePlugin:getLocalFile - 开始从本地获取'/jlcb/classes/nxcb/trx/nx000/DepositMoney/t275270/T275270.abf'
14 七月 2026 16:20:22,934 DEBUG main  ResourcePlugin:getLocalFile - 从本地找到'/jlcb/classes/nxcb/trx/nx000/DepositMoney/t275270/T275270.abf'
14 七月 2026 16:20:23,013 DEBUG main  ResourcePlugin:getLocalFile - 开始从本地获取'/jlcb/dictionary.jar'
14 七月 2026 16:20:23,014 DEBUG main  ResourcePlugin:getLocalFile - 无法从本地找到/jlcb/dictionary.jar
14 七月 2026 16:20:23,106 DEBUG main  ResourcePlugin:getLocalFile - 开始从本地获取'/jlcb/resources/para/abs_combo_00000.ini'
14 七月 2026 16:20:23,106 DEBUG main  ResourcePlugin:getLocalFile - 从本地找到'/jlcb/resources/para/abs_combo_00000.ini'
14 七月 2026 16:20:23,526 DEBUG Worker-7  ResourcePlugin:getLocalFile - 开始从本地获取'/jlcb/classes/nxcb/pub/confirmWindow/ConfirmWindow.abf'
14 七月 2026 16:20:23,527 DEBUG Worker-7  ResourcePlugin:getLocalFile - 从本地找到'/jlcb/classes/nxcb/pub/confirmWindow/ConfirmWindow.abf'
14 七月 2026 16:20:23,604 DEBUG Worker-7  ResourcePlugin:getLocalFile - 开始从本地获取'/jlcb/dictionary.jar'
14 七月 2026 16:20:23,604 DEBUG Worker-7  ResourcePlugin:getLocalFile - 无法从本地找到/jlcb/dictionary.jar
14 七月 2026 16:20:23,907 DEBUG main  ResourcePlugin:getLocalFile - 开始从本地获取'/jlcb/classes/nxcb/trx/nx000/DepositMoney/t270500/T270501.abf'
14 七月 2026 16:20:23,907 DEBUG main  ResourcePlugin:getLocalFile - 从本地找到'/jlcb/classes/nxcb/trx/nx000/DepositMoney/t270500/T270501.abf'
14 七月 2026 16:20:24,009 DEBUG main  ResourcePlugin:getLocalFile - 开始从本地获取'/jlcb/dictionary.jar'
14 七月 2026 16:20:24,009 DEBUG main  ResourcePlugin:getLocalFile - 无法从本地找到/jlcb/dictionary.jar
14 七月 2026 16:20:24,121 DEBUG main  ResourcePlugin:getLocalFile - 开始从本地获取'/jlcb/resources/para/abs_combo_00000.ini'
14 七月 2026 16:20:24,122 DEBUG main  ResourcePlugin:getLocalFile - 从本地找到'/jlcb/resources/para/abs_combo_00000.ini'
14 七月 2026 16:20:25,236 DEBUG Worker-12  ResourcePlugin:getLocalFile - 开始从本地获取'/jlcb/classes/nxcb/pub/confirmWindow/ConfirmWindow.abf'
14 七月 2026 16:20:25,237 DEBUG Worker-12  ResourcePlugin:getLocalFile - 从本地找到'/jlcb/classes/nxcb/pub/confirmWindow/ConfirmWindow.abf'
14 七月 2026 16:20:25,315 DEBUG Worker-12  ResourcePlugin:getLocalFile - 开始从本地获取'/jlcb/dictionary.jar'
14 七月 2026 16:20:25,315 DEBUG Worker-12  ResourcePlugin:getLocalFile - 无法从本地找到/jlcb/dictionary.jar
14 七月 2026 16:20:32,198 DEBUG main  ResourcePlugin:getLocalFile - 开始从本地获取'/jlcb/classes/nxcb/trx/nx000/DepositMoney/t275270/T275270.abf'
14 七月 2026 16:20:32,199 DEBUG main  ResourcePlugin:getLocalFile - 从本地找到'/jlcb/classes/nxcb/trx/nx000/DepositMoney/t275270/T275270.abf'
14 七月 2026 16:20:32,274 DEBUG main  ResourcePlugin:getLocalFile - 开始从本地获取'/jlcb/dictionary.jar'
14 七月 2026 16:20:32,274 DEBUG main  ResourcePlugin:getLocalFile - 无法从本地找到/jlcb/dictionary.jar
14 七月 2026 16:20:32,362 DEBUG main  ResourcePlugin:getLocalFile - 开始从本地获取'/jlcb/resources/para/abs_combo_00000.ini'
14 七月 2026 16:20:32,363 DEBUG main  ResourcePlugin:getLocalFile - 从本地找到'/jlcb/resources/para/abs_combo_00000.ini'
14 七月 2026 16:20:32,912 DEBUG Worker-0  ResourcePlugin:getLocalFile - 开始从本地获取'/jlcb/classes/nxcb/pub/confirmWindow/ConfirmWindow.abf'
14 七月 2026 16:20:32,912 DEBUG Worker-0  ResourcePlugin:getLocalFile - 从本地找到'/jlcb/classes/nxcb/pub/confirmWindow/ConfirmWindow.abf'
14 七月 2026 16:20:32,979 DEBUG Worker-0  ResourcePlugin:getLocalFile - 开始从本地获取'/jlcb/dictionary.jar'
14 七月 2026 16:20:32,979 DEBUG Worker-0  ResourcePlugin:getLocalFile - 无法从本地找到/jlcb/dictionary.jar
14 七月 2026 16:20:42,949 DEBUG Worker-8  ResourcePlugin:getLocalFile - 开始从本地获取'/jlcb/classes/nxcb/lib/auth/auth/Auth.abf'
14 七月 2026 16:20:42,951 DEBUG Worker-8  ResourcePlugin:getLocalFile - 从本地找到'/jlcb/classes/nxcb/lib/auth/auth/Auth.abf'
14 七月 2026 16:20:43,317 DEBUG Worker-8  ResourcePlugin:getLocalFile - 开始从本地获取'/jlcb/dictionary.jar'
14 七月 2026 16:20:43,317 DEBUG Worker-8  ResourcePlugin:getLocalFile - 无法从本地找到/jlcb/dictionary.jar
14 七月 2026 16:21:46,681 DEBUG main  ResourcePlugin:getLocalFile - 开始从本地获取'/jlcb/classes/nxcb/trx/nx000/DepositMoney/t275080/T275080.abf'
14 七月 2026 16:21:46,683 DEBUG main  ResourcePlugin:getLocalFile - 无法从本地找到/jlcb/classes/nxcb/trx/nx000/DepositMoney/t275080/T275080.abf
14 七月 2026 16:21:47,780 DEBUG main  ResourcePlugin:downloadFile - 成功下载资源:/jlcb/classes/nxcb/trx/nx000/DepositMoney/t275080/T275080.abf
14 七月 2026 16:21:47,793 DEBUG main  ResourcePlugin:getLocalFile - 开始从本地获取'/jlcb/dictionary.jar'
14 七月 2026 16:21:47,793 DEBUG main  ResourcePlugin:getLocalFile - 无法从本地找到/jlcb/dictionary.jar
14 七月 2026 16:21:48,237 DEBUG main  ResourcePlugin:getLocalFile - 开始从本地获取'/jlcb/resources/para/abs_combo_00000.ini'
14 七月 2026 16:21:48,237 DEBUG main  ResourcePlugin:getLocalFile - 从本地找到'/jlcb/resources/para/abs_combo_00000.ini'
14 七月 2026 16:25:27,875 DEBUG main  ResourcePlugin:getLocalFile - 开始从本地获取'/jlcb/classes/nxcb/pub/login/Tellerlogin.abf'
14 七月 2026 16:25:27,876 DEBUG main  ResourcePlugin:getLocalFile - 从本地找到'/jlcb/classes/nxcb/pub/login/Tellerlogin.abf'
14 七月 2026 16:25:27,952 DEBUG main  ResourcePlugin:getLocalFile - 开始从本地获取'/jlcb/dictionary.jar'
14 七月 2026 16:25:27,952 DEBUG main  ResourcePlugin:getLocalFile - 无法从本地找到/jlcb/dictionary.jar
14 七月 2026 16:25:36,933 DEBUG Worker-4  ResourcePlugin:getLocalFile - 开始从本地获取'/jlcb/classes/nxcb/pub/login/Tellerlogin.abf'
14 七月 2026 16:25:36,934 DEBUG Worker-4  ResourcePlugin:getLocalFile - 从本地找到'/jlcb/classes/nxcb/pub/login/Tellerlogin.abf'
14 七月 2026 16:25:37,026 DEBUG Worker-4  ResourcePlugin:getLocalFile - 开始从本地获取'/jlcb/dictionary.jar'
14 七月 2026 16:25:37,026 DEBUG Worker-4  ResourcePlugin:getLocalFile - 无法从本地找到/jlcb/dictionary.jar
14 七月 2026 16:26:27,861 DEBUG Worker-5  ResourcePlugin:getLocalFile - 开始从本地获取'/jlcb/classes/nxcb/pub/login/Tellerlogin.abf'
14 七月 2026 16:26:27,861  WARN Worker-5  ResourcePlugin:getLocalFile - 工程'jlcb'不存在, 程序将自动创建
14 七月 2026 16:26:27,919 DEBUG Worker-5  ResourcePlugin:getLocalFile - 从本地找到'/jlcb/classes/nxcb/pub/login/Tellerlogin.abf'
14 七月 2026 16:26:28,012 DEBUG Worker-5  ResourcePlugin:getLocalFile - 开始从本地获取'/jlcb/.classpath'
14 七月 2026 16:26:28,013 DEBUG Worker-5  ResourcePlugin:getLocalFile - 从本地找到'/jlcb/.classpath'
14 七月 2026 16:26:28,099 DEBUG Worker-5  ResourcePlugin:getLocalFile - 开始从本地获取'/jlcb/dictionary.jar'
14 七月 2026 16:26:28,099 DEBUG Worker-5  ResourcePlugin:getLocalFile - 无法从本地找到/jlcb/dictionary.jar
14 七月 2026 16:26:52,210 DEBUG main  ResourcePlugin:getLocalFile - 开始从本地获取'/jlcb/classes/nxcb/pub/frame/Frame.abf'
14 七月 2026 16:26:52,210 DEBUG main  ResourcePlugin:getLocalFile - 从本地找到'/jlcb/classes/nxcb/pub/frame/Frame.abf'
14 七月 2026 16:26:52,292 DEBUG main  ResourcePlugin:getLocalFile - 开始从本地获取'/jlcb/dictionary.jar'
14 七月 2026 16:26:52,292 DEBUG main  ResourcePlugin:getLocalFile - 无法从本地找到/jlcb/dictionary.jar
14 七月 2026 16:26:52,614 DEBUG main  ResourcePlugin:getLocalFile - 开始从本地获取'/jlcb/resources/image/search.png'
14 七月 2026 16:26:52,614 DEBUG main  ResourcePlugin:getLocalFile - 从本地找到'/jlcb/resources/image/search.png'
14 七月 2026 16:26:52,781 DEBUG main  ResourcePlugin:getLocalFile - 开始从本地获取'/jlcb/resources/image/service.png'
14 七月 2026 16:26:52,781 DEBUG main  ResourcePlugin:getLocalFile - 从本地找到'/jlcb/resources/image/service.png'
14 七月 2026 16:26:53,405 DEBUG main  ResourcePlugin:getLocalFile - 开始从本地获取'/jlcb/resources/image/网上银行.png'
14 七月 2026 16:26:53,405 DEBUG main  ResourcePlugin:getLocalFile - 从本地找到'/jlcb/resources/image/网上银行.png'
14 七月 2026 16:26:53,717 DEBUG main  ResourcePlugin:getLocalFile - 开始从本地获取'/jlcb/resources/image/中间业务.png'
14 七月 2026 16:26:53,718 DEBUG main  ResourcePlugin:getLocalFile - 从本地找到'/jlcb/resources/image/中间业务.png'
14 七月 2026 16:26:53,874 DEBUG main  ResourcePlugin:getLocalFile - 开始从本地获取'/jlcb/resources/image/短信平台.png'
14 七月 2026 16:26:53,875 DEBUG main  ResourcePlugin:getLocalFile - 从本地找到'/jlcb/resources/image/短信平台.png'
14 七月 2026 16:26:54,033 DEBUG main  ResourcePlugin:getLocalFile - 开始从本地获取'/jlcb/resources/image/统一报表平台.png'
14 七月 2026 16:26:54,033 DEBUG main  ResourcePlugin:getLocalFile - 从本地找到'/jlcb/resources/image/统一报表平台.png'
14 七月 2026 16:26:54,190 DEBUG main  ResourcePlugin:getLocalFile - 开始从本地获取'/jlcb/resources/image/反洗钱系统.png'
14 七月 2026 16:26:54,191 DEBUG main  ResourcePlugin:getLocalFile - 从本地找到'/jlcb/resources/image/反洗钱系统.png'
14 七月 2026 16:26:54,347 DEBUG main  ResourcePlugin:getLocalFile - 开始从本地获取'/jlcb/resources/image/信贷系统.png'
14 七月 2026 16:26:54,347 DEBUG main  ResourcePlugin:getLocalFile - 从本地找到'/jlcb/resources/image/信贷系统.png'
14 七月 2026 16:26:54,504 DEBUG main  ResourcePlugin:getLocalFile - 开始从本地获取'/jlcb/resources/image/差错平台.png'
14 七月 2026 16:26:54,505 DEBUG main  ResourcePlugin:getLocalFile - 从本地找到'/jlcb/resources/image/差错平台.png'
14 七月 2026 16:26:54,654 DEBUG main  ResourcePlugin:getLocalFile - 开始从本地获取'/jlcb/resources/image/综合业务系统.png'
14 七月 2026 16:26:54,654 DEBUG main  ResourcePlugin:getLocalFile - 从本地找到'/jlcb/resources/image/综合业务系统.png'
14 七月 2026 16:26:54,811 DEBUG main  ResourcePlugin:getLocalFile - 开始从本地获取'/jlcb/resources/image/理财平台.png'
14 七月 2026 16:26:54,813 DEBUG main  ResourcePlugin:getLocalFile - 从本地找到'/jlcb/resources/image/理财平台.png'
14 七月 2026 16:26:54,972 DEBUG main  ResourcePlugin:getLocalFile - 开始从本地获取'/jlcb/resources/image/事后监督.png'
14 七月 2026 16:26:54,972 DEBUG main  ResourcePlugin:getLocalFile - 从本地找到'/jlcb/resources/image/事后监督.png'
14 七月 2026 16:26:55,124 DEBUG main  ResourcePlugin:getLocalFile - 开始从本地获取'/jlcb/resources/image/财务管理.png'
14 七月 2026 16:26:55,124 DEBUG main  ResourcePlugin:getLocalFile - 从本地找到'/jlcb/resources/image/财务管理.png'
14 七月 2026 16:26:55,266 DEBUG main  ResourcePlugin:getLocalFile - 开始从本地获取'/jlcb/resources/image/积分管理.png'
14 七月 2026 16:26:55,266 DEBUG main  ResourcePlugin:getLocalFile - 从本地找到'/jlcb/resources/image/积分管理.png'
14 七月 2026 16:26:55,414 DEBUG main  ResourcePlugin:getLocalFile - 开始从本地获取'/jlcb/resources/image/现金管理.png'
14 七月 2026 16:26:55,414 DEBUG main  ResourcePlugin:getLocalFile - 从本地找到'/jlcb/resources/image/现金管理.png'
14 七月 2026 16:26:55,564 DEBUG main  ResourcePlugin:getLocalFile - 开始从本地获取'/jlcb/resources/image/大额存单系统.png'
14 七月 2026 16:26:55,564 DEBUG main  ResourcePlugin:getLocalFile - 从本地找到'/jlcb/resources/image/大额存单系统.png'
14 七月 2026 16:26:55,705 DEBUG main  ResourcePlugin:getLocalFile - 开始从本地获取'/jlcb/resources/image/电子验印.png'
14 七月 2026 16:26:55,705 DEBUG main  ResourcePlugin:getLocalFile - 从本地找到'/jlcb/resources/image/电子验印.png'
14 七月 2026 16:26:55,860 DEBUG main  ResourcePlugin:getLocalFile - 开始从本地获取'/jlcb/resources/image/国结系统.png'
14 七月 2026 16:26:55,860 DEBUG main  ResourcePlugin:getLocalFile - 从本地找到'/jlcb/resources/image/国结系统.png'
14 七月 2026 16:26:58,637 DEBUG main  ResourcePlugin:getLocalFile - 开始从本地获取'/jlcb/resources/image/noMsg.png'
14 七月 2026 16:26:58,637 DEBUG main  ResourcePlugin:getLocalFile - 从本地找到'/jlcb/resources/image/noMsg.png'
14 七月 2026 16:28:35,685 DEBUG main  ResourcePlugin:getLocalFile - 开始从本地获取'/jlcb/classes/nxcb/trx/nx000/t180101/T180101.abf'
14 七月 2026 16:28:35,685 DEBUG main  ResourcePlugin:getLocalFile - 从本地找到'/jlcb/classes/nxcb/trx/nx000/t180101/T180101.abf'
14 七月 2026 16:28:35,764 DEBUG main  ResourcePlugin:getLocalFile - 开始从本地获取'/jlcb/dictionary.jar'
14 七月 2026 16:28:35,764 DEBUG main  ResourcePlugin:getLocalFile - 无法从本地找到/jlcb/dictionary.jar
14 七月 2026 16:28:35,979 DEBUG main  ResourcePlugin:getLocalFile - 开始从本地获取'/jlcb/resources/para/abs_combo_00000.ini'
14 七月 2026 16:28:35,979 DEBUG main  ResourcePlugin:getLocalFile - 从本地找到'/jlcb/resources/para/abs_combo_00000.ini'
14 七月 2026 16:28:36,154 DEBUG main  ResourcePlugin:getLocalFile - 开始从本地获取'/jlcb/resources/para/abs_sys_combo.ini'
14 七月 2026 16:28:36,154 DEBUG main  ResourcePlugin:getLocalFile - 从本地找到'/jlcb/resources/para/abs_sys_combo.ini'
14 七月 2026 23:25:52,616 DEBUG Worker-1  ResourcePlugin:getLocalFile - 开始从本地获取'/jlcb/classes/nxcb/pub/login/Tellerlogin.abf'
14 七月 2026 23:25:52,616  WARN Worker-1  ResourcePlugin:getLocalFile - 工程'jlcb'不存在, 程序将自动创建
14 七月 2026 23:25:52,694 DEBUG Worker-1  ResourcePlugin:getLocalFile - 从本地找到'/jlcb/classes/nxcb/pub/login/Tellerlogin.abf'
14 七月 2026 23:25:52,782 DEBUG Worker-1  ResourcePlugin:getLocalFile - 开始从本地获取'/jlcb/.classpath'
14 七月 2026 23:25:52,782 DEBUG Worker-1  ResourcePlugin:getLocalFile - 从本地找到'/jlcb/.classpath'
14 七月 2026 23:25:52,865 DEBUG Worker-1  ResourcePlugin:getLocalFile - 开始从本地获取'/jlcb/dictionary.jar'
14 七月 2026 23:25:52,865 DEBUG Worker-1  ResourcePlugin:getLocalFile - 无法从本地找到/jlcb/dictionary.jar
14 七月 2026 23:26:18,252 DEBUG main  ResourcePlugin:getLocalFile - 开始从本地获取'/jlcb/classes/nxcb/pub/frame/Frame.abf'
14 七月 2026 23:26:18,253 DEBUG main  ResourcePlugin:getLocalFile - 从本地找到'/jlcb/classes/nxcb/pub/frame/Frame.abf'
14 七月 2026 23:26:18,335 DEBUG main  ResourcePlugin:getLocalFile - 开始从本地获取'/jlcb/dictionary.jar'
14 七月 2026 23:26:18,335 DEBUG main  ResourcePlugin:getLocalFile - 无法从本地找到/jlcb/dictionary.jar
14 七月 2026 23:26:19,365 DEBUG main  ResourcePlugin:getLocalFile - 开始从本地获取'/jlcb/resources/image/search.png'
14 七月 2026 23:26:19,368 DEBUG main  ResourcePlugin:getLocalFile - 从本地找到'/jlcb/resources/image/search.png'
14 七月 2026 23:26:19,525 DEBUG main  ResourcePlugin:getLocalFile - 开始从本地获取'/jlcb/resources/image/service.png'
14 七月 2026 23:26:19,525 DEBUG main  ResourcePlugin:getLocalFile - 从本地找到'/jlcb/resources/image/service.png'
14 七月 2026 23:26:19,761 DEBUG main  ResourcePlugin:getLocalFile - 开始从本地获取'/jlcb/resources/image/网上银行.png'
14 七月 2026 23:26:19,761 DEBUG main  ResourcePlugin:getLocalFile - 从本地找到'/jlcb/resources/image/网上银行.png'
14 七月 2026 23:26:20,207 DEBUG main  ResourcePlugin:getLocalFile - 开始从本地获取'/jlcb/resources/image/中间业务.png'
14 七月 2026 23:26:20,209 DEBUG main  ResourcePlugin:getLocalFile - 从本地找到'/jlcb/resources/image/中间业务.png'
14 七月 2026 23:26:20,703 DEBUG main  ResourcePlugin:getLocalFile - 开始从本地获取'/jlcb/resources/image/短信平台.png'
14 七月 2026 23:26:20,703 DEBUG main  ResourcePlugin:getLocalFile - 从本地找到'/jlcb/resources/image/短信平台.png'
14 七月 2026 23:26:20,944 DEBUG main  ResourcePlugin:getLocalFile - 开始从本地获取'/jlcb/resources/image/统一报表平台.png'
14 七月 2026 23:26:20,944 DEBUG main  ResourcePlugin:getLocalFile - 从本地找到'/jlcb/resources/image/统一报表平台.png'
14 七月 2026 23:26:21,095 DEBUG main  ResourcePlugin:getLocalFile - 开始从本地获取'/jlcb/resources/image/反洗钱系统.png'
14 七月 2026 23:26:21,095 DEBUG main  ResourcePlugin:getLocalFile - 从本地找到'/jlcb/resources/image/反洗钱系统.png'
14 七月 2026 23:26:21,249 DEBUG main  ResourcePlugin:getLocalFile - 开始从本地获取'/jlcb/resources/image/信贷系统.png'
14 七月 2026 23:26:21,249 DEBUG main  ResourcePlugin:getLocalFile - 从本地找到'/jlcb/resources/image/信贷系统.png'
14 七月 2026 23:26:21,398 DEBUG main  ResourcePlugin:getLocalFile - 开始从本地获取'/jlcb/resources/image/差错平台.png'
14 七月 2026 23:26:21,398 DEBUG main  ResourcePlugin:getLocalFile - 从本地找到'/jlcb/resources/image/差错平台.png'
14 七月 2026 23:26:21,991 DEBUG main  ResourcePlugin:getLocalFile - 开始从本地获取'/jlcb/resources/image/综合业务系统.png'
14 七月 2026 23:26:21,991 DEBUG main  ResourcePlugin:getLocalFile - 从本地找到'/jlcb/resources/image/综合业务系统.png'
14 七月 2026 23:26:22,144 DEBUG main  ResourcePlugin:getLocalFile - 开始从本地获取'/jlcb/resources/image/理财平台.png'
14 七月 2026 23:26:22,144 DEBUG main  ResourcePlugin:getLocalFile - 从本地找到'/jlcb/resources/image/理财平台.png'
14 七月 2026 23:26:23,112 DEBUG main  ResourcePlugin:getLocalFile - 开始从本地获取'/jlcb/resources/image/事后监督.png'
14 七月 2026 23:26:23,112 DEBUG main  ResourcePlugin:getLocalFile - 从本地找到'/jlcb/resources/image/事后监督.png'
14 七月 2026 23:26:23,602 DEBUG main  ResourcePlugin:getLocalFile - 开始从本地获取'/jlcb/resources/image/财务管理.png'
14 七月 2026 23:26:23,602 DEBUG main  ResourcePlugin:getLocalFile - 从本地找到'/jlcb/resources/image/财务管理.png'
14 七月 2026 23:26:24,189 DEBUG main  ResourcePlugin:getLocalFile - 开始从本地获取'/jlcb/resources/image/积分管理.png'
14 七月 2026 23:26:24,189 DEBUG main  ResourcePlugin:getLocalFile - 从本地找到'/jlcb/resources/image/积分管理.png'
14 七月 2026 23:26:24,977 DEBUG main  ResourcePlugin:getLocalFile - 开始从本地获取'/jlcb/resources/image/现金管理.png'
14 七月 2026 23:26:24,977 DEBUG main  ResourcePlugin:getLocalFile - 从本地找到'/jlcb/resources/image/现金管理.png'
14 七月 2026 23:26:25,128 DEBUG main  ResourcePlugin:getLocalFile - 开始从本地获取'/jlcb/resources/image/大额存单系统.png'
14 七月 2026 23:26:25,128 DEBUG main  ResourcePlugin:getLocalFile - 从本地找到'/jlcb/resources/image/大额存单系统.png'
14 七月 2026 23:26:25,282 DEBUG main  ResourcePlugin:getLocalFile - 开始从本地获取'/jlcb/resources/image/电子验印.png'
14 七月 2026 23:26:25,282 DEBUG main  ResourcePlugin:getLocalFile - 从本地找到'/jlcb/resources/image/电子验印.png'
14 七月 2026 23:26:25,719 DEBUG main  ResourcePlugin:getLocalFile - 开始从本地获取'/jlcb/resources/image/国结系统.png'
14 七月 2026 23:26:25,719 DEBUG main  ResourcePlugin:getLocalFile - 从本地找到'/jlcb/resources/image/国结系统.png'
14 七月 2026 23:26:27,708 DEBUG main  ResourcePlugin:getLocalFile - 开始从本地获取'/jlcb/resources/image/noMsg.png'
14 七月 2026 23:26:27,708 DEBUG main  ResourcePlugin:getLocalFile - 从本地找到'/jlcb/resources/image/noMsg.png'
14 七月 2026 23:29:46,879 DEBUG main  ResourcePlugin:getLocalFile - 开始从本地获取'/jlcb/classes/nxcb/trx/nx000/t832003/T832003.abf'
14 七月 2026 23:29:46,879 DEBUG main  ResourcePlugin:getLocalFile - 无法从本地找到/jlcb/classes/nxcb/trx/nx000/t832003/T832003.abf
14 七月 2026 23:29:47,225 DEBUG main  ResourcePlugin:downloadFile - 成功下载资源:/jlcb/classes/nxcb/trx/nx000/t832003/T832003.abf
14 七月 2026 23:29:47,237 DEBUG main  ResourcePlugin:getLocalFile - 开始从本地获取'/jlcb/dictionary.jar'
14 七月 2026 23:29:47,237 DEBUG main  ResourcePlugin:getLocalFile - 无法从本地找到/jlcb/dictionary.jar
14 七月 2026 23:30:21,111 DEBUG Worker-0  ResourcePlugin:getLocalFile - 开始从本地获取'/jlcb/classes/nxcb/pub/login/Tellerlogin.abf'
14 七月 2026 23:30:21,111 DEBUG Worker-0  ResourcePlugin:getLocalFile - 从本地找到'/jlcb/classes/nxcb/pub/login/Tellerlogin.abf'
14 七月 2026 23:30:21,184 DEBUG Worker-0  ResourcePlugin:getLocalFile - 开始从本地获取'/jlcb/dictionary.jar'
14 七月 2026 23:30:21,184 DEBUG Worker-0  ResourcePlugin:getLocalFile - 无法从本地找到/jlcb/dictionary.jar
14 七月 2026 23:30:26,381 DEBUG Worker-1  ResourcePlugin:getLocalFile - 开始从本地获取'/jlcb/classes/nxcb/pub/login/Tellerlogin.abf'
14 七月 2026 23:30:26,381  WARN Worker-1  ResourcePlugin:getLocalFile - 工程'jlcb'不存在, 程序将自动创建
14 七月 2026 23:30:26,437 DEBUG Worker-1  ResourcePlugin:getLocalFile - 从本地找到'/jlcb/classes/nxcb/pub/login/Tellerlogin.abf'
14 七月 2026 23:30:27,200 DEBUG Worker-1  ResourcePlugin:getLocalFile - 开始从本地获取'/jlcb/.classpath'
14 七月 2026 23:30:27,200 DEBUG Worker-1  ResourcePlugin:getLocalFile - 从本地找到'/jlcb/.classpath'
14 七月 2026 23:30:27,274 DEBUG Worker-1  ResourcePlugin:getLocalFile - 开始从本地获取'/jlcb/dictionary.jar'
14 七月 2026 23:30:27,274 DEBUG Worker-1  ResourcePlugin:getLocalFile - 无法从本地找到/jlcb/dictionary.jar
14 七月 2026 23:33:31,991 DEBUG main  ResourcePlugin:getLocalFile - 开始从本地获取'/jlcb/classes/nxcb/pub/frame/Frame.abf'
14 七月 2026 23:33:31,991 DEBUG main  ResourcePlugin:getLocalFile - 从本地找到'/jlcb/classes/nxcb/pub/frame/Frame.abf'
14 七月 2026 23:33:32,066 DEBUG main  ResourcePlugin:getLocalFile - 开始从本地获取'/jlcb/dictionary.jar'
14 七月 2026 23:33:32,066 DEBUG main  ResourcePlugin:getLocalFile - 无法从本地找到/jlcb/dictionary.jar
14 七月 2026 23:33:32,376 DEBUG main  ResourcePlugin:getLocalFile - 开始从本地获取'/jlcb/resources/image/search.png'
14 七月 2026 23:33:32,376 DEBUG main  ResourcePlugin:getLocalFile - 从本地找到'/jlcb/resources/image/search.png'
14 七月 2026 23:33:32,817 DEBUG main  ResourcePlugin:getLocalFile - 开始从本地获取'/jlcb/resources/image/service.png'
14 七月 2026 23:33:32,817 DEBUG main  ResourcePlugin:getLocalFile - 从本地找到'/jlcb/resources/image/service.png'
14 七月 2026 23:33:33,023 DEBUG main  ResourcePlugin:getLocalFile - 开始从本地获取'/jlcb/resources/image/网上银行.png'
14 七月 2026 23:33:33,023 DEBUG main  ResourcePlugin:getLocalFile - 从本地找到'/jlcb/resources/image/网上银行.png'
14 七月 2026 23:33:33,172 DEBUG main  ResourcePlugin:getLocalFile - 开始从本地获取'/jlcb/resources/image/中间业务.png'
14 七月 2026 23:33:33,172 DEBUG main  ResourcePlugin:getLocalFile - 从本地找到'/jlcb/resources/image/中间业务.png'
14 七月 2026 23:33:33,320 DEBUG main  ResourcePlugin:getLocalFile - 开始从本地获取'/jlcb/resources/image/短信平台.png'
14 七月 2026 23:33:33,320 DEBUG main  ResourcePlugin:getLocalFile - 从本地找到'/jlcb/resources/image/短信平台.png'
14 七月 2026 23:33:33,749 DEBUG main  ResourcePlugin:getLocalFile - 开始从本地获取'/jlcb/resources/image/统一报表平台.png'
14 七月 2026 23:33:33,749 DEBUG main  ResourcePlugin:getLocalFile - 从本地找到'/jlcb/resources/image/统一报表平台.png'
14 七月 2026 23:33:33,892 DEBUG main  ResourcePlugin:getLocalFile - 开始从本地获取'/jlcb/resources/image/反洗钱系统.png'
14 七月 2026 23:33:33,892 DEBUG main  ResourcePlugin:getLocalFile - 从本地找到'/jlcb/resources/image/反洗钱系统.png'
14 七月 2026 23:33:34,037 DEBUG main  ResourcePlugin:getLocalFile - 开始从本地获取'/jlcb/resources/image/信贷系统.png'
14 七月 2026 23:33:34,037 DEBUG main  ResourcePlugin:getLocalFile - 从本地找到'/jlcb/resources/image/信贷系统.png'
14 七月 2026 23:33:34,616 DEBUG main  ResourcePlugin:getLocalFile - 开始从本地获取'/jlcb/resources/image/差错平台.png'
14 七月 2026 23:33:34,616 DEBUG main  ResourcePlugin:getLocalFile - 从本地找到'/jlcb/resources/image/差错平台.png'
14 七月 2026 23:33:34,760 DEBUG main  ResourcePlugin:getLocalFile - 开始从本地获取'/jlcb/resources/image/综合业务系统.png'
14 七月 2026 23:33:34,760 DEBUG main  ResourcePlugin:getLocalFile - 从本地找到'/jlcb/resources/image/综合业务系统.png'
14 七月 2026 23:33:34,907 DEBUG main  ResourcePlugin:getLocalFile - 开始从本地获取'/jlcb/resources/image/理财平台.png'
14 七月 2026 23:33:34,907 DEBUG main  ResourcePlugin:getLocalFile - 从本地找到'/jlcb/resources/image/理财平台.png'
14 七月 2026 23:33:35,053 DEBUG main  ResourcePlugin:getLocalFile - 开始从本地获取'/jlcb/resources/image/事后监督.png'
14 七月 2026 23:33:35,053 DEBUG main  ResourcePlugin:getLocalFile - 从本地找到'/jlcb/resources/image/事后监督.png'
14 七月 2026 23:33:35,222 DEBUG main  ResourcePlugin:getLocalFile - 开始从本地获取'/jlcb/resources/image/财务管理.png'
14 七月 2026 23:33:35,222 DEBUG main  ResourcePlugin:getLocalFile - 从本地找到'/jlcb/resources/image/财务管理.png'
14 七月 2026 23:33:36,115 DEBUG main  ResourcePlugin:getLocalFile - 开始从本地获取'/jlcb/resources/image/积分管理.png'
14 七月 2026 23:33:36,115 DEBUG main  ResourcePlugin:getLocalFile - 从本地找到'/jlcb/resources/image/积分管理.png'
14 七月 2026 23:33:37,093 DEBUG main  ResourcePlugin:getLocalFile - 开始从本地获取'/jlcb/resources/image/现金管理.png'
14 七月 2026 23:33:37,094 DEBUG main  ResourcePlugin:getLocalFile - 从本地找到'/jlcb/resources/image/现金管理.png'
14 七月 2026 23:33:37,309 DEBUG main  ResourcePlugin:getLocalFile - 开始从本地获取'/jlcb/resources/image/大额存单系统.png'
14 七月 2026 23:33:37,309 DEBUG main  ResourcePlugin:getLocalFile - 从本地找到'/jlcb/resources/image/大额存单系统.png'
14 七月 2026 23:33:37,460 DEBUG main  ResourcePlugin:getLocalFile - 开始从本地获取'/jlcb/resources/image/电子验印.png'
14 七月 2026 23:33:37,460 DEBUG main  ResourcePlugin:getLocalFile - 从本地找到'/jlcb/resources/image/电子验印.png'
14 七月 2026 23:33:37,605 DEBUG main  ResourcePlugin:getLocalFile - 开始从本地获取'/jlcb/resources/image/国结系统.png'
14 七月 2026 23:33:37,605 DEBUG main  ResourcePlugin:getLocalFile - 从本地找到'/jlcb/resources/image/国结系统.png'
14 七月 2026 23:33:41,492 DEBUG main  ResourcePlugin:getLocalFile - 开始从本地获取'/jlcb/resources/image/noMsg.png'
14 七月 2026 23:33:41,492 DEBUG main  ResourcePlugin:getLocalFile - 从本地找到'/jlcb/resources/image/noMsg.png'
14 七月 2026 23:34:49,627 DEBUG main  ResourcePlugin:getLocalFile - 开始从本地获取'/jlcb/classes/nxcb/trx/nx000/DepositMoney/t270900/T270900.abf'
14 七月 2026 23:34:49,627 DEBUG main  ResourcePlugin:getLocalFile - 从本地找到'/jlcb/classes/nxcb/trx/nx000/DepositMoney/t270900/T270900.abf'
14 七月 2026 23:34:49,720 DEBUG main  ResourcePlugin:getLocalFile - 开始从本地获取'/jlcb/dictionary.jar'
14 七月 2026 23:34:49,720 DEBUG main  ResourcePlugin:getLocalFile - 无法从本地找到/jlcb/dictionary.jar
14 七月 2026 23:34:49,912 DEBUG main  ResourcePlugin:getLocalFile - 开始从本地获取'/jlcb/resources/para/abs_combo_00000.ini'
14 七月 2026 23:34:49,913 DEBUG main  ResourcePlugin:getLocalFile - 从本地找到'/jlcb/resources/para/abs_combo_00000.ini'
14 七月 2026 23:34:50,482 DEBUG main  ResourcePlugin:getLocalFile - 开始从本地获取'/jlcb/resources/para/abs_sys_combo.ini'
14 七月 2026 23:34:50,482 DEBUG main  ResourcePlugin:getLocalFile - 从本地找到'/jlcb/resources/para/abs_sys_combo.ini'
14 七月 2026 23:37:50,942 DEBUG Worker-1  ResourcePlugin:getLocalFile - 开始从本地获取'/jlcb/classes/nxcb/lib/axep/pinPanel/PinPanel.abf'
14 七月 2026 23:37:50,942 DEBUG Worker-1  ResourcePlugin:getLocalFile - 从本地找到'/jlcb/classes/nxcb/lib/axep/pinPanel/PinPanel.abf'
14 七月 2026 23:37:51,027 DEBUG Worker-1  ResourcePlugin:getLocalFile - 开始从本地获取'/jlcb/dictionary.jar'
14 七月 2026 23:37:51,027 DEBUG Worker-1  ResourcePlugin:getLocalFile - 无法从本地找到/jlcb/dictionary.jar
14 七月 2026 23:37:54,847 DEBUG Worker-5  ResourcePlugin:getLocalFile - 开始从本地获取'/jlcb/classes/nxcb/lib/axep/pinPanel/PinPanel.abf'
14 七月 2026 23:37:54,847 DEBUG Worker-5  ResourcePlugin:getLocalFile - 从本地找到'/jlcb/classes/nxcb/lib/axep/pinPanel/PinPanel.abf'
14 七月 2026 23:37:54,919 DEBUG Worker-5  ResourcePlugin:getLocalFile - 开始从本地获取'/jlcb/dictionary.jar'
14 七月 2026 23:37:54,919 DEBUG Worker-5  ResourcePlugin:getLocalFile - 无法从本地找到/jlcb/dictionary.jar
14 七月 2026 23:39:58,916 DEBUG main  ResourcePlugin:getLocalFile - 开始从本地获取'/jlcb/classes/nxcb/trx/nx000/t574020/T574020.abf'
14 七月 2026 23:39:58,926 DEBUG main  ResourcePlugin:getLocalFile - 从本地找到'/jlcb/classes/nxcb/trx/nx000/t574020/T574020.abf'
14 七月 2026 23:39:59,009 DEBUG main  ResourcePlugin:getLocalFile - 开始从本地获取'/jlcb/dictionary.jar'
14 七月 2026 23:39:59,009 DEBUG main  ResourcePlugin:getLocalFile - 无法从本地找到/jlcb/dictionary.jar
14 七月 2026 23:39:59,164 DEBUG main  ResourcePlugin:getLocalFile - 开始从本地获取'/jlcb/resources/para/abs_combo_00000.ini'
14 七月 2026 23:39:59,164 DEBUG main  ResourcePlugin:getLocalFile - 从本地找到'/jlcb/resources/para/abs_combo_00000.ini'
14 七月 2026 23:40:05,297 DEBUG main  ResourcePlugin:getLocalFile - 开始从本地获取'/jlcb/classes/nxcb/trx/nx000/t243010/T243010.abf'
14 七月 2026 23:40:05,297 DEBUG main  ResourcePlugin:getLocalFile - 从本地找到'/jlcb/classes/nxcb/trx/nx000/t243010/T243010.abf'
14 七月 2026 23:40:05,380 DEBUG main  ResourcePlugin:getLocalFile - 开始从本地获取'/jlcb/dictionary.jar'
14 七月 2026 23:40:05,380 DEBUG main  ResourcePlugin:getLocalFile - 无法从本地找到/jlcb/dictionary.jar
14 七月 2026 23:40:05,924 DEBUG main  ResourcePlugin:getLocalFile - 开始从本地获取'/jlcb/resources/para/abs_combo_00000.ini'
14 七月 2026 23:40:05,924 DEBUG main  ResourcePlugin:getLocalFile - 从本地找到'/jlcb/resources/para/abs_combo_00000.ini'
14 七月 2026 23:41:33,209 DEBUG Worker-6  ResourcePlugin:getLocalFile - 开始从本地获取'/jlcb/classes/nxcb/trx/nx000/t639092/T639092.abf'
14 七月 2026 23:41:33,209 DEBUG Worker-6  ResourcePlugin:getLocalFile - 从本地找到'/jlcb/classes/nxcb/trx/nx000/t639092/T639092.abf'
14 七月 2026 23:41:33,584 DEBUG Worker-6  ResourcePlugin:getLocalFile - 开始从本地获取'/jlcb/dictionary.jar'
14 七月 2026 23:41:33,584 DEBUG Worker-6  ResourcePlugin:getLocalFile - 无法从本地找到/jlcb/dictionary.jar
14 七月 2026 23:41:34,435 DEBUG main  ResourcePlugin:getLocalFile - 开始从本地获取'/jlcb/resources/para/abs_combo_00000.ini'
14 七月 2026 23:41:34,435 DEBUG main  ResourcePlugin:getLocalFile - 从本地找到'/jlcb/resources/para/abs_combo_00000.ini'
14 七月 2026 23:43:29,376 DEBUG main  ResourcePlugin:getLocalFile - 开始从本地获取'/jlcb/classes/nxcb/trx/nx000/DepositMoney/t270500/T270501.abf'
14 七月 2026 23:43:29,376 DEBUG main  ResourcePlugin:getLocalFile - 从本地找到'/jlcb/classes/nxcb/trx/nx000/DepositMoney/t270500/T270501.abf'
14 七月 2026 23:43:29,597 DEBUG main  ResourcePlugin:getLocalFile - 开始从本地获取'/jlcb/dictionary.jar'
14 七月 2026 23:43:29,597 DEBUG main  ResourcePlugin:getLocalFile - 无法从本地找到/jlcb/dictionary.jar
14 七月 2026 23:43:29,773 DEBUG main  ResourcePlugin:getLocalFile - 开始从本地获取'/jlcb/resources/para/abs_combo_00000.ini'
14 七月 2026 23:43:29,773 DEBUG main  ResourcePlugin:getLocalFile - 从本地找到'/jlcb/resources/para/abs_combo_00000.ini'
14 七月 2026 23:43:31,332 DEBUG Worker-2  ResourcePlugin:getLocalFile - 开始从本地获取'/jlcb/classes/nxcb/pub/confirmWindow/ConfirmWindow.abf'
14 七月 2026 23:43:31,332 DEBUG Worker-2  ResourcePlugin:getLocalFile - 从本地找到'/jlcb/classes/nxcb/pub/confirmWindow/ConfirmWindow.abf'
14 七月 2026 23:43:31,805 DEBUG Worker-2  ResourcePlugin:getLocalFile - 开始从本地获取'/jlcb/dictionary.jar'
14 七月 2026 23:43:31,805 DEBUG Worker-2  ResourcePlugin:getLocalFile - 无法从本地找到/jlcb/dictionary.jar
14 七月 2026 23:43:38,273 DEBUG Worker-9  ResourcePlugin:getLocalFile - 开始从本地获取'/jlcb/classes/nxcb/pub/confirmWindow/ConfirmWindow.abf'
14 七月 2026 23:43:38,273 DEBUG Worker-9  ResourcePlugin:getLocalFile - 从本地找到'/jlcb/classes/nxcb/pub/confirmWindow/ConfirmWindow.abf'
14 七月 2026 23:43:38,345 DEBUG Worker-9  ResourcePlugin:getLocalFile - 开始从本地获取'/jlcb/dictionary.jar'
14 七月 2026 23:43:38,346 DEBUG Worker-9  ResourcePlugin:getLocalFile - 无法从本地找到/jlcb/dictionary.jar
14 七月 2026 23:43:44,811 DEBUG Worker-7  ResourcePlugin:getLocalFile - 开始从本地获取'/jlcb/classes/nxcb/pub/confirmWindow/ConfirmWindow.abf'
14 七月 2026 23:43:44,811 DEBUG Worker-7  ResourcePlugin:getLocalFile - 从本地找到'/jlcb/classes/nxcb/pub/confirmWindow/ConfirmWindow.abf'
14 七月 2026 23:43:44,871 DEBUG Worker-7  ResourcePlugin:getLocalFile - 开始从本地获取'/jlcb/dictionary.jar'
14 七月 2026 23:43:44,871 DEBUG Worker-7  ResourcePlugin:getLocalFile - 无法从本地找到/jlcb/dictionary.jar
14 七月 2026 23:43:57,531 DEBUG Worker-9  ResourcePlugin:getLocalFile - 开始从本地获取'/jlcb/classes/nxcb/pub/confirmWindow/ConfirmWindow.abf'
14 七月 2026 23:43:57,531 DEBUG Worker-9  ResourcePlugin:getLocalFile - 从本地找到'/jlcb/classes/nxcb/pub/confirmWindow/ConfirmWindow.abf'
14 七月 2026 23:43:57,668 DEBUG Worker-9  ResourcePlugin:getLocalFile - 开始从本地获取'/jlcb/dictionary.jar'
14 七月 2026 23:43:57,668 DEBUG Worker-9  ResourcePlugin:getLocalFile - 无法从本地找到/jlcb/dictionary.jar
14 七月 2026 23:44:00,806 DEBUG Worker-8  ResourcePlugin:getLocalFile - 开始从本地获取'/jlcb/classes/nxcb/pub/confirmWindow/ConfirmWindow.abf'
14 七月 2026 23:44:00,806 DEBUG Worker-8  ResourcePlugin:getLocalFile - 从本地找到'/jlcb/classes/nxcb/pub/confirmWindow/ConfirmWindow.abf'
14 七月 2026 23:44:01,260 DEBUG Worker-8  ResourcePlugin:getLocalFile - 开始从本地获取'/jlcb/dictionary.jar'
14 七月 2026 23:44:01,260 DEBUG Worker-8  ResourcePlugin:getLocalFile - 无法从本地找到/jlcb/dictionary.jar
14 七月 2026 23:44:13,485 DEBUG main  ResourcePlugin:getLocalFile - 开始从本地获取'/jlcb/classes/nxcb/trx/nx000/DepositMoney/t275270/T275270.abf'
14 七月 2026 23:44:13,486 DEBUG main  ResourcePlugin:getLocalFile - 从本地找到'/jlcb/classes/nxcb/trx/nx000/DepositMoney/t275270/T275270.abf'
14 七月 2026 23:44:13,569 DEBUG main  ResourcePlugin:getLocalFile - 开始从本地获取'/jlcb/dictionary.jar'
14 七月 2026 23:44:13,569 DEBUG main  ResourcePlugin:getLocalFile - 无法从本地找到/jlcb/dictionary.jar
14 七月 2026 23:44:13,726 DEBUG main  ResourcePlugin:getLocalFile - 开始从本地获取'/jlcb/resources/para/abs_combo_00000.ini'
14 七月 2026 23:44:13,726 DEBUG main  ResourcePlugin:getLocalFile - 从本地找到'/jlcb/resources/para/abs_combo_00000.ini'
14 七月 2026 23:44:14,247 DEBUG Worker-2  ResourcePlugin:getLocalFile - 开始从本地获取'/jlcb/classes/nxcb/pub/confirmWindow/ConfirmWindow.abf'
14 七月 2026 23:44:14,247 DEBUG Worker-2  ResourcePlugin:getLocalFile - 从本地找到'/jlcb/classes/nxcb/pub/confirmWindow/ConfirmWindow.abf'
14 七月 2026 23:44:14,720 DEBUG Worker-2  ResourcePlugin:getLocalFile - 开始从本地获取'/jlcb/dictionary.jar'
14 七月 2026 23:44:14,720 DEBUG Worker-2  ResourcePlugin:getLocalFile - 无法从本地找到/jlcb/dictionary.jar
14 七月 2026 23:44:38,121 DEBUG Worker-10  ResourcePlugin:getLocalFile - 开始从本地获取'/jlcb/classes/nxcb/lib/auth/auth/Auth.abf'
14 七月 2026 23:44:38,121 DEBUG Worker-10  ResourcePlugin:getLocalFile - 从本地找到'/jlcb/classes/nxcb/lib/auth/auth/Auth.abf'
14 七月 2026 23:44:38,219 DEBUG Worker-10  ResourcePlugin:getLocalFile - 开始从本地获取'/jlcb/dictionary.jar'
14 七月 2026 23:44:38,219 DEBUG Worker-10  ResourcePlugin:getLocalFile - 无法从本地找到/jlcb/dictionary.jar
14 七月 2026 23:45:05,992 DEBUG main  ResourcePlugin:getLocalFile - 开始从本地获取'/jlcb/classes/nxcb/trx/nx000/DepositMoney/t270900/T270900.abf'
14 七月 2026 23:45:05,992 DEBUG main  ResourcePlugin:getLocalFile - 从本地找到'/jlcb/classes/nxcb/trx/nx000/DepositMoney/t270900/T270900.abf'
14 七月 2026 23:45:06,068 DEBUG main  ResourcePlugin:getLocalFile - 开始从本地获取'/jlcb/dictionary.jar'
14 七月 2026 23:45:06,068 DEBUG main  ResourcePlugin:getLocalFile - 无法从本地找到/jlcb/dictionary.jar
14 七月 2026 23:45:06,166 DEBUG main  ResourcePlugin:getLocalFile - 开始从本地获取'/jlcb/resources/para/abs_combo_00000.ini'
14 七月 2026 23:45:06,166 DEBUG main  ResourcePlugin:getLocalFile - 从本地找到'/jlcb/resources/para/abs_combo_00000.ini'
14 七月 2026 23:45:06,276 DEBUG main  ResourcePlugin:getLocalFile - 开始从本地获取'/jlcb/resources/para/abs_sys_combo.ini'
14 七月 2026 23:45:06,276 DEBUG main  ResourcePlugin:getLocalFile - 从本地找到'/jlcb/resources/para/abs_sys_combo.ini'
14 七月 2026 23:47:13,681 DEBUG Worker-7  ResourcePlugin:getLocalFile - 开始从本地获取'/jlcb/classes/nxcb/lib/auth/auth/Auth.abf'
14 七月 2026 23:47:13,681 DEBUG Worker-7  ResourcePlugin:getLocalFile - 从本地找到'/jlcb/classes/nxcb/lib/auth/auth/Auth.abf'
14 七月 2026 23:47:14,506 DEBUG Worker-7  ResourcePlugin:getLocalFile - 开始从本地获取'/jlcb/dictionary.jar'
14 七月 2026 23:47:14,506 DEBUG Worker-7  ResourcePlugin:getLocalFile - 无法从本地找到/jlcb/dictionary.jar
14 七月 2026 23:48:00,503 DEBUG main  ResourcePlugin:getLocalFile - 开始从本地获取'/jlcb/classes/nxcb/trx/nx000/DepositMoney/t270500/T270501.abf'
14 七月 2026 23:48:00,503 DEBUG main  ResourcePlugin:getLocalFile - 从本地找到'/jlcb/classes/nxcb/trx/nx000/DepositMoney/t270500/T270501.abf'
14 七月 2026 23:48:00,577 DEBUG main  ResourcePlugin:getLocalFile - 开始从本地获取'/jlcb/dictionary.jar'
14 七月 2026 23:48:00,577 DEBUG main  ResourcePlugin:getLocalFile - 无法从本地找到/jlcb/dictionary.jar
14 七月 2026 23:48:00,678 DEBUG main  ResourcePlugin:getLocalFile - 开始从本地获取'/jlcb/resources/para/abs_combo_00000.ini'
14 七月 2026 23:48:00,678 DEBUG main  ResourcePlugin:getLocalFile - 从本地找到'/jlcb/resources/para/abs_combo_00000.ini'
14 七月 2026 23:48:01,748 DEBUG Worker-10  ResourcePlugin:getLocalFile - 开始从本地获取'/jlcb/classes/nxcb/pub/confirmWindow/ConfirmWindow.abf'
14 七月 2026 23:48:01,748 DEBUG Worker-10  ResourcePlugin:getLocalFile - 从本地找到'/jlcb/classes/nxcb/pub/confirmWindow/ConfirmWindow.abf'
14 七月 2026 23:48:01,825 DEBUG Worker-10  ResourcePlugin:getLocalFile - 开始从本地获取'/jlcb/dictionary.jar'
14 七月 2026 23:48:01,825 DEBUG Worker-10  ResourcePlugin:getLocalFile - 无法从本地找到/jlcb/dictionary.jar
14 七月 2026 23:48:06,901 DEBUG Worker-1  ResourcePlugin:getLocalFile - 开始从本地获取'/jlcb/classes/nxcb/lib/axep/pinPanel/PinPanel.abf'
14 七月 2026 23:48:06,901 DEBUG Worker-1  ResourcePlugin:getLocalFile - 从本地找到'/jlcb/classes/nxcb/lib/axep/pinPanel/PinPanel.abf'
14 七月 2026 23:48:06,964 DEBUG Worker-1  ResourcePlugin:getLocalFile - 开始从本地获取'/jlcb/dictionary.jar'
14 七月 2026 23:48:06,964 DEBUG Worker-1  ResourcePlugin:getLocalFile - 无法从本地找到/jlcb/dictionary.jar
14 七月 2026 23:49:34,145 DEBUG Worker-8  ResourcePlugin:getLocalFile - 开始从本地获取'/jlcb/classes/nxcb/trx/nx000/t639092/T639092.abf'
14 七月 2026 23:49:34,146 DEBUG Worker-8  ResourcePlugin:getLocalFile - 从本地找到'/jlcb/classes/nxcb/trx/nx000/t639092/T639092.abf'
14 七月 2026 23:49:34,230 DEBUG Worker-8  ResourcePlugin:getLocalFile - 开始从本地获取'/jlcb/dictionary.jar'
14 七月 2026 23:49:34,230 DEBUG Worker-8  ResourcePlugin:getLocalFile - 无法从本地找到/jlcb/dictionary.jar
14 七月 2026 23:49:34,341 DEBUG main  ResourcePlugin:getLocalFile - 开始从本地获取'/jlcb/resources/para/abs_combo_00000.ini'
14 七月 2026 23:49:34,341 DEBUG main  ResourcePlugin:getLocalFile - 从本地找到'/jlcb/resources/para/abs_combo_00000.ini'
14 七月 2026 23:49:51,306 DEBUG main  ResourcePlugin:getLocalFile - 开始从本地获取'/jlcb/classes/nxcb/trx/nx000/DepositMoney/t270500/T270501.abf'
14 七月 2026 23:49:51,306 DEBUG main  ResourcePlugin:getLocalFile - 从本地找到'/jlcb/classes/nxcb/trx/nx000/DepositMoney/t270500/T270501.abf'
14 七月 2026 23:49:51,390 DEBUG main  ResourcePlugin:getLocalFile - 开始从本地获取'/jlcb/dictionary.jar'
14 七月 2026 23:49:51,390 DEBUG main  ResourcePlugin:getLocalFile - 无法从本地找到/jlcb/dictionary.jar
14 七月 2026 23:49:51,847 DEBUG main  ResourcePlugin:getLocalFile - 开始从本地获取'/jlcb/resources/para/abs_combo_00000.ini'
14 七月 2026 23:49:51,847 DEBUG main  ResourcePlugin:getLocalFile - 从本地找到'/jlcb/resources/para/abs_combo_00000.ini'
14 七月 2026 23:49:53,188 DEBUG Worker-2  ResourcePlugin:getLocalFile - 开始从本地获取'/jlcb/classes/nxcb/pub/confirmWindow/ConfirmWindow.abf'
14 七月 2026 23:49:53,188 DEBUG Worker-2  ResourcePlugin:getLocalFile - 从本地找到'/jlcb/classes/nxcb/pub/confirmWindow/ConfirmWindow.abf'
14 七月 2026 23:49:53,274 DEBUG Worker-2  ResourcePlugin:getLocalFile - 开始从本地获取'/jlcb/dictionary.jar'
14 七月 2026 23:49:53,274 DEBUG Worker-2  ResourcePlugin:getLocalFile - 无法从本地找到/jlcb/dictionary.jar
14 七月 2026 23:52:03,307 DEBUG main  ResourcePlugin:getLocalFile - 开始从本地获取'/jlcb/classes/nxcb/trx/nx000/DepositMoney/t270600/T270600.abf'
14 七月 2026 23:52:03,307 DEBUG main  ResourcePlugin:getLocalFile - 从本地找到'/jlcb/classes/nxcb/trx/nx000/DepositMoney/t270600/T270600.abf'
14 七月 2026 23:52:03,457 DEBUG main  ResourcePlugin:getLocalFile - 开始从本地获取'/jlcb/dictionary.jar'
14 七月 2026 23:52:03,457 DEBUG main  ResourcePlugin:getLocalFile - 无法从本地找到/jlcb/dictionary.jar
14 七月 2026 23:52:03,646 DEBUG main  ResourcePlugin:getLocalFile - 开始从本地获取'/jlcb/resources/para/abs_combo_00000.ini'
14 七月 2026 23:52:03,646 DEBUG main  ResourcePlugin:getLocalFile - 从本地找到'/jlcb/resources/para/abs_combo_00000.ini'
14 七月 2026 23:52:05,272 DEBUG Worker-2  ResourcePlugin:getLocalFile - 开始从本地获取'/jlcb/classes/nxcb/pub/confirmWindow/ConfirmWindow.abf'
14 七月 2026 23:52:05,272 DEBUG Worker-2  ResourcePlugin:getLocalFile - 从本地找到'/jlcb/classes/nxcb/pub/confirmWindow/ConfirmWindow.abf'
14 七月 2026 23:52:05,709 DEBUG Worker-2  ResourcePlugin:getLocalFile - 开始从本地获取'/jlcb/dictionary.jar'
14 七月 2026 23:52:05,709 DEBUG Worker-2  ResourcePlugin:getLocalFile - 无法从本地找到/jlcb/dictionary.jar
14 七月 2026 23:52:10,227 DEBUG Worker-2  ResourcePlugin:getLocalFile - 开始从本地获取'/jlcb/classes/nxcb/lib/axep/pinPanel/PinPanel.abf'
14 七月 2026 23:52:10,227 DEBUG Worker-2  ResourcePlugin:getLocalFile - 从本地找到'/jlcb/classes/nxcb/lib/axep/pinPanel/PinPanel.abf'
14 七月 2026 23:52:10,569 DEBUG Worker-2  ResourcePlugin:getLocalFile - 开始从本地获取'/jlcb/dictionary.jar'
14 七月 2026 23:52:10,569 DEBUG Worker-2  ResourcePlugin:getLocalFile - 无法从本地找到/jlcb/dictionary.jar
14 七月 2026 23:53:37,864 DEBUG main  ResourcePlugin:getLocalFile - 开始从本地获取'/jlcb/classes/nxcb/trx/nx000/t633150/T633150.abf'
14 七月 2026 23:53:37,864 DEBUG main  ResourcePlugin:getLocalFile - 从本地找到'/jlcb/classes/nxcb/trx/nx000/t633150/T633150.abf'
14 七月 2026 23:53:37,946 DEBUG main  ResourcePlugin:getLocalFile - 开始从本地获取'/jlcb/dictionary.jar'
14 七月 2026 23:53:37,946 DEBUG main  ResourcePlugin:getLocalFile - 无法从本地找到/jlcb/dictionary.jar
14 七月 2026 23:53:38,378 DEBUG main  ResourcePlugin:getLocalFile - 开始从本地获取'/jlcb/resources/para/abs_combo_00000.ini'
14 七月 2026 23:53:38,378 DEBUG main  ResourcePlugin:getLocalFile - 从本地找到'/jlcb/resources/para/abs_combo_00000.ini'
14 七月 2026 23:53:55,914 DEBUG Worker-7  ResourcePlugin:getLocalFile - 开始从本地获取'/jlcb/classes/nxcb/trx/nx000/t639092/T639092.abf'
14 七月 2026 23:53:55,914 DEBUG Worker-7  ResourcePlugin:getLocalFile - 从本地找到'/jlcb/classes/nxcb/trx/nx000/t639092/T639092.abf'
14 七月 2026 23:53:55,985 DEBUG Worker-7  ResourcePlugin:getLocalFile - 开始从本地获取'/jlcb/dictionary.jar'
14 七月 2026 23:53:55,985 DEBUG Worker-7  ResourcePlugin:getLocalFile - 无法从本地找到/jlcb/dictionary.jar
14 七月 2026 23:53:56,076 DEBUG main  ResourcePlugin:getLocalFile - 开始从本地获取'/jlcb/resources/para/abs_combo_00000.ini'
14 七月 2026 23:53:56,076 DEBUG main  ResourcePlugin:getLocalFile - 从本地找到'/jlcb/resources/para/abs_combo_00000.ini'
14 七月 2026 23:55:45,699 DEBUG main  ResourcePlugin:getLocalFile - 开始从本地获取'/jlcb/classes/nxcb/trx/nx000/DepositMoney/t270600/T270600.abf'
14 七月 2026 23:55:45,699 DEBUG main  ResourcePlugin:getLocalFile - 从本地找到'/jlcb/classes/nxcb/trx/nx000/DepositMoney/t270600/T270600.abf'
14 七月 2026 23:55:45,774 DEBUG main  ResourcePlugin:getLocalFile - 开始从本地获取'/jlcb/dictionary.jar'
14 七月 2026 23:55:45,774 DEBUG main  ResourcePlugin:getLocalFile - 无法从本地找到/jlcb/dictionary.jar
14 七月 2026 23:55:45,862 DEBUG main  ResourcePlugin:getLocalFile - 开始从本地获取'/jlcb/resources/para/abs_combo_00000.ini'
14 七月 2026 23:55:45,862 DEBUG main  ResourcePlugin:getLocalFile - 从本地找到'/jlcb/resources/para/abs_combo_00000.ini'
14 七月 2026 23:55:47,686 DEBUG Worker-9  ResourcePlugin:getLocalFile - 开始从本地获取'/jlcb/classes/nxcb/pub/confirmWindow/ConfirmWindow.abf'
14 七月 2026 23:55:47,686 DEBUG Worker-9  ResourcePlugin:getLocalFile - 从本地找到'/jlcb/classes/nxcb/pub/confirmWindow/ConfirmWindow.abf'
14 七月 2026 23:55:47,759 DEBUG Worker-9  ResourcePlugin:getLocalFile - 开始从本地获取'/jlcb/dictionary.jar'
14 七月 2026 23:55:47,759 DEBUG Worker-9  ResourcePlugin:getLocalFile - 无法从本地找到/jlcb/dictionary.jar
14 七月 2026 23:56:32,200 DEBUG main  ResourcePlugin:getLocalFile - 开始从本地获取'/jlcb/classes/nxcb/trx/nx000/DepositMoney/t270700/T270700.abf'
14 七月 2026 23:56:32,200 DEBUG main  ResourcePlugin:getLocalFile - 从本地找到'/jlcb/classes/nxcb/trx/nx000/DepositMoney/t270700/T270700.abf'
14 七月 2026 23:56:32,279 DEBUG main  ResourcePlugin:getLocalFile - 开始从本地获取'/jlcb/dictionary.jar'
14 七月 2026 23:56:32,279 DEBUG main  ResourcePlugin:getLocalFile - 无法从本地找到/jlcb/dictionary.jar
14 七月 2026 23:56:32,451 DEBUG main  ResourcePlugin:getLocalFile - 开始从本地获取'/jlcb/resources/para/abs_combo_00000.ini'
14 七月 2026 23:56:32,451 DEBUG main  ResourcePlugin:getLocalFile - 从本地找到'/jlcb/resources/para/abs_combo_00000.ini'
14 七月 2026 23:56:33,051 DEBUG Worker-11  ResourcePlugin:getLocalFile - 开始从本地获取'/jlcb/classes/nxcb/pub/confirmWindow/ConfirmWindow.abf'
14 七月 2026 23:56:33,051 DEBUG Worker-11  ResourcePlugin:getLocalFile - 从本地找到'/jlcb/classes/nxcb/pub/confirmWindow/ConfirmWindow.abf'
14 七月 2026 23:56:33,126 DEBUG Worker-11  ResourcePlugin:getLocalFile - 开始从本地获取'/jlcb/dictionary.jar'
14 七月 2026 23:56:33,126 DEBUG Worker-11  ResourcePlugin:getLocalFile - 无法从本地找到/jlcb/dictionary.jar
14 七月 2026 23:56:36,706 DEBUG main  ResourcePlugin:getLocalFile - 开始从本地获取'/jlcb/classes/nxcb/trx/nx000/DepositMoney/t270600/T270600.abf'
14 七月 2026 23:56:36,706 DEBUG main  ResourcePlugin:getLocalFile - 从本地找到'/jlcb/classes/nxcb/trx/nx000/DepositMoney/t270600/T270600.abf'
14 七月 2026 23:56:36,779 DEBUG main  ResourcePlugin:getLocalFile - 开始从本地获取'/jlcb/dictionary.jar'
14 七月 2026 23:56:36,780 DEBUG main  ResourcePlugin:getLocalFile - 无法从本地找到/jlcb/dictionary.jar
14 七月 2026 23:56:36,911 DEBUG main  ResourcePlugin:getLocalFile - 开始从本地获取'/jlcb/resources/para/abs_combo_00000.ini'
14 七月 2026 23:56:36,911 DEBUG main  ResourcePlugin:getLocalFile - 从本地找到'/jlcb/resources/para/abs_combo_00000.ini'
14 七月 2026 23:56:38,753 DEBUG Worker-8  ResourcePlugin:getLocalFile - 开始从本地获取'/jlcb/classes/nxcb/pub/confirmWindow/ConfirmWindow.abf'
14 七月 2026 23:56:38,753 DEBUG Worker-8  ResourcePlugin:getLocalFile - 从本地找到'/jlcb/classes/nxcb/pub/confirmWindow/ConfirmWindow.abf'
14 七月 2026 23:56:39,114 DEBUG Worker-8  ResourcePlugin:getLocalFile - 开始从本地获取'/jlcb/dictionary.jar'
14 七月 2026 23:56:39,114 DEBUG Worker-8  ResourcePlugin:getLocalFile - 无法从本地找到/jlcb/dictionary.jar
14 七月 2026 23:56:46,341 DEBUG Worker-8  ResourcePlugin:getLocalFile - 开始从本地获取'/jlcb/classes/nxcb/pub/confirmWindow/ConfirmWindow.abf'
14 七月 2026 23:56:46,341 DEBUG Worker-8  ResourcePlugin:getLocalFile - 从本地找到'/jlcb/classes/nxcb/pub/confirmWindow/ConfirmWindow.abf'
14 七月 2026 23:56:46,413 DEBUG Worker-8  ResourcePlugin:getLocalFile - 开始从本地获取'/jlcb/dictionary.jar'
14 七月 2026 23:56:46,413 DEBUG Worker-8  ResourcePlugin:getLocalFile - 无法从本地找到/jlcb/dictionary.jar
14 七月 2026 23:56:55,679 DEBUG Worker-13  ResourcePlugin:getLocalFile - 开始从本地获取'/jlcb/classes/nxcb/lib/axep/pinPanel/PinPanel.abf'
14 七月 2026 23:56:55,679 DEBUG Worker-13  ResourcePlugin:getLocalFile - 从本地找到'/jlcb/classes/nxcb/lib/axep/pinPanel/PinPanel.abf'
14 七月 2026 23:56:55,750 DEBUG Worker-13  ResourcePlugin:getLocalFile - 开始从本地获取'/jlcb/dictionary.jar'
14 七月 2026 23:56:55,750 DEBUG Worker-13  ResourcePlugin:getLocalFile - 无法从本地找到/jlcb/dictionary.jar
15 七月 2026 00:22:14,130 DEBUG main  ResourcePlugin:getLocalFile - 开始从本地获取'/jlcb/classes/nxcb/trx/nx000/DepositMoney/t270900/T270900.abf'
15 七月 2026 00:22:14,130 DEBUG main  ResourcePlugin:getLocalFile - 从本地找到'/jlcb/classes/nxcb/trx/nx000/DepositMoney/t270900/T270900.abf'
15 七月 2026 00:22:14,205 DEBUG main  ResourcePlugin:getLocalFile - 开始从本地获取'/jlcb/dictionary.jar'
15 七月 2026 00:22:14,205 DEBUG main  ResourcePlugin:getLocalFile - 无法从本地找到/jlcb/dictionary.jar
15 七月 2026 00:22:14,286 DEBUG main  ResourcePlugin:getLocalFile - 开始从本地获取'/jlcb/resources/para/abs_combo_00000.ini'
15 七月 2026 00:22:14,286 DEBUG main  ResourcePlugin:getLocalFile - 从本地找到'/jlcb/resources/para/abs_combo_00000.ini'
15 七月 2026 00:22:14,395 DEBUG main  ResourcePlugin:getLocalFile - 开始从本地获取'/jlcb/resources/para/abs_sys_combo.ini'
15 七月 2026 00:22:14,395 DEBUG main  ResourcePlugin:getLocalFile - 从本地找到'/jlcb/resources/para/abs_sys_combo.ini'
15 七月 2026 00:22:22,361 DEBUG main  ResourcePlugin:getLocalFile - 开始从本地获取'/jlcb/classes/nxcb/pub/login/Tellerlogin.abf'
15 七月 2026 00:22:22,361 DEBUG main  ResourcePlugin:getLocalFile - 从本地找到'/jlcb/classes/nxcb/pub/login/Tellerlogin.abf'
15 七月 2026 00:22:22,431 DEBUG main  ResourcePlugin:getLocalFile - 开始从本地获取'/jlcb/dictionary.jar'
15 七月 2026 00:22:22,431 DEBUG main  ResourcePlugin:getLocalFile - 无法从本地找到/jlcb/dictionary.jar
15 七月 2026 00:22:27,201 DEBUG Worker-14  ResourcePlugin:getLocalFile - 开始从本地获取'/jlcb/classes/nxcb/pub/login/Tellerlogin.abf'
15 七月 2026 00:22:27,201 DEBUG Worker-14  ResourcePlugin:getLocalFile - 从本地找到'/jlcb/classes/nxcb/pub/login/Tellerlogin.abf'
15 七月 2026 00:22:27,273 DEBUG Worker-14  ResourcePlugin:getLocalFile - 开始从本地获取'/jlcb/dictionary.jar'
15 七月 2026 00:22:27,273 DEBUG Worker-14  ResourcePlugin:getLocalFile - 无法从本地找到/jlcb/dictionary.jar
15 七月 2026 10:09:54,191 DEBUG Worker-5  ResourcePlugin:getLocalFile - 开始从本地获取'/jlcb/classes/nxcb/pub/login/Tellerlogin.abf'
15 七月 2026 10:09:54,192  WARN Worker-5  ResourcePlugin:getLocalFile - 工程'jlcb'不存在, 程序将自动创建
15 七月 2026 10:09:54,292 DEBUG Worker-5  ResourcePlugin:getLocalFile - 从本地找到'/jlcb/classes/nxcb/pub/login/Tellerlogin.abf'
15 七月 2026 10:09:54,380 DEBUG Worker-5  ResourcePlugin:getLocalFile - 开始从本地获取'/jlcb/.classpath'
15 七月 2026 10:09:54,380 DEBUG Worker-5  ResourcePlugin:getLocalFile - 从本地找到'/jlcb/.classpath'
15 七月 2026 10:09:54,453 DEBUG Worker-5  ResourcePlugin:getLocalFile - 开始从本地获取'/jlcb/dictionary.jar'
15 七月 2026 10:09:54,453 DEBUG Worker-5  ResourcePlugin:getLocalFile - 无法从本地找到/jlcb/dictionary.jar
15 七月 2026 10:10:27,445 DEBUG main  ResourcePlugin:getLocalFile - 开始从本地获取'/jlcb/classes/nxcb/pub/frame/Frame.abf'
15 七月 2026 10:10:27,445 DEBUG main  ResourcePlugin:getLocalFile - 从本地找到'/jlcb/classes/nxcb/pub/frame/Frame.abf'
15 七月 2026 10:10:27,519 DEBUG main  ResourcePlugin:getLocalFile - 开始从本地获取'/jlcb/dictionary.jar'
15 七月 2026 10:10:27,519 DEBUG main  ResourcePlugin:getLocalFile - 无法从本地找到/jlcb/dictionary.jar
15 七月 2026 10:10:27,851 DEBUG main  ResourcePlugin:getLocalFile - 开始从本地获取'/jlcb/resources/image/search.png'
15 七月 2026 10:10:27,851 DEBUG main  ResourcePlugin:getLocalFile - 从本地找到'/jlcb/resources/image/search.png'
15 七月 2026 10:10:28,002 DEBUG main  ResourcePlugin:getLocalFile - 开始从本地获取'/jlcb/resources/image/service.png'
15 七月 2026 10:10:28,002 DEBUG main  ResourcePlugin:getLocalFile - 从本地找到'/jlcb/resources/image/service.png'
15 七月 2026 10:10:28,220 DEBUG main  ResourcePlugin:getLocalFile - 开始从本地获取'/jlcb/resources/image/网上银行.png'
15 七月 2026 10:10:28,220 DEBUG main  ResourcePlugin:getLocalFile - 从本地找到'/jlcb/resources/image/网上银行.png'
15 七月 2026 10:10:28,357 DEBUG main  ResourcePlugin:getLocalFile - 开始从本地获取'/jlcb/resources/image/中间业务.png'
15 七月 2026 10:10:28,357 DEBUG main  ResourcePlugin:getLocalFile - 从本地找到'/jlcb/resources/image/中间业务.png'
15 七月 2026 10:10:28,487 DEBUG main  ResourcePlugin:getLocalFile - 开始从本地获取'/jlcb/resources/image/短信平台.png'
15 七月 2026 10:10:28,487 DEBUG main  ResourcePlugin:getLocalFile - 从本地找到'/jlcb/resources/image/短信平台.png'
15 七月 2026 10:10:28,631 DEBUG main  ResourcePlugin:getLocalFile - 开始从本地获取'/jlcb/resources/image/统一报表平台.png'
15 七月 2026 10:10:28,631 DEBUG main  ResourcePlugin:getLocalFile - 从本地找到'/jlcb/resources/image/统一报表平台.png'
15 七月 2026 10:10:28,774 DEBUG main  ResourcePlugin:getLocalFile - 开始从本地获取'/jlcb/resources/image/反洗钱系统.png'
15 七月 2026 10:10:28,775 DEBUG main  ResourcePlugin:getLocalFile - 从本地找到'/jlcb/resources/image/反洗钱系统.png'
15 七月 2026 10:10:28,906 DEBUG main  ResourcePlugin:getLocalFile - 开始从本地获取'/jlcb/resources/image/信贷系统.png'
15 七月 2026 10:10:28,907 DEBUG main  ResourcePlugin:getLocalFile - 从本地找到'/jlcb/resources/image/信贷系统.png'
15 七月 2026 10:10:29,047 DEBUG main  ResourcePlugin:getLocalFile - 开始从本地获取'/jlcb/resources/image/差错平台.png'
15 七月 2026 10:10:29,047 DEBUG main  ResourcePlugin:getLocalFile - 从本地找到'/jlcb/resources/image/差错平台.png'
15 七月 2026 10:10:29,188 DEBUG main  ResourcePlugin:getLocalFile - 开始从本地获取'/jlcb/resources/image/综合业务系统.png'
15 七月 2026 10:10:29,188 DEBUG main  ResourcePlugin:getLocalFile - 从本地找到'/jlcb/resources/image/综合业务系统.png'
15 七月 2026 10:10:29,330 DEBUG main  ResourcePlugin:getLocalFile - 开始从本地获取'/jlcb/resources/image/理财平台.png'
15 七月 2026 10:10:29,330 DEBUG main  ResourcePlugin:getLocalFile - 从本地找到'/jlcb/resources/image/理财平台.png'
15 七月 2026 10:10:29,470 DEBUG main  ResourcePlugin:getLocalFile - 开始从本地获取'/jlcb/resources/image/事后监督.png'
15 七月 2026 10:10:29,470 DEBUG main  ResourcePlugin:getLocalFile - 从本地找到'/jlcb/resources/image/事后监督.png'
15 七月 2026 10:10:29,613 DEBUG main  ResourcePlugin:getLocalFile - 开始从本地获取'/jlcb/resources/image/财务管理.png'
15 七月 2026 10:10:29,613 DEBUG main  ResourcePlugin:getLocalFile - 从本地找到'/jlcb/resources/image/财务管理.png'
15 七月 2026 10:10:29,753 DEBUG main  ResourcePlugin:getLocalFile - 开始从本地获取'/jlcb/resources/image/积分管理.png'
15 七月 2026 10:10:29,753 DEBUG main  ResourcePlugin:getLocalFile - 从本地找到'/jlcb/resources/image/积分管理.png'
15 七月 2026 10:10:29,897 DEBUG main  ResourcePlugin:getLocalFile - 开始从本地获取'/jlcb/resources/image/现金管理.png'
15 七月 2026 10:10:29,898 DEBUG main  ResourcePlugin:getLocalFile - 从本地找到'/jlcb/resources/image/现金管理.png'
15 七月 2026 10:10:30,042 DEBUG main  ResourcePlugin:getLocalFile - 开始从本地获取'/jlcb/resources/image/大额存单系统.png'
15 七月 2026 10:10:30,043 DEBUG main  ResourcePlugin:getLocalFile - 从本地找到'/jlcb/resources/image/大额存单系统.png'
15 七月 2026 10:10:30,178 DEBUG main  ResourcePlugin:getLocalFile - 开始从本地获取'/jlcb/resources/image/电子验印.png'
15 七月 2026 10:10:30,178 DEBUG main  ResourcePlugin:getLocalFile - 从本地找到'/jlcb/resources/image/电子验印.png'
15 七月 2026 10:10:30,319 DEBUG main  ResourcePlugin:getLocalFile - 开始从本地获取'/jlcb/resources/image/国结系统.png'
15 七月 2026 10:10:30,320 DEBUG main  ResourcePlugin:getLocalFile - 从本地找到'/jlcb/resources/image/国结系统.png'
15 七月 2026 10:10:31,729 DEBUG main  ResourcePlugin:getLocalFile - 开始从本地获取'/jlcb/resources/image/noMsg.png'
15 七月 2026 10:10:31,729 DEBUG main  ResourcePlugin:getLocalFile - 从本地找到'/jlcb/resources/image/noMsg.png'
15 七月 2026 10:11:49,154 DEBUG main  ResourcePlugin:getLocalFile - 开始从本地获取'/jlcb/classes/nxcb/trx/nx000/DepositMoney/t274040/T274040.abf'
15 七月 2026 10:11:49,154 DEBUG main  ResourcePlugin:getLocalFile - 从本地找到'/jlcb/classes/nxcb/trx/nx000/DepositMoney/t274040/T274040.abf'
15 七月 2026 10:11:49,231 DEBUG main  ResourcePlugin:getLocalFile - 开始从本地获取'/jlcb/dictionary.jar'
15 七月 2026 10:11:49,231 DEBUG main  ResourcePlugin:getLocalFile - 无法从本地找到/jlcb/dictionary.jar
15 七月 2026 10:11:49,415 DEBUG main  ResourcePlugin:getLocalFile - 开始从本地获取'/jlcb/resources/para/abs_combo_00000.ini'
15 七月 2026 10:11:49,416 DEBUG main  ResourcePlugin:getLocalFile - 从本地找到'/jlcb/resources/para/abs_combo_00000.ini'
15 七月 2026 14:49:46,867 DEBUG Worker-5  ResourcePlugin:getLocalFile - 开始从本地获取'/jlcb/classes/nxcb/pub/login/Tellerlogin.abf'
15 七月 2026 14:49:46,867  WARN Worker-5  ResourcePlugin:getLocalFile - 工程'jlcb'不存在, 程序将自动创建
15 七月 2026 14:49:46,957 DEBUG Worker-5  ResourcePlugin:getLocalFile - 从本地找到'/jlcb/classes/nxcb/pub/login/Tellerlogin.abf'
15 七月 2026 14:49:47,037 DEBUG Worker-5  ResourcePlugin:getLocalFile - 开始从本地获取'/jlcb/.classpath'
15 七月 2026 14:49:47,037 DEBUG Worker-5  ResourcePlugin:getLocalFile - 从本地找到'/jlcb/.classpath'
15 七月 2026 14:49:47,114 DEBUG Worker-5  ResourcePlugin:getLocalFile - 开始从本地获取'/jlcb/dictionary.jar'
15 七月 2026 14:49:47,114 DEBUG Worker-5  ResourcePlugin:getLocalFile - 无法从本地找到/jlcb/dictionary.jar
15 七月 2026 14:50:04,955 DEBUG main  ResourcePlugin:getLocalFile - 开始从本地获取'/jlcb/classes/nxcb/pub/frame/Frame.abf'
15 七月 2026 14:50:04,956 DEBUG main  ResourcePlugin:getLocalFile - 从本地找到'/jlcb/classes/nxcb/pub/frame/Frame.abf'
15 七月 2026 14:50:05,031 DEBUG main  ResourcePlugin:getLocalFile - 开始从本地获取'/jlcb/dictionary.jar'
15 七月 2026 14:50:05,031 DEBUG main  ResourcePlugin:getLocalFile - 无法从本地找到/jlcb/dictionary.jar
15 七月 2026 14:50:05,253 DEBUG main  ResourcePlugin:getLocalFile - 开始从本地获取'/jlcb/resources/image/search.png'
15 七月 2026 14:50:05,253 DEBUG main  ResourcePlugin:getLocalFile - 从本地找到'/jlcb/resources/image/search.png'
15 七月 2026 14:50:05,415 DEBUG main  ResourcePlugin:getLocalFile - 开始从本地获取'/jlcb/resources/image/service.png'
15 七月 2026 14:50:05,415 DEBUG main  ResourcePlugin:getLocalFile - 从本地找到'/jlcb/resources/image/service.png'
15 七月 2026 14:50:05,690 DEBUG main  ResourcePlugin:getLocalFile - 开始从本地获取'/jlcb/resources/image/网上银行.png'
15 七月 2026 14:50:05,690 DEBUG main  ResourcePlugin:getLocalFile - 从本地找到'/jlcb/resources/image/网上银行.png'
15 七月 2026 14:50:05,841 DEBUG main  ResourcePlugin:getLocalFile - 开始从本地获取'/jlcb/resources/image/中间业务.png'
15 七月 2026 14:50:05,842 DEBUG main  ResourcePlugin:getLocalFile - 从本地找到'/jlcb/resources/image/中间业务.png'
15 七月 2026 14:50:05,993 DEBUG main  ResourcePlugin:getLocalFile - 开始从本地获取'/jlcb/resources/image/短信平台.png'
15 七月 2026 14:50:05,994 DEBUG main  ResourcePlugin:getLocalFile - 从本地找到'/jlcb/resources/image/短信平台.png'
15 七月 2026 14:50:06,138 DEBUG main  ResourcePlugin:getLocalFile - 开始从本地获取'/jlcb/resources/image/统一报表平台.png'
15 七月 2026 14:50:06,138 DEBUG main  ResourcePlugin:getLocalFile - 从本地找到'/jlcb/resources/image/统一报表平台.png'
15 七月 2026 14:50:06,291 DEBUG main  ResourcePlugin:getLocalFile - 开始从本地获取'/jlcb/resources/image/反洗钱系统.png'
15 七月 2026 14:50:06,292 DEBUG main  ResourcePlugin:getLocalFile - 从本地找到'/jlcb/resources/image/反洗钱系统.png'
15 七月 2026 14:50:06,443 DEBUG main  ResourcePlugin:getLocalFile - 开始从本地获取'/jlcb/resources/image/信贷系统.png'
15 七月 2026 14:50:06,443 DEBUG main  ResourcePlugin:getLocalFile - 从本地找到'/jlcb/resources/image/信贷系统.png'
15 七月 2026 14:50:06,592 DEBUG main  ResourcePlugin:getLocalFile - 开始从本地获取'/jlcb/resources/image/差错平台.png'
15 七月 2026 14:50:06,592 DEBUG main  ResourcePlugin:getLocalFile - 从本地找到'/jlcb/resources/image/差错平台.png'
15 七月 2026 14:50:06,743 DEBUG main  ResourcePlugin:getLocalFile - 开始从本地获取'/jlcb/resources/image/综合业务系统.png'
15 七月 2026 14:50:06,743 DEBUG main  ResourcePlugin:getLocalFile - 从本地找到'/jlcb/resources/image/综合业务系统.png'
15 七月 2026 14:50:06,898 DEBUG main  ResourcePlugin:getLocalFile - 开始从本地获取'/jlcb/resources/image/理财平台.png'
15 七月 2026 14:50:06,898 DEBUG main  ResourcePlugin:getLocalFile - 从本地找到'/jlcb/resources/image/理财平台.png'
15 七月 2026 14:50:07,046 DEBUG main  ResourcePlugin:getLocalFile - 开始从本地获取'/jlcb/resources/image/事后监督.png'
15 七月 2026 14:50:07,046 DEBUG main  ResourcePlugin:getLocalFile - 从本地找到'/jlcb/resources/image/事后监督.png'
15 七月 2026 14:50:07,206 DEBUG main  ResourcePlugin:getLocalFile - 开始从本地获取'/jlcb/resources/image/财务管理.png'
15 七月 2026 14:50:07,208 DEBUG main  ResourcePlugin:getLocalFile - 从本地找到'/jlcb/resources/image/财务管理.png'
15 七月 2026 14:50:07,354 DEBUG main  ResourcePlugin:getLocalFile - 开始从本地获取'/jlcb/resources/image/积分管理.png'
15 七月 2026 14:50:07,354 DEBUG main  ResourcePlugin:getLocalFile - 从本地找到'/jlcb/resources/image/积分管理.png'
15 七月 2026 14:50:07,518 DEBUG main  ResourcePlugin:getLocalFile - 开始从本地获取'/jlcb/resources/image/现金管理.png'
15 七月 2026 14:50:07,518 DEBUG main  ResourcePlugin:getLocalFile - 从本地找到'/jlcb/resources/image/现金管理.png'
15 七月 2026 14:50:08,067 DEBUG main  ResourcePlugin:getLocalFile - 开始从本地获取'/jlcb/resources/image/大额存单系统.png'
15 七月 2026 14:50:08,067 DEBUG main  ResourcePlugin:getLocalFile - 从本地找到'/jlcb/resources/image/大额存单系统.png'
15 七月 2026 14:50:08,216 DEBUG main  ResourcePlugin:getLocalFile - 开始从本地获取'/jlcb/resources/image/电子验印.png'
15 七月 2026 14:50:08,216 DEBUG main  ResourcePlugin:getLocalFile - 从本地找到'/jlcb/resources/image/电子验印.png'
15 七月 2026 14:50:08,373 DEBUG main  ResourcePlugin:getLocalFile - 开始从本地获取'/jlcb/resources/image/国结系统.png'
15 七月 2026 14:50:08,373 DEBUG main  ResourcePlugin:getLocalFile - 从本地找到'/jlcb/resources/image/国结系统.png'
15 七月 2026 14:50:09,188 DEBUG main  ResourcePlugin:getLocalFile - 开始从本地获取'/jlcb/resources/image/noMsg.png'
15 七月 2026 14:50:09,188 DEBUG main  ResourcePlugin:getLocalFile - 从本地找到'/jlcb/resources/image/noMsg.png'
15 七月 2026 14:51:26,786 DEBUG main  ResourcePlugin:getLocalFile - 开始从本地获取'/jlcb/classes/nxcb/trx/nx000/t832003/T832003.abf'
15 七月 2026 14:51:26,786 DEBUG main  ResourcePlugin:getLocalFile - 从本地找到'/jlcb/classes/nxcb/trx/nx000/t832003/T832003.abf'
15 七月 2026 14:51:26,868 DEBUG main  ResourcePlugin:getLocalFile - 开始从本地获取'/jlcb/dictionary.jar'
15 七月 2026 14:51:26,868 DEBUG main  ResourcePlugin:getLocalFile - 无法从本地找到/jlcb/dictionary.jar
15 七月 2026 14:51:49,271 DEBUG main  ResourcePlugin:getLocalFile - 开始从本地获取'/jlcb/classes/nxcb/pub/login/Tellerlogin.abf'
15 七月 2026 14:51:49,272 DEBUG main  ResourcePlugin:getLocalFile - 从本地找到'/jlcb/classes/nxcb/pub/login/Tellerlogin.abf'
15 七月 2026 14:51:49,645 DEBUG main  ResourcePlugin:getLocalFile - 开始从本地获取'/jlcb/dictionary.jar'
15 七月 2026 14:51:49,645 DEBUG main  ResourcePlugin:getLocalFile - 无法从本地找到/jlcb/dictionary.jar
15 七月 2026 14:52:07,026 DEBUG Worker-4  ResourcePlugin:getLocalFile - 开始从本地获取'/jlcb/classes/nxcb/pub/login/Tellerlogin.abf'
15 七月 2026 14:52:07,026 DEBUG Worker-4  ResourcePlugin:getLocalFile - 从本地找到'/jlcb/classes/nxcb/pub/login/Tellerlogin.abf'
15 七月 2026 14:52:07,114 DEBUG Worker-4  ResourcePlugin:getLocalFile - 开始从本地获取'/jlcb/dictionary.jar'
15 七月 2026 14:52:07,114 DEBUG Worker-4  ResourcePlugin:getLocalFile - 无法从本地找到/jlcb/dictionary.jar
15 七月 2026 14:52:13,725 DEBUG Worker-1  ResourcePlugin:getLocalFile - 开始从本地获取'/jlcb/classes/nxcb/pub/login/Tellerlogin.abf'
15 七月 2026 14:52:13,726  WARN Worker-1  ResourcePlugin:getLocalFile - 工程'jlcb'不存在, 程序将自动创建
15 七月 2026 14:52:13,799 DEBUG Worker-1  ResourcePlugin:getLocalFile - 从本地找到'/jlcb/classes/nxcb/pub/login/Tellerlogin.abf'
15 七月 2026 14:52:13,878 DEBUG Worker-1  ResourcePlugin:getLocalFile - 开始从本地获取'/jlcb/.classpath'
15 七月 2026 14:52:13,879 DEBUG Worker-1  ResourcePlugin:getLocalFile - 从本地找到'/jlcb/.classpath'
15 七月 2026 14:52:13,955 DEBUG Worker-1  ResourcePlugin:getLocalFile - 开始从本地获取'/jlcb/dictionary.jar'
15 七月 2026 14:52:13,955 DEBUG Worker-1  ResourcePlugin:getLocalFile - 无法从本地找到/jlcb/dictionary.jar
15 七月 2026 14:52:26,139 DEBUG main  ResourcePlugin:getLocalFile - 开始从本地获取'/jlcb/classes/nxcb/pub/frame/Frame.abf'
15 七月 2026 14:52:26,140 DEBUG main  ResourcePlugin:getLocalFile - 从本地找到'/jlcb/classes/nxcb/pub/frame/Frame.abf'
15 七月 2026 14:52:26,218 DEBUG main  ResourcePlugin:getLocalFile - 开始从本地获取'/jlcb/dictionary.jar'
15 七月 2026 14:52:26,218 DEBUG main  ResourcePlugin:getLocalFile - 无法从本地找到/jlcb/dictionary.jar
15 七月 2026 14:52:26,556 DEBUG main  ResourcePlugin:getLocalFile - 开始从本地获取'/jlcb/resources/image/search.png'
15 七月 2026 14:52:26,557 DEBUG main  ResourcePlugin:getLocalFile - 从本地找到'/jlcb/resources/image/search.png'
15 七月 2026 14:52:26,711 DEBUG main  ResourcePlugin:getLocalFile - 开始从本地获取'/jlcb/resources/image/service.png'
15 七月 2026 14:52:26,711 DEBUG main  ResourcePlugin:getLocalFile - 从本地找到'/jlcb/resources/image/service.png'
15 七月 2026 14:52:26,955 DEBUG main  ResourcePlugin:getLocalFile - 开始从本地获取'/jlcb/resources/image/网上银行.png'
15 七月 2026 14:52:26,955 DEBUG main  ResourcePlugin:getLocalFile - 从本地找到'/jlcb/resources/image/网上银行.png'
15 七月 2026 14:52:27,098 DEBUG main  ResourcePlugin:getLocalFile - 开始从本地获取'/jlcb/resources/image/中间业务.png'
15 七月 2026 14:52:27,099 DEBUG main  ResourcePlugin:getLocalFile - 从本地找到'/jlcb/resources/image/中间业务.png'
15 七月 2026 14:52:27,248 DEBUG main  ResourcePlugin:getLocalFile - 开始从本地获取'/jlcb/resources/image/短信平台.png'
15 七月 2026 14:52:27,248 DEBUG main  ResourcePlugin:getLocalFile - 从本地找到'/jlcb/resources/image/短信平台.png'
15 七月 2026 14:52:27,399 DEBUG main  ResourcePlugin:getLocalFile - 开始从本地获取'/jlcb/resources/image/统一报表平台.png'
15 七月 2026 14:52:27,399 DEBUG main  ResourcePlugin:getLocalFile - 从本地找到'/jlcb/resources/image/统一报表平台.png'
15 七月 2026 14:52:27,555 DEBUG main  ResourcePlugin:getLocalFile - 开始从本地获取'/jlcb/resources/image/反洗钱系统.png'
15 七月 2026 14:52:27,555 DEBUG main  ResourcePlugin:getLocalFile - 从本地找到'/jlcb/resources/image/反洗钱系统.png'
15 七月 2026 14:52:27,694 DEBUG main  ResourcePlugin:getLocalFile - 开始从本地获取'/jlcb/resources/image/信贷系统.png'
15 七月 2026 14:52:27,694 DEBUG main  ResourcePlugin:getLocalFile - 从本地找到'/jlcb/resources/image/信贷系统.png'
15 七月 2026 14:52:27,848 DEBUG main  ResourcePlugin:getLocalFile - 开始从本地获取'/jlcb/resources/image/差错平台.png'
15 七月 2026 14:52:27,849 DEBUG main  ResourcePlugin:getLocalFile - 从本地找到'/jlcb/resources/image/差错平台.png'
15 七月 2026 14:52:28,750 DEBUG main  ResourcePlugin:getLocalFile - 开始从本地获取'/jlcb/resources/image/综合业务系统.png'
15 七月 2026 14:52:28,750 DEBUG main  ResourcePlugin:getLocalFile - 从本地找到'/jlcb/resources/image/综合业务系统.png'
15 七月 2026 14:52:28,902 DEBUG main  ResourcePlugin:getLocalFile - 开始从本地获取'/jlcb/resources/image/理财平台.png'
15 七月 2026 14:52:28,902 DEBUG main  ResourcePlugin:getLocalFile - 从本地找到'/jlcb/resources/image/理财平台.png'
15 七月 2026 14:52:29,333 DEBUG main  ResourcePlugin:getLocalFile - 开始从本地获取'/jlcb/resources/image/事后监督.png'
15 七月 2026 14:52:29,333 DEBUG main  ResourcePlugin:getLocalFile - 从本地找到'/jlcb/resources/image/事后监督.png'
15 七月 2026 14:52:29,624 DEBUG main  ResourcePlugin:getLocalFile - 开始从本地获取'/jlcb/resources/image/财务管理.png'
15 七月 2026 14:52:29,624 DEBUG main  ResourcePlugin:getLocalFile - 从本地找到'/jlcb/resources/image/财务管理.png'
15 七月 2026 14:52:30,048 DEBUG main  ResourcePlugin:getLocalFile - 开始从本地获取'/jlcb/resources/image/积分管理.png'
15 七月 2026 14:52:30,048 DEBUG main  ResourcePlugin:getLocalFile - 从本地找到'/jlcb/resources/image/积分管理.png'
15 七月 2026 14:52:30,260 DEBUG main  ResourcePlugin:getLocalFile - 开始从本地获取'/jlcb/resources/image/现金管理.png'
15 七月 2026 14:52:30,261 DEBUG main  ResourcePlugin:getLocalFile - 从本地找到'/jlcb/resources/image/现金管理.png'
15 七月 2026 14:52:30,412 DEBUG main  ResourcePlugin:getLocalFile - 开始从本地获取'/jlcb/resources/image/大额存单系统.png'
15 七月 2026 14:52:30,412 DEBUG main  ResourcePlugin:getLocalFile - 从本地找到'/jlcb/resources/image/大额存单系统.png'
15 七月 2026 14:52:30,557 DEBUG main  ResourcePlugin:getLocalFile - 开始从本地获取'/jlcb/resources/image/电子验印.png'
15 七月 2026 14:52:30,558 DEBUG main  ResourcePlugin:getLocalFile - 从本地找到'/jlcb/resources/image/电子验印.png'
15 七月 2026 14:52:30,702 DEBUG main  ResourcePlugin:getLocalFile - 开始从本地获取'/jlcb/resources/image/国结系统.png'
15 七月 2026 14:52:30,703 DEBUG main  ResourcePlugin:getLocalFile - 从本地找到'/jlcb/resources/image/国结系统.png'
15 七月 2026 14:52:33,313 DEBUG main  ResourcePlugin:getLocalFile - 开始从本地获取'/jlcb/resources/image/noMsg.png'
15 七月 2026 14:52:33,313 DEBUG main  ResourcePlugin:getLocalFile - 从本地找到'/jlcb/resources/image/noMsg.png'
15 七月 2026 14:53:53,164 DEBUG main  ResourcePlugin:getLocalFile - 开始从本地获取'/jlcb/classes/nxcb/trx/nx000/t180101/T180101.abf'
15 七月 2026 14:53:53,164 DEBUG main  ResourcePlugin:getLocalFile - 从本地找到'/jlcb/classes/nxcb/trx/nx000/t180101/T180101.abf'
15 七月 2026 14:53:53,253 DEBUG main  ResourcePlugin:getLocalFile - 开始从本地获取'/jlcb/dictionary.jar'
15 七月 2026 14:53:53,253 DEBUG main  ResourcePlugin:getLocalFile - 无法从本地找到/jlcb/dictionary.jar
15 七月 2026 14:53:53,465 DEBUG main  ResourcePlugin:getLocalFile - 开始从本地获取'/jlcb/resources/para/abs_combo_00000.ini'
15 七月 2026 14:53:53,465 DEBUG main  ResourcePlugin:getLocalFile - 从本地找到'/jlcb/resources/para/abs_combo_00000.ini'
15 七月 2026 14:53:53,640 DEBUG main  ResourcePlugin:getLocalFile - 开始从本地获取'/jlcb/resources/para/abs_sys_combo.ini'
15 七月 2026 14:53:53,640 DEBUG main  ResourcePlugin:getLocalFile - 从本地找到'/jlcb/resources/para/abs_sys_combo.ini'
16 七月 2026 09:11:56,946 DEBUG Worker-1  ResourcePlugin:getLocalFile - 开始从本地获取'/jlcb/classes/nxcb/pub/login/Tellerlogin.abf'
16 七月 2026 09:11:56,946  WARN Worker-1  ResourcePlugin:getLocalFile - 工程'jlcb'不存在, 程序将自动创建
16 七月 2026 09:11:57,061 DEBUG Worker-1  ResourcePlugin:getLocalFile - 从本地找到'/jlcb/classes/nxcb/pub/login/Tellerlogin.abf'
16 七月 2026 09:11:57,178 DEBUG Worker-1  ResourcePlugin:getLocalFile - 开始从本地获取'/jlcb/.classpath'
16 七月 2026 09:11:57,178 DEBUG Worker-1  ResourcePlugin:getLocalFile - 从本地找到'/jlcb/.classpath'
16 七月 2026 09:11:57,275 DEBUG Worker-1  ResourcePlugin:getLocalFile - 开始从本地获取'/jlcb/dictionary.jar'
16 七月 2026 09:11:57,275 DEBUG Worker-1  ResourcePlugin:getLocalFile - 无法从本地找到/jlcb/dictionary.jar
16 七月 2026 09:12:31,255 DEBUG main  ResourcePlugin:getLocalFile - 开始从本地获取'/jlcb/classes/nxcb/pub/frame/Frame.abf'
16 七月 2026 09:12:31,255 DEBUG main  ResourcePlugin:getLocalFile - 从本地找到'/jlcb/classes/nxcb/pub/frame/Frame.abf'
16 七月 2026 09:12:31,342 DEBUG main  ResourcePlugin:getLocalFile - 开始从本地获取'/jlcb/dictionary.jar'
16 七月 2026 09:12:31,342 DEBUG main  ResourcePlugin:getLocalFile - 无法从本地找到/jlcb/dictionary.jar
16 七月 2026 09:12:31,666 DEBUG main  ResourcePlugin:getLocalFile - 开始从本地获取'/jlcb/resources/image/search.png'
16 七月 2026 09:12:31,666 DEBUG main  ResourcePlugin:getLocalFile - 从本地找到'/jlcb/resources/image/search.png'
16 七月 2026 09:12:31,843 DEBUG main  ResourcePlugin:getLocalFile - 开始从本地获取'/jlcb/resources/image/service.png'
16 七月 2026 09:12:31,844 DEBUG main  ResourcePlugin:getLocalFile - 从本地找到'/jlcb/resources/image/service.png'
16 七月 2026 09:12:32,069 DEBUG main  ResourcePlugin:getLocalFile - 开始从本地获取'/jlcb/resources/image/网上银行.png'
16 七月 2026 09:12:32,069 DEBUG main  ResourcePlugin:getLocalFile - 从本地找到'/jlcb/resources/image/网上银行.png'
16 七月 2026 09:12:32,224 DEBUG main  ResourcePlugin:getLocalFile - 开始从本地获取'/jlcb/resources/image/中间业务.png'
16 七月 2026 09:12:32,224 DEBUG main  ResourcePlugin:getLocalFile - 从本地找到'/jlcb/resources/image/中间业务.png'
16 七月 2026 09:12:32,380 DEBUG main  ResourcePlugin:getLocalFile - 开始从本地获取'/jlcb/resources/image/短信平台.png'
16 七月 2026 09:12:32,380 DEBUG main  ResourcePlugin:getLocalFile - 从本地找到'/jlcb/resources/image/短信平台.png'
16 七月 2026 09:12:32,538 DEBUG main  ResourcePlugin:getLocalFile - 开始从本地获取'/jlcb/resources/image/统一报表平台.png'
16 七月 2026 09:12:32,538 DEBUG main  ResourcePlugin:getLocalFile - 从本地找到'/jlcb/resources/image/统一报表平台.png'
16 七月 2026 09:12:32,695 DEBUG main  ResourcePlugin:getLocalFile - 开始从本地获取'/jlcb/resources/image/反洗钱系统.png'
16 七月 2026 09:12:32,696 DEBUG main  ResourcePlugin:getLocalFile - 从本地找到'/jlcb/resources/image/反洗钱系统.png'
16 七月 2026 09:12:32,849 DEBUG main  ResourcePlugin:getLocalFile - 开始从本地获取'/jlcb/resources/image/信贷系统.png'
16 七月 2026 09:12:32,849 DEBUG main  ResourcePlugin:getLocalFile - 从本地找到'/jlcb/resources/image/信贷系统.png'
16 七月 2026 09:12:33,002 DEBUG main  ResourcePlugin:getLocalFile - 开始从本地获取'/jlcb/resources/image/差错平台.png'
16 七月 2026 09:12:33,002 DEBUG main  ResourcePlugin:getLocalFile - 从本地找到'/jlcb/resources/image/差错平台.png'
16 七月 2026 09:12:33,148 DEBUG main  ResourcePlugin:getLocalFile - 开始从本地获取'/jlcb/resources/image/综合业务系统.png'
16 七月 2026 09:12:33,148 DEBUG main  ResourcePlugin:getLocalFile - 从本地找到'/jlcb/resources/image/综合业务系统.png'
16 七月 2026 09:12:33,299 DEBUG main  ResourcePlugin:getLocalFile - 开始从本地获取'/jlcb/resources/image/理财平台.png'
16 七月 2026 09:12:33,299 DEBUG main  ResourcePlugin:getLocalFile - 从本地找到'/jlcb/resources/image/理财平台.png'
16 七月 2026 09:12:33,444 DEBUG main  ResourcePlugin:getLocalFile - 开始从本地获取'/jlcb/resources/image/事后监督.png'
16 七月 2026 09:12:33,445 DEBUG main  ResourcePlugin:getLocalFile - 从本地找到'/jlcb/resources/image/事后监督.png'
16 七月 2026 09:12:33,580 DEBUG main  ResourcePlugin:getLocalFile - 开始从本地获取'/jlcb/resources/image/财务管理.png'
16 七月 2026 09:12:33,580 DEBUG main  ResourcePlugin:getLocalFile - 从本地找到'/jlcb/resources/image/财务管理.png'
16 七月 2026 09:12:33,729 DEBUG main  ResourcePlugin:getLocalFile - 开始从本地获取'/jlcb/resources/image/积分管理.png'
16 七月 2026 09:12:33,730 DEBUG main  ResourcePlugin:getLocalFile - 从本地找到'/jlcb/resources/image/积分管理.png'
16 七月 2026 09:12:33,865 DEBUG main  ResourcePlugin:getLocalFile - 开始从本地获取'/jlcb/resources/image/现金管理.png'
16 七月 2026 09:12:33,866 DEBUG main  ResourcePlugin:getLocalFile - 从本地找到'/jlcb/resources/image/现金管理.png'
16 七月 2026 09:12:34,020 DEBUG main  ResourcePlugin:getLocalFile - 开始从本地获取'/jlcb/resources/image/大额存单系统.png'
16 七月 2026 09:12:34,020 DEBUG main  ResourcePlugin:getLocalFile - 从本地找到'/jlcb/resources/image/大额存单系统.png'
16 七月 2026 09:12:34,168 DEBUG main  ResourcePlugin:getLocalFile - 开始从本地获取'/jlcb/resources/image/电子验印.png'
16 七月 2026 09:12:34,168 DEBUG main  ResourcePlugin:getLocalFile - 从本地找到'/jlcb/resources/image/电子验印.png'
16 七月 2026 09:12:34,319 DEBUG main  ResourcePlugin:getLocalFile - 开始从本地获取'/jlcb/resources/image/国结系统.png'
16 七月 2026 09:12:34,319 DEBUG main  ResourcePlugin:getLocalFile - 从本地找到'/jlcb/resources/image/国结系统.png'
16 七月 2026 09:12:35,155 DEBUG main  ResourcePlugin:getLocalFile - 开始从本地获取'/jlcb/resources/image/noMsg.png'
16 七月 2026 09:12:35,155 DEBUG main  ResourcePlugin:getLocalFile - 从本地找到'/jlcb/resources/image/noMsg.png'
16 七月 2026 09:12:40,307 DEBUG main  ResourcePlugin:getLocalFile - 开始从本地获取'/jlcb/classes/nxcb/trx/nx000/t832003/T832003.abf'
16 七月 2026 09:12:40,307 DEBUG main  ResourcePlugin:getLocalFile - 从本地找到'/jlcb/classes/nxcb/trx/nx000/t832003/T832003.abf'
16 七月 2026 09:12:40,392 DEBUG main  ResourcePlugin:getLocalFile - 开始从本地获取'/jlcb/dictionary.jar'
16 七月 2026 09:12:40,392 DEBUG main  ResourcePlugin:getLocalFile - 无法从本地找到/jlcb/dictionary.jar
16 七月 2026 09:12:52,753 DEBUG main  ResourcePlugin:getLocalFile - 开始从本地获取'/jlcb/classes/nxcb/pub/login/Tellerlogin.abf'
16 七月 2026 09:12:52,753 DEBUG main  ResourcePlugin:getLocalFile - 从本地找到'/jlcb/classes/nxcb/pub/login/Tellerlogin.abf'
16 七月 2026 09:12:52,824 DEBUG main  ResourcePlugin:getLocalFile - 开始从本地获取'/jlcb/dictionary.jar'
16 七月 2026 09:12:52,824 DEBUG main  ResourcePlugin:getLocalFile - 无法从本地找到/jlcb/dictionary.jar
16 七月 2026 09:13:54,569 DEBUG main  ResourcePlugin:getLocalFile - 开始从本地获取'/jlcb/classes/nxcb/pub/frame/Frame.abf'
16 七月 2026 09:13:54,569 DEBUG main  ResourcePlugin:getLocalFile - 从本地找到'/jlcb/classes/nxcb/pub/frame/Frame.abf'
16 七月 2026 09:13:54,643 DEBUG main  ResourcePlugin:getLocalFile - 开始从本地获取'/jlcb/dictionary.jar'
16 七月 2026 09:13:54,643 DEBUG main  ResourcePlugin:getLocalFile - 无法从本地找到/jlcb/dictionary.jar
16 七月 2026 09:13:54,759 DEBUG main  ResourcePlugin:getLocalFile - 开始从本地获取'/jlcb/resources/image/search.png'
16 七月 2026 09:13:54,759 DEBUG main  ResourcePlugin:getLocalFile - 从本地找到'/jlcb/resources/image/search.png'
16 七月 2026 09:13:54,830 DEBUG main  ResourcePlugin:getLocalFile - 开始从本地获取'/jlcb/resources/image/service.png'
16 七月 2026 09:13:54,830 DEBUG main  ResourcePlugin:getLocalFile - 从本地找到'/jlcb/resources/image/service.png'
16 七月 2026 09:13:54,953 DEBUG main  ResourcePlugin:getLocalFile - 开始从本地获取'/jlcb/resources/image/网上银行.png'
16 七月 2026 09:13:54,953 DEBUG main  ResourcePlugin:getLocalFile - 从本地找到'/jlcb/resources/image/网上银行.png'
16 七月 2026 09:13:55,030 DEBUG main  ResourcePlugin:getLocalFile - 开始从本地获取'/jlcb/resources/image/中间业务.png'
16 七月 2026 09:13:55,030 DEBUG main  ResourcePlugin:getLocalFile - 从本地找到'/jlcb/resources/image/中间业务.png'
16 七月 2026 09:13:55,103 DEBUG main  ResourcePlugin:getLocalFile - 开始从本地获取'/jlcb/resources/image/短信平台.png'
16 七月 2026 09:13:55,103 DEBUG main  ResourcePlugin:getLocalFile - 从本地找到'/jlcb/resources/image/短信平台.png'
16 七月 2026 09:13:55,179 DEBUG main  ResourcePlugin:getLocalFile - 开始从本地获取'/jlcb/resources/image/统一报表平台.png'
16 七月 2026 09:13:55,179 DEBUG main  ResourcePlugin:getLocalFile - 从本地找到'/jlcb/resources/image/统一报表平台.png'
16 七月 2026 09:13:55,253 DEBUG main  ResourcePlugin:getLocalFile - 开始从本地获取'/jlcb/resources/image/反洗钱系统.png'
16 七月 2026 09:13:55,253 DEBUG main  ResourcePlugin:getLocalFile - 从本地找到'/jlcb/resources/image/反洗钱系统.png'
16 七月 2026 09:13:55,330 DEBUG main  ResourcePlugin:getLocalFile - 开始从本地获取'/jlcb/resources/image/信贷系统.png'
16 七月 2026 09:13:55,330 DEBUG main  ResourcePlugin:getLocalFile - 从本地找到'/jlcb/resources/image/信贷系统.png'
16 七月 2026 09:13:55,403 DEBUG main  ResourcePlugin:getLocalFile - 开始从本地获取'/jlcb/resources/image/差错平台.png'
16 七月 2026 09:13:55,403 DEBUG main  ResourcePlugin:getLocalFile - 从本地找到'/jlcb/resources/image/差错平台.png'
16 七月 2026 09:13:55,480 DEBUG main  ResourcePlugin:getLocalFile - 开始从本地获取'/jlcb/resources/image/综合业务系统.png'
16 七月 2026 09:13:55,480 DEBUG main  ResourcePlugin:getLocalFile - 从本地找到'/jlcb/resources/image/综合业务系统.png'
16 七月 2026 09:13:55,551 DEBUG main  ResourcePlugin:getLocalFile - 开始从本地获取'/jlcb/resources/image/理财平台.png'
16 七月 2026 09:13:55,551 DEBUG main  ResourcePlugin:getLocalFile - 从本地找到'/jlcb/resources/image/理财平台.png'
16 七月 2026 09:13:55,629 DEBUG main  ResourcePlugin:getLocalFile - 开始从本地获取'/jlcb/resources/image/事后监督.png'
16 七月 2026 09:13:55,631 DEBUG main  ResourcePlugin:getLocalFile - 从本地找到'/jlcb/resources/image/事后监督.png'
16 七月 2026 09:13:55,704 DEBUG main  ResourcePlugin:getLocalFile - 开始从本地获取'/jlcb/resources/image/财务管理.png'
16 七月 2026 09:13:55,704 DEBUG main  ResourcePlugin:getLocalFile - 从本地找到'/jlcb/resources/image/财务管理.png'
16 七月 2026 09:13:55,790 DEBUG main  ResourcePlugin:getLocalFile - 开始从本地获取'/jlcb/resources/image/积分管理.png'
16 七月 2026 09:13:55,790 DEBUG main  ResourcePlugin:getLocalFile - 从本地找到'/jlcb/resources/image/积分管理.png'
16 七月 2026 09:13:55,868 DEBUG main  ResourcePlugin:getLocalFile - 开始从本地获取'/jlcb/resources/image/现金管理.png'
16 七月 2026 09:13:55,870 DEBUG main  ResourcePlugin:getLocalFile - 从本地找到'/jlcb/resources/image/现金管理.png'
16 七月 2026 09:13:55,943 DEBUG main  ResourcePlugin:getLocalFile - 开始从本地获取'/jlcb/resources/image/大额存单系统.png'
16 七月 2026 09:13:55,943 DEBUG main  ResourcePlugin:getLocalFile - 从本地找到'/jlcb/resources/image/大额存单系统.png'
16 七月 2026 09:13:56,018 DEBUG main  ResourcePlugin:getLocalFile - 开始从本地获取'/jlcb/resources/image/电子验印.png'
16 七月 2026 09:13:56,018 DEBUG main  ResourcePlugin:getLocalFile - 从本地找到'/jlcb/resources/image/电子验印.png'
16 七月 2026 09:13:56,092 DEBUG main  ResourcePlugin:getLocalFile - 开始从本地获取'/jlcb/resources/image/国结系统.png'
16 七月 2026 09:13:56,092 DEBUG main  ResourcePlugin:getLocalFile - 从本地找到'/jlcb/resources/image/国结系统.png'
16 七月 2026 09:13:57,626 DEBUG main  ResourcePlugin:getLocalFile - 开始从本地获取'/jlcb/resources/image/noMsg.png'
16 七月 2026 09:13:57,626 DEBUG main  ResourcePlugin:getLocalFile - 从本地找到'/jlcb/resources/image/noMsg.png'
16 七月 2026 09:14:05,165 DEBUG main  ResourcePlugin:getLocalFile - 开始从本地获取'/jlcb/classes/nxcb/trx/nx000/t180101/T180101.abf'
16 七月 2026 09:14:05,165 DEBUG main  ResourcePlugin:getLocalFile - 从本地找到'/jlcb/classes/nxcb/trx/nx000/t180101/T180101.abf'
16 七月 2026 09:14:05,252 DEBUG main  ResourcePlugin:getLocalFile - 开始从本地获取'/jlcb/dictionary.jar'
16 七月 2026 09:14:05,252 DEBUG main  ResourcePlugin:getLocalFile - 无法从本地找到/jlcb/dictionary.jar
16 七月 2026 09:14:05,441 DEBUG main  ResourcePlugin:getLocalFile - 开始从本地获取'/jlcb/resources/para/abs_combo_00000.ini'
16 七月 2026 09:14:05,441 DEBUG main  ResourcePlugin:getLocalFile - 从本地找到'/jlcb/resources/para/abs_combo_00000.ini'
16 七月 2026 09:14:05,608 DEBUG main  ResourcePlugin:getLocalFile - 开始从本地获取'/jlcb/resources/para/abs_sys_combo.ini'
16 七月 2026 09:14:05,608 DEBUG main  ResourcePlugin:getLocalFile - 从本地找到'/jlcb/resources/para/abs_sys_combo.ini'
16 七月 2026 09:14:24,716 DEBUG main  ResourcePlugin:getLocalFile - 开始从本地获取'/jlcb/classes/nxcb/trx/nx000/DepositMoney/t270900/T270900.abf'
16 七月 2026 09:14:24,716 DEBUG main  ResourcePlugin:getLocalFile - 从本地找到'/jlcb/classes/nxcb/trx/nx000/DepositMoney/t270900/T270900.abf'
16 七月 2026 09:14:24,805 DEBUG main  ResourcePlugin:getLocalFile - 开始从本地获取'/jlcb/dictionary.jar'
16 七月 2026 09:14:24,805 DEBUG main  ResourcePlugin:getLocalFile - 无法从本地找到/jlcb/dictionary.jar
16 七月 2026 09:14:24,987 DEBUG main  ResourcePlugin:getLocalFile - 开始从本地获取'/jlcb/resources/para/abs_combo_00000.ini'
16 七月 2026 09:14:24,987 DEBUG main  ResourcePlugin:getLocalFile - 从本地找到'/jlcb/resources/para/abs_combo_00000.ini'
16 七月 2026 09:14:25,166 DEBUG main  ResourcePlugin:getLocalFile - 开始从本地获取'/jlcb/resources/para/abs_sys_combo.ini'
16 七月 2026 09:14:25,166 DEBUG main  ResourcePlugin:getLocalFile - 从本地找到'/jlcb/resources/para/abs_sys_combo.ini'
16 七月 2026 11:15:45,643 DEBUG main  ResourcePlugin:getLocalFile - 开始从本地获取'/jlcb/classes/nxcb/pub/login/Tellerlogin.abf'
16 七月 2026 11:15:45,644 DEBUG main  ResourcePlugin:getLocalFile - 从本地找到'/jlcb/classes/nxcb/pub/login/Tellerlogin.abf'
16 七月 2026 11:15:45,732 DEBUG main  ResourcePlugin:getLocalFile - 开始从本地获取'/jlcb/dictionary.jar'
16 七月 2026 11:15:45,732 DEBUG main  ResourcePlugin:getLocalFile - 无法从本地找到/jlcb/dictionary.jar
16 七月 2026 16:26:17,235 DEBUG Worker-1  ResourcePlugin:getLocalFile - 开始从本地获取'/jlcb/classes/nxcb/pub/login/Tellerlogin.abf'
16 七月 2026 16:26:17,236 DEBUG Worker-1  ResourcePlugin:getLocalFile - 从本地找到'/jlcb/classes/nxcb/pub/login/Tellerlogin.abf'
16 七月 2026 16:26:17,237 ERROR Worker-1  ResourceClient:getResourceStamp - 获取资源stamp失败
java.io.IOException: 0006 接入服务器被拒绝．可能的原因：
1. 终端名设置错误　
2. 使用了错误的ip地址
	at cn.com.agree.ab.communication.CellUnit.exchangeMap(CellUnit.java:243)
	at cn.com.agree.ab.resource.client.ResourceClient.getResourceStamp(ResourceClient.java:94)
	at cn.com.agree.ab.resource.ResourcePlugin.updateFile(ResourcePlugin.java:973)
	at cn.com.agree.ab.resource.ResourcePlugin.getResourceFile(ResourcePlugin.java:652)
	at cn.com.agree.ab.resource.ResourcePlugin.getResourceStream(ResourcePlugin.java:661)
	at cn.com.agree.ab.gui.DomainDelegator.getTradeXml(DomainDelegator.java:646)
	at cn.com.agree.ab.exterior.ExteriorView.createDomain(ExteriorView.java:548)
	at cn.com.agree.ab.exterior.ExteriorView$6.run(ExteriorView.java:485)
	at org.eclipse.core.internal.jobs.Worker.run(Worker.java:55)
16 七月 2026 16:26:17,241 DEBUG Worker-1  ResourcePlugin:getLocalFile - 开始从本地获取'/jlcb/dictionary.jar'
16 七月 2026 16:26:17,242 DEBUG Worker-1  ResourcePlugin:getLocalFile - 无法从本地找到/jlcb/dictionary.jar
16 七月 2026 16:26:17,242 ERROR Worker-1  ResourceClient:getResourceStamp - 获取资源stamp失败
java.io.IOException: 0006 接入服务器被拒绝．可能的原因：
1. 终端名设置错误　
2. 使用了错误的ip地址
	at cn.com.agree.ab.communication.CellUnit.exchangeMap(CellUnit.java:243)
	at cn.com.agree.ab.resource.client.ResourceClient.getResourceStamp(ResourceClient.java:94)
	at cn.com.agree.ab.resource.ResourcePlugin.updateFile(ResourcePlugin.java:973)
	at cn.com.agree.ab.resource.ResourcePlugin.getResourceFile(ResourcePlugin.java:652)
	at cn.com.agree.ab.resource.dictionary.DictionaryManager.update(DictionaryManager.java:107)
	at cn.com.agree.ab.exterior.ExteriorView.createDomain(ExteriorView.java:576)
	at cn.com.agree.ab.exterior.ExteriorView$6.run(ExteriorView.java:485)
	at org.eclipse.core.internal.jobs.Worker.run(Worker.java:55)
16 七月 2026 16:26:25,887 DEBUG Worker-5  ResourcePlugin:getLocalFile - 开始从本地获取'/jlcb/classes/nxcb/pub/login/Tellerlogin.abf'
16 七月 2026 16:26:25,888  WARN Worker-5  ResourcePlugin:getLocalFile - 工程'jlcb'不存在, 程序将自动创建
16 七月 2026 16:26:25,983 DEBUG Worker-5  ResourcePlugin:getLocalFile - 从本地找到'/jlcb/classes/nxcb/pub/login/Tellerlogin.abf'
16 七月 2026 16:26:26,064 DEBUG Worker-5  ResourcePlugin:getLocalFile - 开始从本地获取'/jlcb/.classpath'
16 七月 2026 16:26:26,064 DEBUG Worker-5  ResourcePlugin:getLocalFile - 从本地找到'/jlcb/.classpath'
16 七月 2026 16:26:26,149 DEBUG Worker-5  ResourcePlugin:getLocalFile - 开始从本地获取'/jlcb/dictionary.jar'
16 七月 2026 16:26:26,150 DEBUG Worker-5  ResourcePlugin:getLocalFile - 无法从本地找到/jlcb/dictionary.jar
16 七月 2026 16:26:41,367 DEBUG main  ResourcePlugin:getLocalFile - 开始从本地获取'/jlcb/classes/nxcb/pub/frame/Frame.abf'
16 七月 2026 16:26:41,367 DEBUG main  ResourcePlugin:getLocalFile - 从本地找到'/jlcb/classes/nxcb/pub/frame/Frame.abf'
16 七月 2026 16:26:41,456 DEBUG main  ResourcePlugin:getLocalFile - 开始从本地获取'/jlcb/dictionary.jar'
16 七月 2026 16:26:41,456 DEBUG main  ResourcePlugin:getLocalFile - 无法从本地找到/jlcb/dictionary.jar
16 七月 2026 16:26:41,841 DEBUG main  ResourcePlugin:getLocalFile - 开始从本地获取'/jlcb/resources/image/search.png'
16 七月 2026 16:26:41,841 DEBUG main  ResourcePlugin:getLocalFile - 从本地找到'/jlcb/resources/image/search.png'
16 七月 2026 16:26:42,012 DEBUG main  ResourcePlugin:getLocalFile - 开始从本地获取'/jlcb/resources/image/service.png'
16 七月 2026 16:26:42,012 DEBUG main  ResourcePlugin:getLocalFile - 从本地找到'/jlcb/resources/image/service.png'
16 七月 2026 16:26:42,361 DEBUG main  ResourcePlugin:getLocalFile - 开始从本地获取'/jlcb/resources/image/网上银行.png'
16 七月 2026 16:26:42,361 DEBUG main  ResourcePlugin:getLocalFile - 从本地找到'/jlcb/resources/image/网上银行.png'
16 七月 2026 16:26:42,519 DEBUG main  ResourcePlugin:getLocalFile - 开始从本地获取'/jlcb/resources/image/中间业务.png'
16 七月 2026 16:26:42,522 DEBUG main  ResourcePlugin:getLocalFile - 从本地找到'/jlcb/resources/image/中间业务.png'
16 七月 2026 16:26:42,682 DEBUG main  ResourcePlugin:getLocalFile - 开始从本地获取'/jlcb/resources/image/短信平台.png'
16 七月 2026 16:26:42,682 DEBUG main  ResourcePlugin:getLocalFile - 从本地找到'/jlcb/resources/image/短信平台.png'
16 七月 2026 16:26:42,839 DEBUG main  ResourcePlugin:getLocalFile - 开始从本地获取'/jlcb/resources/image/统一报表平台.png'
16 七月 2026 16:26:42,839 DEBUG main  ResourcePlugin:getLocalFile - 从本地找到'/jlcb/resources/image/统一报表平台.png'
16 七月 2026 16:26:42,991 DEBUG main  ResourcePlugin:getLocalFile - 开始从本地获取'/jlcb/resources/image/反洗钱系统.png'
16 七月 2026 16:26:42,991 DEBUG main  ResourcePlugin:getLocalFile - 从本地找到'/jlcb/resources/image/反洗钱系统.png'
16 七月 2026 16:26:43,150 DEBUG main  ResourcePlugin:getLocalFile - 开始从本地获取'/jlcb/resources/image/信贷系统.png'
16 七月 2026 16:26:43,150 DEBUG main  ResourcePlugin:getLocalFile - 从本地找到'/jlcb/resources/image/信贷系统.png'
16 七月 2026 16:26:43,310 DEBUG main  ResourcePlugin:getLocalFile - 开始从本地获取'/jlcb/resources/image/差错平台.png'
16 七月 2026 16:26:43,311 DEBUG main  ResourcePlugin:getLocalFile - 从本地找到'/jlcb/resources/image/差错平台.png'
16 七月 2026 16:26:43,469 DEBUG main  ResourcePlugin:getLocalFile - 开始从本地获取'/jlcb/resources/image/综合业务系统.png'
16 七月 2026 16:26:43,469 DEBUG main  ResourcePlugin:getLocalFile - 从本地找到'/jlcb/resources/image/综合业务系统.png'
16 七月 2026 16:26:43,638 DEBUG main  ResourcePlugin:getLocalFile - 开始从本地获取'/jlcb/resources/image/理财平台.png'
16 七月 2026 16:26:43,638 DEBUG main  ResourcePlugin:getLocalFile - 从本地找到'/jlcb/resources/image/理财平台.png'
16 七月 2026 16:26:43,810 DEBUG main  ResourcePlugin:getLocalFile - 开始从本地获取'/jlcb/resources/image/事后监督.png'
16 七月 2026 16:26:43,811 DEBUG main  ResourcePlugin:getLocalFile - 从本地找到'/jlcb/resources/image/事后监督.png'
16 七月 2026 16:26:43,962 DEBUG main  ResourcePlugin:getLocalFile - 开始从本地获取'/jlcb/resources/image/财务管理.png'
16 七月 2026 16:26:43,963 DEBUG main  ResourcePlugin:getLocalFile - 从本地找到'/jlcb/resources/image/财务管理.png'
16 七月 2026 16:26:44,118 DEBUG main  ResourcePlugin:getLocalFile - 开始从本地获取'/jlcb/resources/image/积分管理.png'
16 七月 2026 16:26:44,118 DEBUG main  ResourcePlugin:getLocalFile - 从本地找到'/jlcb/resources/image/积分管理.png'
16 七月 2026 16:26:44,275 DEBUG main  ResourcePlugin:getLocalFile - 开始从本地获取'/jlcb/resources/image/现金管理.png'
16 七月 2026 16:26:44,276 DEBUG main  ResourcePlugin:getLocalFile - 从本地找到'/jlcb/resources/image/现金管理.png'
16 七月 2026 16:26:44,439 DEBUG main  ResourcePlugin:getLocalFile - 开始从本地获取'/jlcb/resources/image/大额存单系统.png'
16 七月 2026 16:26:44,439 DEBUG main  ResourcePlugin:getLocalFile - 从本地找到'/jlcb/resources/image/大额存单系统.png'
16 七月 2026 16:26:44,601 DEBUG main  ResourcePlugin:getLocalFile - 开始从本地获取'/jlcb/resources/image/电子验印.png'
16 七月 2026 16:26:44,602 DEBUG main  ResourcePlugin:getLocalFile - 从本地找到'/jlcb/resources/image/电子验印.png'
16 七月 2026 16:26:44,763 DEBUG main  ResourcePlugin:getLocalFile - 开始从本地获取'/jlcb/resources/image/国结系统.png'
16 七月 2026 16:26:44,763 DEBUG main  ResourcePlugin:getLocalFile - 从本地找到'/jlcb/resources/image/国结系统.png'
16 七月 2026 16:26:46,407 DEBUG main  ResourcePlugin:getLocalFile - 开始从本地获取'/jlcb/resources/image/noMsg.png'
16 七月 2026 16:26:46,408 DEBUG main  ResourcePlugin:getLocalFile - 从本地找到'/jlcb/resources/image/noMsg.png'
16 七月 2026 16:26:57,102 DEBUG main  ResourcePlugin:getLocalFile - 开始从本地获取'/jlcb/classes/nxcb/trx/nx000/t243010/T243010.abf'
16 七月 2026 16:26:57,102 DEBUG main  ResourcePlugin:getLocalFile - 从本地找到'/jlcb/classes/nxcb/trx/nx000/t243010/T243010.abf'
16 七月 2026 16:26:57,176 DEBUG main  ResourcePlugin:getLocalFile - 开始从本地获取'/jlcb/dictionary.jar'
16 七月 2026 16:26:57,177 DEBUG main  ResourcePlugin:getLocalFile - 无法从本地找到/jlcb/dictionary.jar
16 七月 2026 16:26:57,360 DEBUG main  ResourcePlugin:getLocalFile - 开始从本地获取'/jlcb/resources/para/abs_combo_00000.ini'
16 七月 2026 16:26:57,360 DEBUG main  ResourcePlugin:getLocalFile - 从本地找到'/jlcb/resources/para/abs_combo_00000.ini'
16 七月 2026 16:27:32,979 DEBUG main  ResourcePlugin:getLocalFile - 开始从本地获取'/jlcb/classes/nxcb/trx/nx000/bankcard/t860613/T860613.abf'
16 七月 2026 16:27:32,979 DEBUG main  ResourcePlugin:getLocalFile - 无法从本地找到/jlcb/classes/nxcb/trx/nx000/bankcard/t860613/T860613.abf
16 七月 2026 16:27:33,506 DEBUG main  ResourcePlugin:downloadFile - 成功下载资源:/jlcb/classes/nxcb/trx/nx000/bankcard/t860613/T860613.abf
16 七月 2026 16:27:33,520 DEBUG main  ResourcePlugin:getLocalFile - 开始从本地获取'/jlcb/dictionary.jar'
16 七月 2026 16:27:33,520 DEBUG main  ResourcePlugin:getLocalFile - 无法从本地找到/jlcb/dictionary.jar
16 七月 2026 16:27:33,688 DEBUG main  ResourcePlugin:getLocalFile - 开始从本地获取'/jlcb/resources/para/abs_combo_00000.ini'
16 七月 2026 16:27:33,688 DEBUG main  ResourcePlugin:getLocalFile - 从本地找到'/jlcb/resources/para/abs_combo_00000.ini'
16 七月 2026 16:27:33,852 DEBUG main  ResourcePlugin:getLocalFile - 开始从本地获取'/jlcb/resources/para/abs_sys_combo.ini'
16 七月 2026 16:27:33,852 DEBUG main  ResourcePlugin:getLocalFile - 从本地找到'/jlcb/resources/para/abs_sys_combo.ini'
16 七月 2026 16:27:47,422 DEBUG main  ResourcePlugin:getLocalFile - 开始从本地获取'/jlcb/classes/nxcb/trx/nx000/bankcard/t120015/T120015.abf'
16 七月 2026 16:27:47,422 DEBUG main  ResourcePlugin:getLocalFile - 无法从本地找到/jlcb/classes/nxcb/trx/nx000/bankcard/t120015/T120015.abf
16 七月 2026 16:27:48,039 DEBUG main  ResourcePlugin:downloadFile - 成功下载资源:/jlcb/classes/nxcb/trx/nx000/bankcard/t120015/T120015.abf
16 七月 2026 16:27:48,050 DEBUG main  ResourcePlugin:getLocalFile - 开始从本地获取'/jlcb/dictionary.jar'
16 七月 2026 16:27:48,050 DEBUG main  ResourcePlugin:getLocalFile - 无法从本地找到/jlcb/dictionary.jar
16 七月 2026 16:27:48,203 DEBUG main  ResourcePlugin:getLocalFile - 开始从本地获取'/jlcb/resources/para/abs_combo_00000.ini'
16 七月 2026 16:27:48,203 DEBUG main  ResourcePlugin:getLocalFile - 从本地找到'/jlcb/resources/para/abs_combo_00000.ini'
16 七月 2026 16:29:08,453 DEBUG Worker-1  ResourcePlugin:getLocalFile - 开始从本地获取'/jlcb/classes/nxcb/pub/confirmWindow/ConfirmWindow.abf'
16 七月 2026 16:29:08,453 DEBUG Worker-1  ResourcePlugin:getLocalFile - 从本地找到'/jlcb/classes/nxcb/pub/confirmWindow/ConfirmWindow.abf'
16 七月 2026 16:29:08,537 DEBUG Worker-1  ResourcePlugin:getLocalFile - 开始从本地获取'/jlcb/dictionary.jar'
16 七月 2026 16:29:08,537 DEBUG Worker-1  ResourcePlugin:getLocalFile - 无法从本地找到/jlcb/dictionary.jar
16 七月 2026 16:29:19,522 DEBUG Worker-1  ResourcePlugin:getLocalFile - 开始从本地获取'/jlcb/classes/nxcb/pub/confirmWindow/ConfirmWindow.abf'
16 七月 2026 16:29:19,522 DEBUG Worker-1  ResourcePlugin:getLocalFile - 从本地找到'/jlcb/classes/nxcb/pub/confirmWindow/ConfirmWindow.abf'
16 七月 2026 16:29:19,596 DEBUG Worker-1  ResourcePlugin:getLocalFile - 开始从本地获取'/jlcb/dictionary.jar'
16 七月 2026 16:29:19,596 DEBUG Worker-1  ResourcePlugin:getLocalFile - 无法从本地找到/jlcb/dictionary.jar
16 七月 2026 16:29:36,358 DEBUG Worker-0  ResourcePlugin:getLocalFile - 开始从本地获取'/jlcb/classes/nxcb/pub/confirmWindow/ConfirmWindow.abf'
16 七月 2026 16:29:36,359 DEBUG Worker-0  ResourcePlugin:getLocalFile - 从本地找到'/jlcb/classes/nxcb/pub/confirmWindow/ConfirmWindow.abf'
16 七月 2026 16:29:36,423 DEBUG Worker-0  ResourcePlugin:getLocalFile - 开始从本地获取'/jlcb/dictionary.jar'
16 七月 2026 16:29:36,424 DEBUG Worker-0  ResourcePlugin:getLocalFile - 无法从本地找到/jlcb/dictionary.jar
16 七月 2026 16:29:42,406 DEBUG Worker-5  ResourcePlugin:getLocalFile - 开始从本地获取'/jlcb/classes/nxcb/pub/confirmWindow/ConfirmWindow.abf'
16 七月 2026 16:29:42,406 DEBUG Worker-5  ResourcePlugin:getLocalFile - 从本地找到'/jlcb/classes/nxcb/pub/confirmWindow/ConfirmWindow.abf'
16 七月 2026 16:29:42,480 DEBUG Worker-5  ResourcePlugin:getLocalFile - 开始从本地获取'/jlcb/dictionary.jar'
16 七月 2026 16:29:42,480 DEBUG Worker-5  ResourcePlugin:getLocalFile - 无法从本地找到/jlcb/dictionary.jar
16 七月 2026 16:29:45,186 DEBUG Worker-2  ResourcePlugin:getLocalFile - 开始从本地获取'/jlcb/classes/nxcb/lib/axep/cardPanel/CardPanel.abf'
16 七月 2026 16:29:45,186 DEBUG Worker-2  ResourcePlugin:getLocalFile - 无法从本地找到/jlcb/classes/nxcb/lib/axep/cardPanel/CardPanel.abf
16 七月 2026 16:29:45,395 DEBUG Worker-2  ResourcePlugin:downloadFile - 成功下载资源:/jlcb/classes/nxcb/lib/axep/cardPanel/CardPanel.abf
16 七月 2026 16:29:45,409 DEBUG Worker-2  ResourcePlugin:getLocalFile - 开始从本地获取'/jlcb/dictionary.jar'
16 七月 2026 16:29:45,409 DEBUG Worker-2  ResourcePlugin:getLocalFile - 无法从本地找到/jlcb/dictionary.jar
16 七月 2026 16:29:51,250 DEBUG Worker-0  ResourcePlugin:getLocalFile - 开始从本地获取'/jlcb/classes/nxcb/pub/confirmWindow/ConfirmWindow.abf'
16 七月 2026 16:29:51,250 DEBUG Worker-0  ResourcePlugin:getLocalFile - 从本地找到'/jlcb/classes/nxcb/pub/confirmWindow/ConfirmWindow.abf'
16 七月 2026 16:29:51,315 DEBUG Worker-0  ResourcePlugin:getLocalFile - 开始从本地获取'/jlcb/dictionary.jar'
16 七月 2026 16:29:51,315 DEBUG Worker-0  ResourcePlugin:getLocalFile - 无法从本地找到/jlcb/dictionary.jar
16 七月 2026 16:29:55,207 DEBUG Worker-1  ResourcePlugin:getLocalFile - 开始从本地获取'/jlcb/classes/nxcb/pub/confirmWindow/ConfirmWindow.abf'
16 七月 2026 16:29:55,207 DEBUG Worker-1  ResourcePlugin:getLocalFile - 从本地找到'/jlcb/classes/nxcb/pub/confirmWindow/ConfirmWindow.abf'
16 七月 2026 16:29:55,281 DEBUG Worker-1  ResourcePlugin:getLocalFile - 开始从本地获取'/jlcb/dictionary.jar'
16 七月 2026 16:29:55,282 DEBUG Worker-1  ResourcePlugin:getLocalFile - 无法从本地找到/jlcb/dictionary.jar
16 七月 2026 16:29:59,596 DEBUG Worker-2  ResourcePlugin:getLocalFile - 开始从本地获取'/jlcb/classes/nxcb/pub/confirmWindow/ConfirmWindow.abf'
16 七月 2026 16:29:59,596 DEBUG Worker-2  ResourcePlugin:getLocalFile - 从本地找到'/jlcb/classes/nxcb/pub/confirmWindow/ConfirmWindow.abf'
16 七月 2026 16:29:59,665 DEBUG Worker-2  ResourcePlugin:getLocalFile - 开始从本地获取'/jlcb/dictionary.jar'
16 七月 2026 16:29:59,665 DEBUG Worker-2  ResourcePlugin:getLocalFile - 无法从本地找到/jlcb/dictionary.jar
16 七月 2026 16:30:04,226 DEBUG Worker-3  ResourcePlugin:getLocalFile - 开始从本地获取'/jlcb/classes/nxcb/pub/confirmWindow/ConfirmWindow.abf'
16 七月 2026 16:30:04,227 DEBUG Worker-3  ResourcePlugin:getLocalFile - 从本地找到'/jlcb/classes/nxcb/pub/confirmWindow/ConfirmWindow.abf'
16 七月 2026 16:30:04,291 DEBUG Worker-3  ResourcePlugin:getLocalFile - 开始从本地获取'/jlcb/dictionary.jar'
16 七月 2026 16:30:04,291 DEBUG Worker-3  ResourcePlugin:getLocalFile - 无法从本地找到/jlcb/dictionary.jar
16 七月 2026 16:30:11,002 DEBUG Worker-2  ResourcePlugin:getLocalFile - 开始从本地获取'/jlcb/classes/nxcb/pub/confirmWindow/ConfirmWindow.abf'
16 七月 2026 16:30:11,002 DEBUG Worker-2  ResourcePlugin:getLocalFile - 从本地找到'/jlcb/classes/nxcb/pub/confirmWindow/ConfirmWindow.abf'
16 七月 2026 16:30:11,075 DEBUG Worker-2  ResourcePlugin:getLocalFile - 开始从本地获取'/jlcb/dictionary.jar'
16 七月 2026 16:30:11,075 DEBUG Worker-2  ResourcePlugin:getLocalFile - 无法从本地找到/jlcb/dictionary.jar
16 七月 2026 16:30:16,918 DEBUG Worker-1  ResourcePlugin:getLocalFile - 开始从本地获取'/jlcb/classes/nxcb/pub/confirmWindow/ConfirmWindow.abf'
16 七月 2026 16:30:16,918 DEBUG Worker-1  ResourcePlugin:getLocalFile - 从本地找到'/jlcb/classes/nxcb/pub/confirmWindow/ConfirmWindow.abf'
16 七月 2026 16:30:16,982 DEBUG Worker-1  ResourcePlugin:getLocalFile - 开始从本地获取'/jlcb/dictionary.jar'
16 七月 2026 16:30:16,982 DEBUG Worker-1  ResourcePlugin:getLocalFile - 无法从本地找到/jlcb/dictionary.jar
16 七月 2026 16:30:21,178 DEBUG Worker-0  ResourcePlugin:getLocalFile - 开始从本地获取'/jlcb/classes/nxcb/pub/confirmWindow/ConfirmWindow.abf'
16 七月 2026 16:30:21,179 DEBUG Worker-0  ResourcePlugin:getLocalFile - 从本地找到'/jlcb/classes/nxcb/pub/confirmWindow/ConfirmWindow.abf'
16 七月 2026 16:30:21,242 DEBUG Worker-0  ResourcePlugin:getLocalFile - 开始从本地获取'/jlcb/dictionary.jar'
16 七月 2026 16:30:21,242 DEBUG Worker-0  ResourcePlugin:getLocalFile - 无法从本地找到/jlcb/dictionary.jar
16 七月 2026 16:30:35,976 DEBUG Worker-2  ResourcePlugin:getLocalFile - 开始从本地获取'/jlcb/classes/nxcb/lib/axep/pinPanel/PinPanel.abf'
16 七月 2026 16:30:35,976 DEBUG Worker-2  ResourcePlugin:getLocalFile - 从本地找到'/jlcb/classes/nxcb/lib/axep/pinPanel/PinPanel.abf'
16 七月 2026 16:30:36,052 DEBUG Worker-2  ResourcePlugin:getLocalFile - 开始从本地获取'/jlcb/dictionary.jar'
16 七月 2026 16:30:36,052 DEBUG Worker-2  ResourcePlugin:getLocalFile - 无法从本地找到/jlcb/dictionary.jar
16 七月 2026 16:30:41,003 DEBUG Worker-2  ResourcePlugin:getLocalFile - 开始从本地获取'/jlcb/classes/nxcb/lib/axep/pinPanel/PinPanel.abf'
16 七月 2026 16:30:41,003 DEBUG Worker-2  ResourcePlugin:getLocalFile - 从本地找到'/jlcb/classes/nxcb/lib/axep/pinPanel/PinPanel.abf'
16 七月 2026 16:30:41,064 DEBUG Worker-2  ResourcePlugin:getLocalFile - 开始从本地获取'/jlcb/dictionary.jar'
16 七月 2026 16:30:41,064 DEBUG Worker-2  ResourcePlugin:getLocalFile - 无法从本地找到/jlcb/dictionary.jar
16 七月 2026 16:31:19,914 DEBUG Worker-0  ResourcePlugin:getLocalFile - 开始从本地获取'/jlcb/classes/nxcb/trx/nx000/DepositMoney/t910221/T910221.abf'
16 七月 2026 16:31:19,914 DEBUG Worker-0  ResourcePlugin:getLocalFile - 无法从本地找到/jlcb/classes/nxcb/trx/nx000/DepositMoney/t910221/T910221.abf
16 七月 2026 16:31:20,575 DEBUG Worker-0  ResourcePlugin:downloadFile - 成功下载资源:/jlcb/classes/nxcb/trx/nx000/DepositMoney/t910221/T910221.abf
16 七月 2026 16:31:20,585 DEBUG Worker-0  ResourcePlugin:getLocalFile - 开始从本地获取'/jlcb/dictionary.jar'
16 七月 2026 16:31:20,586 DEBUG Worker-0  ResourcePlugin:getLocalFile - 无法从本地找到/jlcb/dictionary.jar
16 七月 2026 16:31:20,741 DEBUG main  ResourcePlugin:getLocalFile - 开始从本地获取'/jlcb/resources/para/abs_combo_00000.ini'
16 七月 2026 16:31:20,741 DEBUG main  ResourcePlugin:getLocalFile - 从本地找到'/jlcb/resources/para/abs_combo_00000.ini'
16 七月 2026 16:31:23,147 DEBUG Worker-1  ResourcePlugin:getLocalFile - 开始从本地获取'/jlcb/classes/nxcb/trx/nx000/t360102/T360102.abf'
16 七月 2026 16:31:23,147 DEBUG Worker-1  ResourcePlugin:getLocalFile - 从本地找到'/jlcb/classes/nxcb/trx/nx000/t360102/T360102.abf'
16 七月 2026 16:31:23,232 DEBUG Worker-1  ResourcePlugin:getLocalFile - 开始从本地获取'/jlcb/dictionary.jar'
16 七月 2026 16:31:23,232 DEBUG Worker-1  ResourcePlugin:getLocalFile - 无法从本地找到/jlcb/dictionary.jar
16 七月 2026 16:31:23,407 DEBUG main  ResourcePlugin:getLocalFile - 开始从本地获取'/jlcb/resources/para/abs_combo_00000.ini'
16 七月 2026 16:31:23,407 DEBUG main  ResourcePlugin:getLocalFile - 从本地找到'/jlcb/resources/para/abs_combo_00000.ini'
16 七月 2026 16:32:18,080 DEBUG main  ResourcePlugin:getLocalFile - 开始从本地获取'/jlcb/classes/nxcb/trx/nx000/bankcard/t860613/T860613.abf'
16 七月 2026 16:32:18,081 DEBUG main  ResourcePlugin:getLocalFile - 从本地找到'/jlcb/classes/nxcb/trx/nx000/bankcard/t860613/T860613.abf'
16 七月 2026 16:32:18,145 DEBUG main  ResourcePlugin:getLocalFile - 开始从本地获取'/jlcb/dictionary.jar'
16 七月 2026 16:32:18,145 DEBUG main  ResourcePlugin:getLocalFile - 无法从本地找到/jlcb/dictionary.jar
16 七月 2026 16:32:18,234 DEBUG main  ResourcePlugin:getLocalFile - 开始从本地获取'/jlcb/resources/para/abs_combo_00000.ini'
16 七月 2026 16:32:18,235 DEBUG main  ResourcePlugin:getLocalFile - 从本地找到'/jlcb/resources/para/abs_combo_00000.ini'
16 七月 2026 16:32:18,314 DEBUG main  ResourcePlugin:getLocalFile - 开始从本地获取'/jlcb/resources/para/abs_sys_combo.ini'
16 七月 2026 16:32:18,314 DEBUG main  ResourcePlugin:getLocalFile - 从本地找到'/jlcb/resources/para/abs_sys_combo.ini'
16 七月 2026 16:32:36,121 DEBUG main  ResourcePlugin:getLocalFile - 开始从本地获取'/jlcb/classes/nxcb/trx/nx000/DepositMoney/t275270/T275270.abf'
16 七月 2026 16:32:36,121 DEBUG main  ResourcePlugin:getLocalFile - 从本地找到'/jlcb/classes/nxcb/trx/nx000/DepositMoney/t275270/T275270.abf'
16 七月 2026 16:32:36,575 DEBUG main  ResourcePlugin:getLocalFile - 开始从本地获取'/jlcb/dictionary.jar'
16 七月 2026 16:32:36,575 DEBUG main  ResourcePlugin:getLocalFile - 无法从本地找到/jlcb/dictionary.jar
16 七月 2026 16:32:36,733 DEBUG main  ResourcePlugin:getLocalFile - 开始从本地获取'/jlcb/resources/para/abs_combo_00000.ini'
16 七月 2026 16:32:36,734 DEBUG main  ResourcePlugin:getLocalFile - 从本地找到'/jlcb/resources/para/abs_combo_00000.ini'
16 七月 2026 16:32:37,909 DEBUG Worker-6  ResourcePlugin:getLocalFile - 开始从本地获取'/jlcb/classes/nxcb/pub/confirmWindow/ConfirmWindow.abf'
16 七月 2026 16:32:37,909 DEBUG Worker-6  ResourcePlugin:getLocalFile - 从本地找到'/jlcb/classes/nxcb/pub/confirmWindow/ConfirmWindow.abf'
16 七月 2026 16:32:37,982 DEBUG Worker-6  ResourcePlugin:getLocalFile - 开始从本地获取'/jlcb/dictionary.jar'
16 七月 2026 16:32:37,982 DEBUG Worker-6  ResourcePlugin:getLocalFile - 无法从本地找到/jlcb/dictionary.jar
16 七月 2026 16:32:44,945 DEBUG Worker-5  ResourcePlugin:getLocalFile - 开始从本地获取'/jlcb/classes/nxcb/lib/auth/auth/Auth.abf'
16 七月 2026 16:32:44,945 DEBUG Worker-5  ResourcePlugin:getLocalFile - 从本地找到'/jlcb/classes/nxcb/lib/auth/auth/Auth.abf'
16 七月 2026 16:32:45,020 DEBUG Worker-5  ResourcePlugin:getLocalFile - 开始从本地获取'/jlcb/dictionary.jar'
16 七月 2026 16:32:45,020 DEBUG Worker-5  ResourcePlugin:getLocalFile - 无法从本地找到/jlcb/dictionary.jar
16 七月 2026 16:33:13,812 DEBUG main  ResourcePlugin:getLocalFile - 开始从本地获取'/jlcb/classes/nxcb/trx/nx000/DepositMoney/t275270/T275270.abf'
16 七月 2026 16:33:13,812 DEBUG main  ResourcePlugin:getLocalFile - 从本地找到'/jlcb/classes/nxcb/trx/nx000/DepositMoney/t275270/T275270.abf'
16 七月 2026 16:33:13,882 DEBUG main  ResourcePlugin:getLocalFile - 开始从本地获取'/jlcb/dictionary.jar'
16 七月 2026 16:33:13,884 DEBUG main  ResourcePlugin:getLocalFile - 无法从本地找到/jlcb/dictionary.jar
16 七月 2026 16:33:13,968 DEBUG main  ResourcePlugin:getLocalFile - 开始从本地获取'/jlcb/resources/para/abs_combo_00000.ini'
16 七月 2026 16:33:13,968 DEBUG main  ResourcePlugin:getLocalFile - 从本地找到'/jlcb/resources/para/abs_combo_00000.ini'
16 七月 2026 16:33:14,480 DEBUG Worker-3  ResourcePlugin:getLocalFile - 开始从本地获取'/jlcb/classes/nxcb/pub/confirmWindow/ConfirmWindow.abf'
16 七月 2026 16:33:14,480 DEBUG Worker-3  ResourcePlugin:getLocalFile - 从本地找到'/jlcb/classes/nxcb/pub/confirmWindow/ConfirmWindow.abf'
16 七月 2026 16:33:14,552 DEBUG Worker-3  ResourcePlugin:getLocalFile - 开始从本地获取'/jlcb/dictionary.jar'
16 七月 2026 16:33:14,552 DEBUG Worker-3  ResourcePlugin:getLocalFile - 无法从本地找到/jlcb/dictionary.jar
16 七月 2026 16:33:18,508 DEBUG main  ResourcePlugin:getLocalFile - 开始从本地获取'/jlcb/classes/nxcb/trx/nx000/DepositMoney/t275270/T275270.abf'
16 七月 2026 16:33:18,508 DEBUG main  ResourcePlugin:getLocalFile - 从本地找到'/jlcb/classes/nxcb/trx/nx000/DepositMoney/t275270/T275270.abf'
16 七月 2026 16:33:18,583 DEBUG main  ResourcePlugin:getLocalFile - 开始从本地获取'/jlcb/dictionary.jar'
16 七月 2026 16:33:18,583 DEBUG main  ResourcePlugin:getLocalFile - 无法从本地找到/jlcb/dictionary.jar
16 七月 2026 16:33:18,667 DEBUG main  ResourcePlugin:getLocalFile - 开始从本地获取'/jlcb/resources/para/abs_combo_00000.ini'
16 七月 2026 16:33:18,667 DEBUG main  ResourcePlugin:getLocalFile - 从本地找到'/jlcb/resources/para/abs_combo_00000.ini'
16 七月 2026 16:33:19,093 DEBUG Worker-6  ResourcePlugin:getLocalFile - 开始从本地获取'/jlcb/classes/nxcb/pub/confirmWindow/ConfirmWindow.abf'
16 七月 2026 16:33:19,093 DEBUG Worker-6  ResourcePlugin:getLocalFile - 从本地找到'/jlcb/classes/nxcb/pub/confirmWindow/ConfirmWindow.abf'
16 七月 2026 16:33:19,168 DEBUG Worker-6  ResourcePlugin:getLocalFile - 开始从本地获取'/jlcb/dictionary.jar'
16 七月 2026 16:33:19,168 DEBUG Worker-6  ResourcePlugin:getLocalFile - 无法从本地找到/jlcb/dictionary.jar
16 七月 2026 16:33:27,557 DEBUG Worker-5  ResourcePlugin:getLocalFile - 开始从本地获取'/jlcb/classes/nxcb/lib/auth/auth/Auth.abf'
16 七月 2026 16:33:27,557 DEBUG Worker-5  ResourcePlugin:getLocalFile - 从本地找到'/jlcb/classes/nxcb/lib/auth/auth/Auth.abf'
16 七月 2026 16:33:27,630 DEBUG Worker-5  ResourcePlugin:getLocalFile - 开始从本地获取'/jlcb/dictionary.jar'
16 七月 2026 16:33:27,631 DEBUG Worker-5  ResourcePlugin:getLocalFile - 无法从本地找到/jlcb/dictionary.jar
16 七月 2026 16:52:11,827 DEBUG main  ResourcePlugin:getLocalFile - 开始从本地获取'/jlcb/classes/nxcb/trx/nx000/DepositMoney/t275270/T275270.abf'
16 七月 2026 16:52:11,828 DEBUG main  ResourcePlugin:getLocalFile - 从本地找到'/jlcb/classes/nxcb/trx/nx000/DepositMoney/t275270/T275270.abf'
16 七月 2026 16:52:11,902 DEBUG main  ResourcePlugin:getLocalFile - 开始从本地获取'/jlcb/dictionary.jar'
16 七月 2026 16:52:11,902 DEBUG main  ResourcePlugin:getLocalFile - 无法从本地找到/jlcb/dictionary.jar
16 七月 2026 16:52:11,983 DEBUG main  ResourcePlugin:getLocalFile - 开始从本地获取'/jlcb/resources/para/abs_combo_00000.ini'
16 七月 2026 16:52:11,984 DEBUG main  ResourcePlugin:getLocalFile - 从本地找到'/jlcb/resources/para/abs_combo_00000.ini'
16 七月 2026 16:52:12,402 DEBUG Worker-6  ResourcePlugin:getLocalFile - 开始从本地获取'/jlcb/classes/nxcb/pub/confirmWindow/ConfirmWindow.abf'
16 七月 2026 16:52:12,402 DEBUG Worker-6  ResourcePlugin:getLocalFile - 从本地找到'/jlcb/classes/nxcb/pub/confirmWindow/ConfirmWindow.abf'
16 七月 2026 16:52:12,472 DEBUG Worker-6  ResourcePlugin:getLocalFile - 开始从本地获取'/jlcb/dictionary.jar'
16 七月 2026 16:52:12,472 DEBUG Worker-6  ResourcePlugin:getLocalFile - 无法从本地找到/jlcb/dictionary.jar
16 七月 2026 16:52:19,748 DEBUG Worker-2  ResourcePlugin:getLocalFile - 开始从本地获取'/jlcb/classes/nxcb/lib/auth/auth/Auth.abf'
16 七月 2026 16:52:19,748 DEBUG Worker-2  ResourcePlugin:getLocalFile - 从本地找到'/jlcb/classes/nxcb/lib/auth/auth/Auth.abf'
16 七月 2026 16:52:19,814 DEBUG Worker-2  ResourcePlugin:getLocalFile - 开始从本地获取'/jlcb/dictionary.jar'
16 七月 2026 16:52:19,814 DEBUG Worker-2  ResourcePlugin:getLocalFile - 无法从本地找到/jlcb/dictionary.jar
17 七月 2026 15:37:18,711 DEBUG Worker-5  ResourcePlugin:getLocalFile - 开始从本地获取'/jlcb/classes/nxcb/pub/login/Tellerlogin.abf'
17 七月 2026 15:37:18,713  WARN Worker-5  ResourcePlugin:getLocalFile - 工程'jlcb'不存在, 程序将自动创建
17 七月 2026 15:37:18,809 DEBUG Worker-5  ResourcePlugin:getLocalFile - 从本地找到'/jlcb/classes/nxcb/pub/login/Tellerlogin.abf'
17 七月 2026 15:37:18,897 DEBUG Worker-5  ResourcePlugin:getLocalFile - 开始从本地获取'/jlcb/.classpath'
17 七月 2026 15:37:18,897 DEBUG Worker-5  ResourcePlugin:getLocalFile - 从本地找到'/jlcb/.classpath'
17 七月 2026 15:37:18,974 DEBUG Worker-5  ResourcePlugin:getLocalFile - 开始从本地获取'/jlcb/dictionary.jar'
17 七月 2026 15:37:18,974 DEBUG Worker-5  ResourcePlugin:getLocalFile - 无法从本地找到/jlcb/dictionary.jar
17 七月 2026 15:54:45,387 DEBUG main  ResourcePlugin:getLocalFile - 开始从本地获取'/jlcb/classes/nxcb/pub/frame/Frame.abf'
17 七月 2026 15:54:45,388 DEBUG main  ResourcePlugin:getLocalFile - 从本地找到'/jlcb/classes/nxcb/pub/frame/Frame.abf'
17 七月 2026 15:54:45,466 DEBUG main  ResourcePlugin:getLocalFile - 开始从本地获取'/jlcb/dictionary.jar'
17 七月 2026 15:54:45,466 DEBUG main  ResourcePlugin:getLocalFile - 无法从本地找到/jlcb/dictionary.jar
17 七月 2026 15:54:45,678 DEBUG main  ResourcePlugin:getLocalFile - 开始从本地获取'/jlcb/resources/image/search.png'
17 七月 2026 15:54:45,679 DEBUG main  ResourcePlugin:getLocalFile - 从本地找到'/jlcb/resources/image/search.png'
17 七月 2026 15:54:45,836 DEBUG main  ResourcePlugin:getLocalFile - 开始从本地获取'/jlcb/resources/image/service.png'
17 七月 2026 15:54:45,836 DEBUG main  ResourcePlugin:getLocalFile - 从本地找到'/jlcb/resources/image/service.png'
17 七月 2026 15:54:46,099 DEBUG main  ResourcePlugin:getLocalFile - 开始从本地获取'/jlcb/resources/image/网上银行.png'
17 七月 2026 15:54:46,100 DEBUG main  ResourcePlugin:getLocalFile - 从本地找到'/jlcb/resources/image/网上银行.png'
17 七月 2026 15:54:46,243 DEBUG main  ResourcePlugin:getLocalFile - 开始从本地获取'/jlcb/resources/image/中间业务.png'
17 七月 2026 15:54:46,243 DEBUG main  ResourcePlugin:getLocalFile - 从本地找到'/jlcb/resources/image/中间业务.png'
17 七月 2026 15:54:46,383 DEBUG main  ResourcePlugin:getLocalFile - 开始从本地获取'/jlcb/resources/image/短信平台.png'
17 七月 2026 15:54:46,383 DEBUG main  ResourcePlugin:getLocalFile - 从本地找到'/jlcb/resources/image/短信平台.png'
17 七月 2026 15:54:46,529 DEBUG main  ResourcePlugin:getLocalFile - 开始从本地获取'/jlcb/resources/image/统一报表平台.png'
17 七月 2026 15:54:46,530 DEBUG main  ResourcePlugin:getLocalFile - 从本地找到'/jlcb/resources/image/统一报表平台.png'
17 七月 2026 15:54:46,676 DEBUG main  ResourcePlugin:getLocalFile - 开始从本地获取'/jlcb/resources/image/反洗钱系统.png'
17 七月 2026 15:54:46,677 DEBUG main  ResourcePlugin:getLocalFile - 从本地找到'/jlcb/resources/image/反洗钱系统.png'
17 七月 2026 15:54:46,818 DEBUG main  ResourcePlugin:getLocalFile - 开始从本地获取'/jlcb/resources/image/信贷系统.png'
17 七月 2026 15:54:46,818 DEBUG main  ResourcePlugin:getLocalFile - 从本地找到'/jlcb/resources/image/信贷系统.png'
17 七月 2026 15:54:46,958 DEBUG main  ResourcePlugin:getLocalFile - 开始从本地获取'/jlcb/resources/image/差错平台.png'
17 七月 2026 15:54:46,958 DEBUG main  ResourcePlugin:getLocalFile - 从本地找到'/jlcb/resources/image/差错平台.png'
17 七月 2026 15:54:47,101 DEBUG main  ResourcePlugin:getLocalFile - 开始从本地获取'/jlcb/resources/image/综合业务系统.png'
17 七月 2026 15:54:47,101 DEBUG main  ResourcePlugin:getLocalFile - 从本地找到'/jlcb/resources/image/综合业务系统.png'
17 七月 2026 15:54:47,236 DEBUG main  ResourcePlugin:getLocalFile - 开始从本地获取'/jlcb/resources/image/理财平台.png'
17 七月 2026 15:54:47,236 DEBUG main  ResourcePlugin:getLocalFile - 从本地找到'/jlcb/resources/image/理财平台.png'
17 七月 2026 15:54:47,381 DEBUG main  ResourcePlugin:getLocalFile - 开始从本地获取'/jlcb/resources/image/事后监督.png'
17 七月 2026 15:54:47,381 DEBUG main  ResourcePlugin:getLocalFile - 从本地找到'/jlcb/resources/image/事后监督.png'
17 七月 2026 15:54:47,531 DEBUG main  ResourcePlugin:getLocalFile - 开始从本地获取'/jlcb/resources/image/财务管理.png'
17 七月 2026 15:54:47,531 DEBUG main  ResourcePlugin:getLocalFile - 从本地找到'/jlcb/resources/image/财务管理.png'
17 七月 2026 15:54:47,680 DEBUG main  ResourcePlugin:getLocalFile - 开始从本地获取'/jlcb/resources/image/积分管理.png'
17 七月 2026 15:54:47,680 DEBUG main  ResourcePlugin:getLocalFile - 从本地找到'/jlcb/resources/image/积分管理.png'
17 七月 2026 15:54:47,819 DEBUG main  ResourcePlugin:getLocalFile - 开始从本地获取'/jlcb/resources/image/现金管理.png'
17 七月 2026 15:54:47,819 DEBUG main  ResourcePlugin:getLocalFile - 从本地找到'/jlcb/resources/image/现金管理.png'
17 七月 2026 15:54:47,965 DEBUG main  ResourcePlugin:getLocalFile - 开始从本地获取'/jlcb/resources/image/大额存单系统.png'
17 七月 2026 15:54:47,965 DEBUG main  ResourcePlugin:getLocalFile - 从本地找到'/jlcb/resources/image/大额存单系统.png'
17 七月 2026 15:54:48,114 DEBUG main  ResourcePlugin:getLocalFile - 开始从本地获取'/jlcb/resources/image/电子验印.png'
17 七月 2026 15:54:48,114 DEBUG main  ResourcePlugin:getLocalFile - 从本地找到'/jlcb/resources/image/电子验印.png'
17 七月 2026 15:54:48,262 DEBUG main  ResourcePlugin:getLocalFile - 开始从本地获取'/jlcb/resources/image/国结系统.png'
17 七月 2026 15:54:48,262 DEBUG main  ResourcePlugin:getLocalFile - 从本地找到'/jlcb/resources/image/国结系统.png'
17 七月 2026 15:54:48,883 DEBUG main  ResourcePlugin:getLocalFile - 开始从本地获取'/jlcb/resources/image/noMsg.png'
17 七月 2026 15:54:48,883 DEBUG main  ResourcePlugin:getLocalFile - 从本地找到'/jlcb/resources/image/noMsg.png'
17 七月 2026 15:54:58,512 DEBUG main  ResourcePlugin:getLocalFile - 开始从本地获取'/jlcb/classes/nxcb/trx/nx000/t832003/T832003.abf'
17 七月 2026 15:54:58,512 DEBUG main  ResourcePlugin:getLocalFile - 从本地找到'/jlcb/classes/nxcb/trx/nx000/t832003/T832003.abf'
17 七月 2026 15:54:58,580 DEBUG main  ResourcePlugin:getLocalFile - 开始从本地获取'/jlcb/dictionary.jar'
17 七月 2026 15:54:58,580 DEBUG main  ResourcePlugin:getLocalFile - 无法从本地找到/jlcb/dictionary.jar
17 七月 2026 15:55:11,353 DEBUG main  ResourcePlugin:getLocalFile - 开始从本地获取'/jlcb/classes/nxcb/pub/login/Tellerlogin.abf'
17 七月 2026 15:55:11,353 DEBUG main  ResourcePlugin:getLocalFile - 从本地找到'/jlcb/classes/nxcb/pub/login/Tellerlogin.abf'
17 七月 2026 15:55:11,420 DEBUG main  ResourcePlugin:getLocalFile - 开始从本地获取'/jlcb/dictionary.jar'
17 七月 2026 15:55:11,421 DEBUG main  ResourcePlugin:getLocalFile - 无法从本地找到/jlcb/dictionary.jar
17 七月 2026 15:55:17,219 DEBUG main  ResourcePlugin:getLocalFile - 开始从本地获取'/jlcb/classes/nxcb/pub/frame/Frame.abf'
17 七月 2026 15:55:17,220 DEBUG main  ResourcePlugin:getLocalFile - 从本地找到'/jlcb/classes/nxcb/pub/frame/Frame.abf'
17 七月 2026 15:55:17,296 DEBUG main  ResourcePlugin:getLocalFile - 开始从本地获取'/jlcb/dictionary.jar'
17 七月 2026 15:55:17,296 DEBUG main  ResourcePlugin:getLocalFile - 无法从本地找到/jlcb/dictionary.jar
17 七月 2026 15:55:17,412 DEBUG main  ResourcePlugin:getLocalFile - 开始从本地获取'/jlcb/resources/image/search.png'
17 七月 2026 15:55:17,413 DEBUG main  ResourcePlugin:getLocalFile - 从本地找到'/jlcb/resources/image/search.png'
17 七月 2026 15:55:17,529 DEBUG main  ResourcePlugin:getLocalFile - 开始从本地获取'/jlcb/resources/image/service.png'
17 七月 2026 15:55:17,530 DEBUG main  ResourcePlugin:getLocalFile - 从本地找到'/jlcb/resources/image/service.png'
17 七月 2026 15:55:17,681 DEBUG main  ResourcePlugin:getLocalFile - 开始从本地获取'/jlcb/resources/image/网上银行.png'
17 七月 2026 15:55:17,681 DEBUG main  ResourcePlugin:getLocalFile - 从本地找到'/jlcb/resources/image/网上银行.png'
17 七月 2026 15:55:17,763 DEBUG main  ResourcePlugin:getLocalFile - 开始从本地获取'/jlcb/resources/image/中间业务.png'
17 七月 2026 15:55:17,764 DEBUG main  ResourcePlugin:getLocalFile - 从本地找到'/jlcb/resources/image/中间业务.png'
17 七月 2026 15:55:17,851 DEBUG main  ResourcePlugin:getLocalFile - 开始从本地获取'/jlcb/resources/image/短信平台.png'
17 七月 2026 15:55:17,851 DEBUG main  ResourcePlugin:getLocalFile - 从本地找到'/jlcb/resources/image/短信平台.png'
17 七月 2026 15:55:17,923 DEBUG main  ResourcePlugin:getLocalFile - 开始从本地获取'/jlcb/resources/image/统一报表平台.png'
17 七月 2026 15:55:17,923 DEBUG main  ResourcePlugin:getLocalFile - 从本地找到'/jlcb/resources/image/统一报表平台.png'
17 七月 2026 15:55:17,996 DEBUG main  ResourcePlugin:getLocalFile - 开始从本地获取'/jlcb/resources/image/反洗钱系统.png'
17 七月 2026 15:55:17,996 DEBUG main  ResourcePlugin:getLocalFile - 从本地找到'/jlcb/resources/image/反洗钱系统.png'
17 七月 2026 15:55:18,060 DEBUG main  ResourcePlugin:getLocalFile - 开始从本地获取'/jlcb/resources/image/信贷系统.png'
17 七月 2026 15:55:18,062 DEBUG main  ResourcePlugin:getLocalFile - 从本地找到'/jlcb/resources/image/信贷系统.png'
17 七月 2026 15:55:18,125 DEBUG main  ResourcePlugin:getLocalFile - 开始从本地获取'/jlcb/resources/image/差错平台.png'
17 七月 2026 15:55:18,126 DEBUG main  ResourcePlugin:getLocalFile - 从本地找到'/jlcb/resources/image/差错平台.png'
17 七月 2026 15:55:18,198 DEBUG main  ResourcePlugin:getLocalFile - 开始从本地获取'/jlcb/resources/image/综合业务系统.png'
17 七月 2026 15:55:18,198 DEBUG main  ResourcePlugin:getLocalFile - 从本地找到'/jlcb/resources/image/综合业务系统.png'
17 七月 2026 15:55:18,273 DEBUG main  ResourcePlugin:getLocalFile - 开始从本地获取'/jlcb/resources/image/理财平台.png'
17 七月 2026 15:55:18,273 DEBUG main  ResourcePlugin:getLocalFile - 从本地找到'/jlcb/resources/image/理财平台.png'
17 七月 2026 15:55:18,339 DEBUG main  ResourcePlugin:getLocalFile - 开始从本地获取'/jlcb/resources/image/事后监督.png'
17 七月 2026 15:55:18,339 DEBUG main  ResourcePlugin:getLocalFile - 从本地找到'/jlcb/resources/image/事后监督.png'
17 七月 2026 15:55:18,434 DEBUG main  ResourcePlugin:getLocalFile - 开始从本地获取'/jlcb/resources/image/财务管理.png'
17 七月 2026 15:55:18,434 DEBUG main  ResourcePlugin:getLocalFile - 从本地找到'/jlcb/resources/image/财务管理.png'
17 七月 2026 15:55:18,504 DEBUG main  ResourcePlugin:getLocalFile - 开始从本地获取'/jlcb/resources/image/积分管理.png'
17 七月 2026 15:55:18,504 DEBUG main  ResourcePlugin:getLocalFile - 从本地找到'/jlcb/resources/image/积分管理.png'
17 七月 2026 15:55:18,566 DEBUG main  ResourcePlugin:getLocalFile - 开始从本地获取'/jlcb/resources/image/现金管理.png'
17 七月 2026 15:55:18,566 DEBUG main  ResourcePlugin:getLocalFile - 从本地找到'/jlcb/resources/image/现金管理.png'
17 七月 2026 15:55:18,636 DEBUG main  ResourcePlugin:getLocalFile - 开始从本地获取'/jlcb/resources/image/大额存单系统.png'
17 七月 2026 15:55:18,637 DEBUG main  ResourcePlugin:getLocalFile - 从本地找到'/jlcb/resources/image/大额存单系统.png'
17 七月 2026 15:55:18,707 DEBUG main  ResourcePlugin:getLocalFile - 开始从本地获取'/jlcb/resources/image/电子验印.png'
17 七月 2026 15:55:18,709 DEBUG main  ResourcePlugin:getLocalFile - 从本地找到'/jlcb/resources/image/电子验印.png'
17 七月 2026 15:55:18,777 DEBUG main  ResourcePlugin:getLocalFile - 开始从本地获取'/jlcb/resources/image/国结系统.png'
17 七月 2026 15:55:18,778 DEBUG main  ResourcePlugin:getLocalFile - 从本地找到'/jlcb/resources/image/国结系统.png'
17 七月 2026 15:55:19,971 DEBUG main  ResourcePlugin:getLocalFile - 开始从本地获取'/jlcb/resources/image/noMsg.png'
17 七月 2026 15:55:19,971 DEBUG main  ResourcePlugin:getLocalFile - 从本地找到'/jlcb/resources/image/noMsg.png'
17 七月 2026 15:55:34,562 DEBUG main  ResourcePlugin:getLocalFile - 开始从本地获取'/jlcb/classes/nxcb/trx/nx000/t180100/T180100.abf'
17 七月 2026 15:55:34,562 DEBUG main  ResourcePlugin:getLocalFile - 无法从本地找到/jlcb/classes/nxcb/trx/nx000/t180100/T180100.abf
17 七月 2026 15:55:35,223 DEBUG main  ResourcePlugin:downloadFile - 成功下载资源:/jlcb/classes/nxcb/trx/nx000/t180100/T180100.abf
17 七月 2026 15:55:35,234 DEBUG main  ResourcePlugin:getLocalFile - 开始从本地获取'/jlcb/dictionary.jar'
17 七月 2026 15:55:35,235 DEBUG main  ResourcePlugin:getLocalFile - 无法从本地找到/jlcb/dictionary.jar
17 七月 2026 15:55:35,403 DEBUG main  ResourcePlugin:getLocalFile - 开始从本地获取'/jlcb/resources/para/abs_combo_00000.ini'
17 七月 2026 15:55:35,403 DEBUG main  ResourcePlugin:getLocalFile - 从本地找到'/jlcb/resources/para/abs_combo_00000.ini'
17 七月 2026 15:56:10,184 DEBUG main  ResourcePlugin:getLocalFile - 开始从本地获取'/jlcb/classes/nxcb/trx/nx000/t180140/T180140.abf'
17 七月 2026 15:56:10,186 DEBUG main  ResourcePlugin:getLocalFile - 无法从本地找到/jlcb/classes/nxcb/trx/nx000/t180140/T180140.abf
17 七月 2026 15:56:10,575 DEBUG main  ResourcePlugin:downloadFile - 成功下载资源:/jlcb/classes/nxcb/trx/nx000/t180140/T180140.abf
17 七月 2026 15:56:10,585 DEBUG main  ResourcePlugin:getLocalFile - 开始从本地获取'/jlcb/dictionary.jar'
17 七月 2026 15:56:10,585 DEBUG main  ResourcePlugin:getLocalFile - 无法从本地找到/jlcb/dictionary.jar
17 七月 2026 15:56:10,746 DEBUG main  ResourcePlugin:getLocalFile - 开始从本地获取'/jlcb/resources/para/abs_combo_00000.ini'
17 七月 2026 15:56:10,746 DEBUG main  ResourcePlugin:getLocalFile - 从本地找到'/jlcb/resources/para/abs_combo_00000.ini'
17 七月 2026 15:56:12,302 DEBUG main  ResourcePlugin:getLocalFile - 开始从本地获取'/jlcb/classes/nxcb/trx/nx000/t180131/T180131.abf'
17 七月 2026 15:56:12,302 DEBUG main  ResourcePlugin:getLocalFile - 从本地找到'/jlcb/classes/nxcb/trx/nx000/t180131/T180131.abf'
17 七月 2026 15:56:12,384 DEBUG main  ResourcePlugin:getLocalFile - 开始从本地获取'/jlcb/dictionary.jar'
17 七月 2026 15:56:12,384 DEBUG main  ResourcePlugin:getLocalFile - 无法从本地找到/jlcb/dictionary.jar
17 七月 2026 15:56:12,554 DEBUG main  ResourcePlugin:getLocalFile - 开始从本地获取'/jlcb/resources/para/abs_combo_00000.ini'
17 七月 2026 15:56:12,555 DEBUG main  ResourcePlugin:getLocalFile - 从本地找到'/jlcb/resources/para/abs_combo_00000.ini'
17 七月 2026 15:56:12,996 DEBUG main  ResourcePlugin:getLocalFile - 开始从本地获取'/jlcb/resources/para/abs_sys_combo.ini'
17 七月 2026 15:56:12,996 DEBUG main  ResourcePlugin:getLocalFile - 从本地找到'/jlcb/resources/para/abs_sys_combo.ini'
17 七月 2026 15:57:02,388 DEBUG main  ResourcePlugin:getLocalFile - 开始从本地获取'/jlcb/classes/nxcb/trx/nx000/DepositMoney/t270900/T270900.abf'
17 七月 2026 15:57:02,389 DEBUG main  ResourcePlugin:getLocalFile - 从本地找到'/jlcb/classes/nxcb/trx/nx000/DepositMoney/t270900/T270900.abf'
17 七月 2026 15:57:02,473 DEBUG main  ResourcePlugin:getLocalFile - 开始从本地获取'/jlcb/dictionary.jar'
17 七月 2026 15:57:02,473 DEBUG main  ResourcePlugin:getLocalFile - 无法从本地找到/jlcb/dictionary.jar
17 七月 2026 15:57:02,640 DEBUG main  ResourcePlugin:getLocalFile - 开始从本地获取'/jlcb/resources/para/abs_combo_00000.ini'
17 七月 2026 15:57:02,641 DEBUG main  ResourcePlugin:getLocalFile - 从本地找到'/jlcb/resources/para/abs_combo_00000.ini'
17 七月 2026 15:57:02,842 DEBUG main  ResourcePlugin:getLocalFile - 开始从本地获取'/jlcb/resources/para/abs_sys_combo.ini'
17 七月 2026 15:57:02,842 DEBUG main  ResourcePlugin:getLocalFile - 从本地找到'/jlcb/resources/para/abs_sys_combo.ini'
17 七月 2026 15:58:15,341 DEBUG main  ResourcePlugin:getLocalFile - 开始从本地获取'/jlcb/classes/nxcb/trx/nx000/t243010/T243010.abf'
17 七月 2026 15:58:15,341 DEBUG main  ResourcePlugin:getLocalFile - 从本地找到'/jlcb/classes/nxcb/trx/nx000/t243010/T243010.abf'
17 七月 2026 15:58:15,424 DEBUG main  ResourcePlugin:getLocalFile - 开始从本地获取'/jlcb/dictionary.jar'
17 七月 2026 15:58:15,424 DEBUG main  ResourcePlugin:getLocalFile - 无法从本地找到/jlcb/dictionary.jar
17 七月 2026 15:58:15,584 DEBUG main  ResourcePlugin:getLocalFile - 开始从本地获取'/jlcb/resources/para/abs_combo_00000.ini'
17 七月 2026 15:58:15,584 DEBUG main  ResourcePlugin:getLocalFile - 从本地找到'/jlcb/resources/para/abs_combo_00000.ini'
17 七月 2026 15:59:25,498 DEBUG Worker-3  ResourcePlugin:getLocalFile - 开始从本地获取'/jlcb/classes/nxcb/lib/auth/auth/Auth.abf'
17 七月 2026 15:59:25,498 DEBUG Worker-3  ResourcePlugin:getLocalFile - 从本地找到'/jlcb/classes/nxcb/lib/auth/auth/Auth.abf'
17 七月 2026 15:59:25,579 DEBUG Worker-3  ResourcePlugin:getLocalFile - 开始从本地获取'/jlcb/dictionary.jar'
17 七月 2026 15:59:25,579 DEBUG Worker-3  ResourcePlugin:getLocalFile - 无法从本地找到/jlcb/dictionary.jar
17 七月 2026 15:59:57,389 DEBUG main  ResourcePlugin:getLocalFile - 开始从本地获取'/jlcb/classes/nxcb/trx/nx000/DepositMoney/t275270/T275270.abf'
17 七月 2026 15:59:57,390 DEBUG main  ResourcePlugin:getLocalFile - 从本地找到'/jlcb/classes/nxcb/trx/nx000/DepositMoney/t275270/T275270.abf'
17 七月 2026 15:59:57,466 DEBUG main  ResourcePlugin:getLocalFile - 开始从本地获取'/jlcb/dictionary.jar'
17 七月 2026 15:59:57,467 DEBUG main  ResourcePlugin:getLocalFile - 无法从本地找到/jlcb/dictionary.jar
17 七月 2026 15:59:57,616 DEBUG main  ResourcePlugin:getLocalFile - 开始从本地获取'/jlcb/resources/para/abs_combo_00000.ini'
17 七月 2026 15:59:57,616 DEBUG main  ResourcePlugin:getLocalFile - 从本地找到'/jlcb/resources/para/abs_combo_00000.ini'
17 七月 2026 15:59:58,342 DEBUG Worker-3  ResourcePlugin:getLocalFile - 开始从本地获取'/jlcb/classes/nxcb/pub/confirmWindow/ConfirmWindow.abf'
17 七月 2026 15:59:58,342 DEBUG Worker-3  ResourcePlugin:getLocalFile - 从本地找到'/jlcb/classes/nxcb/pub/confirmWindow/ConfirmWindow.abf'
17 七月 2026 15:59:58,423 DEBUG Worker-3  ResourcePlugin:getLocalFile - 开始从本地获取'/jlcb/dictionary.jar'
17 七月 2026 15:59:58,424 DEBUG Worker-3  ResourcePlugin:getLocalFile - 无法从本地找到/jlcb/dictionary.jar
17 七月 2026 16:00:06,030 DEBUG Worker-5  ResourcePlugin:getLocalFile - 开始从本地获取'/jlcb/classes/nxcb/lib/auth/auth/Auth.abf'
17 七月 2026 16:00:06,031 DEBUG Worker-5  ResourcePlugin:getLocalFile - 从本地找到'/jlcb/classes/nxcb/lib/auth/auth/Auth.abf'
17 七月 2026 16:00:06,091 DEBUG Worker-5  ResourcePlugin:getLocalFile - 开始从本地获取'/jlcb/dictionary.jar'
17 七月 2026 16:00:06,091 DEBUG Worker-5  ResourcePlugin:getLocalFile - 无法从本地找到/jlcb/dictionary.jar
17 七月 2026 16:20:59,800 DEBUG Worker-2  ResourcePlugin:getLocalFile - 开始从本地获取'/jlcb/classes/nxcb/lib/auth/auth/Auth.abf'
17 七月 2026 16:20:59,801 DEBUG Worker-2  ResourcePlugin:getLocalFile - 从本地找到'/jlcb/classes/nxcb/lib/auth/auth/Auth.abf'
17 七月 2026 16:20:59,863 DEBUG Worker-2  ResourcePlugin:getLocalFile - 开始从本地获取'/jlcb/dictionary.jar'
17 七月 2026 16:20:59,863 DEBUG Worker-2  ResourcePlugin:getLocalFile - 无法从本地找到/jlcb/dictionary.jar
17 七月 2026 16:22:26,794 DEBUG main  ResourcePlugin:getLocalFile - 开始从本地获取'/jlcb/classes/nxcb/pub/login/Tellerlogin.abf'
17 七月 2026 16:22:26,795 DEBUG main  ResourcePlugin:getLocalFile - 从本地找到'/jlcb/classes/nxcb/pub/login/Tellerlogin.abf'
17 七月 2026 16:22:26,862 DEBUG main  ResourcePlugin:getLocalFile - 开始从本地获取'/jlcb/dictionary.jar'
17 七月 2026 16:22:26,862 DEBUG main  ResourcePlugin:getLocalFile - 无法从本地找到/jlcb/dictionary.jar
17 七月 2026 16:22:30,104 DEBUG Worker-0  ResourcePlugin:getLocalFile - 开始从本地获取'/jlcb/classes/nxcb/pub/login/Tellerlogin.abf'
17 七月 2026 16:22:30,105 DEBUG Worker-0  ResourcePlugin:getLocalFile - 从本地找到'/jlcb/classes/nxcb/pub/login/Tellerlogin.abf'
17 七月 2026 16:22:30,165 DEBUG Worker-0  ResourcePlugin:getLocalFile - 开始从本地获取'/jlcb/dictionary.jar'
17 七月 2026 16:22:30,165 DEBUG Worker-0  ResourcePlugin:getLocalFile - 无法从本地找到/jlcb/dictionary.jar
17 七月 2026 16:28:21,837 DEBUG Worker-5  ResourcePlugin:getLocalFile - 开始从本地获取'/jlcb/classes/nxcb/pub/login/Tellerlogin.abf'
17 七月 2026 16:28:21,838  WARN Worker-5  ResourcePlugin:getLocalFile - 工程'jlcb'不存在, 程序将自动创建
17 七月 2026 16:28:21,912 DEBUG Worker-5  ResourcePlugin:getLocalFile - 从本地找到'/jlcb/classes/nxcb/pub/login/Tellerlogin.abf'
17 七月 2026 16:28:21,985 DEBUG Worker-5  ResourcePlugin:getLocalFile - 开始从本地获取'/jlcb/.classpath'
17 七月 2026 16:28:21,986 DEBUG Worker-5  ResourcePlugin:getLocalFile - 从本地找到'/jlcb/.classpath'
17 七月 2026 16:28:22,055 DEBUG Worker-5  ResourcePlugin:getLocalFile - 开始从本地获取'/jlcb/dictionary.jar'
17 七月 2026 16:28:22,056 DEBUG Worker-5  ResourcePlugin:getLocalFile - 无法从本地找到/jlcb/dictionary.jar
17 七月 2026 16:29:21,849 DEBUG Worker-1  ResourcePlugin:getLocalFile - 开始从本地获取'/jlcb/classes/nxcb/pub/login/Tellerlogin.abf'
17 七月 2026 16:29:21,849 DEBUG Worker-1  ResourcePlugin:getLocalFile - 从本地找到'/jlcb/classes/nxcb/pub/login/Tellerlogin.abf'
17 七月 2026 16:29:21,951 DEBUG Worker-1  ResourcePlugin:getLocalFile - 开始从本地获取'/jlcb/dictionary.jar'
17 七月 2026 16:29:21,951 DEBUG Worker-1  ResourcePlugin:getLocalFile - 无法从本地找到/jlcb/dictionary.jar
17 七月 2026 16:29:32,289 DEBUG Worker-1  ResourcePlugin:getLocalFile - 开始从本地获取'/jlcb/classes/nxcb/pub/login/Tellerlogin.abf'
17 七月 2026 16:29:32,290  WARN Worker-1  ResourcePlugin:getLocalFile - 工程'jlcb'不存在, 程序将自动创建
17 七月 2026 16:29:32,370 DEBUG Worker-1  ResourcePlugin:getLocalFile - 从本地找到'/jlcb/classes/nxcb/pub/login/Tellerlogin.abf'
17 七月 2026 16:29:32,447 DEBUG Worker-1  ResourcePlugin:getLocalFile - 开始从本地获取'/jlcb/.classpath'
17 七月 2026 16:29:32,447 DEBUG Worker-1  ResourcePlugin:getLocalFile - 从本地找到'/jlcb/.classpath'
17 七月 2026 16:29:32,518 DEBUG Worker-1  ResourcePlugin:getLocalFile - 开始从本地获取'/jlcb/dictionary.jar'
17 七月 2026 16:29:32,518 DEBUG Worker-1  ResourcePlugin:getLocalFile - 无法从本地找到/jlcb/dictionary.jar
17 七月 2026 16:29:43,998 DEBUG main  ResourcePlugin:getLocalFile - 开始从本地获取'/jlcb/classes/nxcb/pub/frame/Frame.abf'
17 七月 2026 16:29:43,999 DEBUG main  ResourcePlugin:getLocalFile - 从本地找到'/jlcb/classes/nxcb/pub/frame/Frame.abf'
17 七月 2026 16:29:44,076 DEBUG main  ResourcePlugin:getLocalFile - 开始从本地获取'/jlcb/dictionary.jar'
17 七月 2026 16:29:44,076 DEBUG main  ResourcePlugin:getLocalFile - 无法从本地找到/jlcb/dictionary.jar
17 七月 2026 16:29:44,412 DEBUG main  ResourcePlugin:getLocalFile - 开始从本地获取'/jlcb/resources/image/search.png'
17 七月 2026 16:29:44,412 DEBUG main  ResourcePlugin:getLocalFile - 从本地找到'/jlcb/resources/image/search.png'
17 七月 2026 16:29:44,589 DEBUG main  ResourcePlugin:getLocalFile - 开始从本地获取'/jlcb/resources/image/service.png'
17 七月 2026 16:29:44,590 DEBUG main  ResourcePlugin:getLocalFile - 从本地找到'/jlcb/resources/image/service.png'
17 七月 2026 16:29:44,816 DEBUG main  ResourcePlugin:getLocalFile - 开始从本地获取'/jlcb/resources/image/网上银行.png'
17 七月 2026 16:29:44,816 DEBUG main  ResourcePlugin:getLocalFile - 从本地找到'/jlcb/resources/image/网上银行.png'
17 七月 2026 16:29:44,942 DEBUG main  ResourcePlugin:getLocalFile - 开始从本地获取'/jlcb/resources/image/中间业务.png'
17 七月 2026 16:29:44,943 DEBUG main  ResourcePlugin:getLocalFile - 从本地找到'/jlcb/resources/image/中间业务.png'
17 七月 2026 16:29:45,064 DEBUG main  ResourcePlugin:getLocalFile - 开始从本地获取'/jlcb/resources/image/短信平台.png'
17 七月 2026 16:29:45,064 DEBUG main  ResourcePlugin:getLocalFile - 从本地找到'/jlcb/resources/image/短信平台.png'
17 七月 2026 16:29:45,204 DEBUG main  ResourcePlugin:getLocalFile - 开始从本地获取'/jlcb/resources/image/统一报表平台.png'
17 七月 2026 16:29:45,204 DEBUG main  ResourcePlugin:getLocalFile - 从本地找到'/jlcb/resources/image/统一报表平台.png'
17 七月 2026 16:29:45,340 DEBUG main  ResourcePlugin:getLocalFile - 开始从本地获取'/jlcb/resources/image/反洗钱系统.png'
17 七月 2026 16:29:45,341 DEBUG main  ResourcePlugin:getLocalFile - 从本地找到'/jlcb/resources/image/反洗钱系统.png'
17 七月 2026 16:29:45,474 DEBUG main  ResourcePlugin:getLocalFile - 开始从本地获取'/jlcb/resources/image/信贷系统.png'
17 七月 2026 16:29:45,474 DEBUG main  ResourcePlugin:getLocalFile - 从本地找到'/jlcb/resources/image/信贷系统.png'
17 七月 2026 16:29:45,618 DEBUG main  ResourcePlugin:getLocalFile - 开始从本地获取'/jlcb/resources/image/差错平台.png'
17 七月 2026 16:29:45,618 DEBUG main  ResourcePlugin:getLocalFile - 从本地找到'/jlcb/resources/image/差错平台.png'
17 七月 2026 16:29:45,753 DEBUG main  ResourcePlugin:getLocalFile - 开始从本地获取'/jlcb/resources/image/综合业务系统.png'
17 七月 2026 16:29:45,754 DEBUG main  ResourcePlugin:getLocalFile - 从本地找到'/jlcb/resources/image/综合业务系统.png'
17 七月 2026 16:29:45,884 DEBUG main  ResourcePlugin:getLocalFile - 开始从本地获取'/jlcb/resources/image/理财平台.png'
17 七月 2026 16:29:45,885 DEBUG main  ResourcePlugin:getLocalFile - 从本地找到'/jlcb/resources/image/理财平台.png'
17 七月 2026 16:29:46,025 DEBUG main  ResourcePlugin:getLocalFile - 开始从本地获取'/jlcb/resources/image/事后监督.png'
17 七月 2026 16:29:46,025 DEBUG main  ResourcePlugin:getLocalFile - 从本地找到'/jlcb/resources/image/事后监督.png'
17 七月 2026 16:29:46,152 DEBUG main  ResourcePlugin:getLocalFile - 开始从本地获取'/jlcb/resources/image/财务管理.png'
17 七月 2026 16:29:46,152 DEBUG main  ResourcePlugin:getLocalFile - 从本地找到'/jlcb/resources/image/财务管理.png'
17 七月 2026 16:29:46,288 DEBUG main  ResourcePlugin:getLocalFile - 开始从本地获取'/jlcb/resources/image/积分管理.png'
17 七月 2026 16:29:46,288 DEBUG main  ResourcePlugin:getLocalFile - 从本地找到'/jlcb/resources/image/积分管理.png'
17 七月 2026 16:29:46,415 DEBUG main  ResourcePlugin:getLocalFile - 开始从本地获取'/jlcb/resources/image/现金管理.png'
17 七月 2026 16:29:46,416 DEBUG main  ResourcePlugin:getLocalFile - 从本地找到'/jlcb/resources/image/现金管理.png'
17 七月 2026 16:29:46,554 DEBUG main  ResourcePlugin:getLocalFile - 开始从本地获取'/jlcb/resources/image/大额存单系统.png'
17 七月 2026 16:29:46,554 DEBUG main  ResourcePlugin:getLocalFile - 从本地找到'/jlcb/resources/image/大额存单系统.png'
17 七月 2026 16:29:46,701 DEBUG main  ResourcePlugin:getLocalFile - 开始从本地获取'/jlcb/resources/image/电子验印.png'
17 七月 2026 16:29:46,701 DEBUG main  ResourcePlugin:getLocalFile - 从本地找到'/jlcb/resources/image/电子验印.png'
17 七月 2026 16:29:46,842 DEBUG main  ResourcePlugin:getLocalFile - 开始从本地获取'/jlcb/resources/image/国结系统.png'
17 七月 2026 16:29:46,842 DEBUG main  ResourcePlugin:getLocalFile - 从本地找到'/jlcb/resources/image/国结系统.png'
17 七月 2026 16:29:48,175 DEBUG main  ResourcePlugin:getLocalFile - 开始从本地获取'/jlcb/resources/image/noMsg.png'
17 七月 2026 16:29:48,175 DEBUG main  ResourcePlugin:getLocalFile - 从本地找到'/jlcb/resources/image/noMsg.png'
17 七月 2026 16:30:11,159 DEBUG main  ResourcePlugin:getLocalFile - 开始从本地获取'/jlcb/classes/nxcb/trx/nx000/t180101/T180101.abf'
17 七月 2026 16:30:11,159 DEBUG main  ResourcePlugin:getLocalFile - 从本地找到'/jlcb/classes/nxcb/trx/nx000/t180101/T180101.abf'
17 七月 2026 16:30:11,245 DEBUG main  ResourcePlugin:getLocalFile - 开始从本地获取'/jlcb/dictionary.jar'
17 七月 2026 16:30:11,245 DEBUG main  ResourcePlugin:getLocalFile - 无法从本地找到/jlcb/dictionary.jar
17 七月 2026 16:30:11,456 DEBUG main  ResourcePlugin:getLocalFile - 开始从本地获取'/jlcb/resources/para/abs_combo_00000.ini'
17 七月 2026 16:30:11,457 DEBUG main  ResourcePlugin:getLocalFile - 从本地找到'/jlcb/resources/para/abs_combo_00000.ini'
17 七月 2026 16:30:11,625 DEBUG main  ResourcePlugin:getLocalFile - 开始从本地获取'/jlcb/resources/para/abs_sys_combo.ini'
17 七月 2026 16:30:11,625 DEBUG main  ResourcePlugin:getLocalFile - 从本地找到'/jlcb/resources/para/abs_sys_combo.ini'
17 七月 2026 16:30:24,007 DEBUG main  ResourcePlugin:getLocalFile - 开始从本地获取'/jlcb/classes/nxcb/trx/nx000/t180102/T180102.abf'
17 七月 2026 16:30:24,007 DEBUG main  ResourcePlugin:getLocalFile - 从本地找到'/jlcb/classes/nxcb/trx/nx000/t180102/T180102.abf'
17 七月 2026 16:30:24,090 DEBUG main  ResourcePlugin:getLocalFile - 开始从本地获取'/jlcb/dictionary.jar'
17 七月 2026 16:30:24,090 DEBUG main  ResourcePlugin:getLocalFile - 无法从本地找到/jlcb/dictionary.jar
17 七月 2026 16:30:24,263 DEBUG main  ResourcePlugin:getLocalFile - 开始从本地获取'/jlcb/resources/para/abs_combo_00000.ini'
17 七月 2026 16:30:24,263 DEBUG main  ResourcePlugin:getLocalFile - 从本地找到'/jlcb/resources/para/abs_combo_00000.ini'
17 七月 2026 16:30:43,610 DEBUG main  ResourcePlugin:getLocalFile - 开始从本地获取'/jlcb/classes/nxcb/pub/t831037/T831037.abf'
17 七月 2026 16:30:43,610 DEBUG main  ResourcePlugin:getLocalFile - 无法从本地找到/jlcb/classes/nxcb/pub/t831037/T831037.abf
17 七月 2026 16:30:44,060 DEBUG main  ResourcePlugin:downloadFile - 成功下载资源:/jlcb/classes/nxcb/pub/t831037/T831037.abf
17 七月 2026 16:30:44,072 DEBUG main  ResourcePlugin:getLocalFile - 开始从本地获取'/jlcb/dictionary.jar'
17 七月 2026 16:30:44,072 DEBUG main  ResourcePlugin:getLocalFile - 无法从本地找到/jlcb/dictionary.jar
17 七月 2026 16:30:44,268 DEBUG main  ResourcePlugin:getLocalFile - 开始从本地获取'/jlcb/resources/para/abs_combo_00000.ini'
17 七月 2026 16:30:44,268 DEBUG main  ResourcePlugin:getLocalFile - 从本地找到'/jlcb/resources/para/abs_combo_00000.ini'
17 七月 2026 16:30:44,439 DEBUG main  ResourcePlugin:getLocalFile - 开始从本地获取'/jlcb/resources/para/abs_sys_combo.ini'
17 七月 2026 16:30:44,440 DEBUG main  ResourcePlugin:getLocalFile - 从本地找到'/jlcb/resources/para/abs_sys_combo.ini'
17 七月 2026 16:30:45,005 DEBUG Worker-2  ResourcePlugin:getLocalFile - 开始从本地获取'/jlcb/classes/nxcb/pub/confirmWindow/ConfirmWindow.abf'
17 七月 2026 16:30:45,005 DEBUG Worker-2  ResourcePlugin:getLocalFile - 从本地找到'/jlcb/classes/nxcb/pub/confirmWindow/ConfirmWindow.abf'
17 七月 2026 16:30:45,085 DEBUG Worker-2  ResourcePlugin:getLocalFile - 开始从本地获取'/jlcb/dictionary.jar'
17 七月 2026 16:30:45,085 DEBUG Worker-2  ResourcePlugin:getLocalFile - 无法从本地找到/jlcb/dictionary.jar
17 七月 2026 16:30:50,784 DEBUG main  ResourcePlugin:getLocalFile - 开始从本地获取'/jlcb/classes/nxcb/pub/login/Tellerlogin.abf'
17 七月 2026 16:30:50,785 DEBUG main  ResourcePlugin:getLocalFile - 从本地找到'/jlcb/classes/nxcb/pub/login/Tellerlogin.abf'
17 七月 2026 16:30:50,854 DEBUG main  ResourcePlugin:getLocalFile - 开始从本地获取'/jlcb/dictionary.jar'
17 七月 2026 16:30:50,854 DEBUG main  ResourcePlugin:getLocalFile - 无法从本地找到/jlcb/dictionary.jar
17 七月 2026 16:30:54,755 DEBUG Worker-4  ResourcePlugin:getLocalFile - 开始从本地获取'/jlcb/classes/nxcb/pub/login/Tellerlogin.abf'
17 七月 2026 16:30:54,755 DEBUG Worker-4  ResourcePlugin:getLocalFile - 从本地找到'/jlcb/classes/nxcb/pub/login/Tellerlogin.abf'
17 七月 2026 16:30:54,829 DEBUG Worker-4  ResourcePlugin:getLocalFile - 开始从本地获取'/jlcb/dictionary.jar'
17 七月 2026 16:30:54,829 DEBUG Worker-4  ResourcePlugin:getLocalFile - 无法从本地找到/jlcb/dictionary.jar
17 七月 2026 16:31:05,855 DEBUG Worker-5  ResourcePlugin:getLocalFile - 开始从本地获取'/jlcb/classes/nxcb/pub/login/Tellerlogin.abf'
17 七月 2026 16:31:05,855  WARN Worker-5  ResourcePlugin:getLocalFile - 工程'jlcb'不存在, 程序将自动创建
17 七月 2026 16:31:05,937 DEBUG Worker-5  ResourcePlugin:getLocalFile - 从本地找到'/jlcb/classes/nxcb/pub/login/Tellerlogin.abf'
17 七月 2026 16:31:06,003 DEBUG Worker-5  ResourcePlugin:getLocalFile - 开始从本地获取'/jlcb/.classpath'
17 七月 2026 16:31:06,003 DEBUG Worker-5  ResourcePlugin:getLocalFile - 从本地找到'/jlcb/.classpath'
17 七月 2026 16:31:06,072 DEBUG Worker-5  ResourcePlugin:getLocalFile - 开始从本地获取'/jlcb/dictionary.jar'
17 七月 2026 16:31:06,073 DEBUG Worker-5  ResourcePlugin:getLocalFile - 无法从本地找到/jlcb/dictionary.jar
17 七月 2026 16:31:19,039 DEBUG main  ResourcePlugin:getLocalFile - 开始从本地获取'/jlcb/classes/nxcb/pub/frame/Frame.abf'
17 七月 2026 16:31:19,040 DEBUG main  ResourcePlugin:getLocalFile - 从本地找到'/jlcb/classes/nxcb/pub/frame/Frame.abf'
17 七月 2026 16:31:19,119 DEBUG main  ResourcePlugin:getLocalFile - 开始从本地获取'/jlcb/dictionary.jar'
17 七月 2026 16:31:19,119 DEBUG main  ResourcePlugin:getLocalFile - 无法从本地找到/jlcb/dictionary.jar
17 七月 2026 16:31:19,446 DEBUG main  ResourcePlugin:getLocalFile - 开始从本地获取'/jlcb/resources/image/search.png'
17 七月 2026 16:31:19,446 DEBUG main  ResourcePlugin:getLocalFile - 从本地找到'/jlcb/resources/image/search.png'
17 七月 2026 16:31:19,590 DEBUG main  ResourcePlugin:getLocalFile - 开始从本地获取'/jlcb/resources/image/service.png'
17 七月 2026 16:31:19,590 DEBUG main  ResourcePlugin:getLocalFile - 从本地找到'/jlcb/resources/image/service.png'
17 七月 2026 16:31:19,824 DEBUG main  ResourcePlugin:getLocalFile - 开始从本地获取'/jlcb/resources/image/网上银行.png'
17 七月 2026 16:31:19,824 DEBUG main  ResourcePlugin:getLocalFile - 从本地找到'/jlcb/resources/image/网上银行.png'
17 七月 2026 16:31:19,963 DEBUG main  ResourcePlugin:getLocalFile - 开始从本地获取'/jlcb/resources/image/中间业务.png'
17 七月 2026 16:31:19,963 DEBUG main  ResourcePlugin:getLocalFile - 从本地找到'/jlcb/resources/image/中间业务.png'
17 七月 2026 16:31:20,105 DEBUG main  ResourcePlugin:getLocalFile - 开始从本地获取'/jlcb/resources/image/短信平台.png'
17 七月 2026 16:31:20,105 DEBUG main  ResourcePlugin:getLocalFile - 从本地找到'/jlcb/resources/image/短信平台.png'
17 七月 2026 16:31:20,240 DEBUG main  ResourcePlugin:getLocalFile - 开始从本地获取'/jlcb/resources/image/统一报表平台.png'
17 七月 2026 16:31:20,240 DEBUG main  ResourcePlugin:getLocalFile - 从本地找到'/jlcb/resources/image/统一报表平台.png'
17 七月 2026 16:31:20,378 DEBUG main  ResourcePlugin:getLocalFile - 开始从本地获取'/jlcb/resources/image/反洗钱系统.png'
17 七月 2026 16:31:20,379 DEBUG main  ResourcePlugin:getLocalFile - 从本地找到'/jlcb/resources/image/反洗钱系统.png'
17 七月 2026 16:31:20,515 DEBUG main  ResourcePlugin:getLocalFile - 开始从本地获取'/jlcb/resources/image/信贷系统.png'
17 七月 2026 16:31:20,515 DEBUG main  ResourcePlugin:getLocalFile - 从本地找到'/jlcb/resources/image/信贷系统.png'
17 七月 2026 16:31:20,647 DEBUG main  ResourcePlugin:getLocalFile - 开始从本地获取'/jlcb/resources/image/差错平台.png'
17 七月 2026 16:31:20,647 DEBUG main  ResourcePlugin:getLocalFile - 从本地找到'/jlcb/resources/image/差错平台.png'
17 七月 2026 16:31:20,789 DEBUG main  ResourcePlugin:getLocalFile - 开始从本地获取'/jlcb/resources/image/综合业务系统.png'
17 七月 2026 16:31:20,789 DEBUG main  ResourcePlugin:getLocalFile - 从本地找到'/jlcb/resources/image/综合业务系统.png'
17 七月 2026 16:31:20,922 DEBUG main  ResourcePlugin:getLocalFile - 开始从本地获取'/jlcb/resources/image/理财平台.png'
17 七月 2026 16:31:20,922 DEBUG main  ResourcePlugin:getLocalFile - 从本地找到'/jlcb/resources/image/理财平台.png'
17 七月 2026 16:31:21,049 DEBUG main  ResourcePlugin:getLocalFile - 开始从本地获取'/jlcb/resources/image/事后监督.png'
17 七月 2026 16:31:21,049 DEBUG main  ResourcePlugin:getLocalFile - 从本地找到'/jlcb/resources/image/事后监督.png'
17 七月 2026 16:31:21,187 DEBUG main  ResourcePlugin:getLocalFile - 开始从本地获取'/jlcb/resources/image/财务管理.png'
17 七月 2026 16:31:21,187 DEBUG main  ResourcePlugin:getLocalFile - 从本地找到'/jlcb/resources/image/财务管理.png'
17 七月 2026 16:31:21,320 DEBUG main  ResourcePlugin:getLocalFile - 开始从本地获取'/jlcb/resources/image/积分管理.png'
17 七月 2026 16:31:21,321 DEBUG main  ResourcePlugin:getLocalFile - 从本地找到'/jlcb/resources/image/积分管理.png'
17 七月 2026 16:31:21,459 DEBUG main  ResourcePlugin:getLocalFile - 开始从本地获取'/jlcb/resources/image/现金管理.png'
17 七月 2026 16:31:21,459 DEBUG main  ResourcePlugin:getLocalFile - 从本地找到'/jlcb/resources/image/现金管理.png'
17 七月 2026 16:31:21,605 DEBUG main  ResourcePlugin:getLocalFile - 开始从本地获取'/jlcb/resources/image/大额存单系统.png'
17 七月 2026 16:31:21,605 DEBUG main  ResourcePlugin:getLocalFile - 从本地找到'/jlcb/resources/image/大额存单系统.png'
17 七月 2026 16:31:21,740 DEBUG main  ResourcePlugin:getLocalFile - 开始从本地获取'/jlcb/resources/image/电子验印.png'
17 七月 2026 16:31:21,740 DEBUG main  ResourcePlugin:getLocalFile - 从本地找到'/jlcb/resources/image/电子验印.png'
17 七月 2026 16:31:21,875 DEBUG main  ResourcePlugin:getLocalFile - 开始从本地获取'/jlcb/resources/image/国结系统.png'
17 七月 2026 16:31:21,875 DEBUG main  ResourcePlugin:getLocalFile - 从本地找到'/jlcb/resources/image/国结系统.png'
17 七月 2026 16:31:23,250 DEBUG main  ResourcePlugin:getLocalFile - 开始从本地获取'/jlcb/resources/image/noMsg.png'
17 七月 2026 16:31:23,250 DEBUG main  ResourcePlugin:getLocalFile - 从本地找到'/jlcb/resources/image/noMsg.png'
17 七月 2026 16:31:34,715 DEBUG main  ResourcePlugin:getLocalFile - 开始从本地获取'/jlcb/classes/nxcb/trx/nx000/t180101/T180101.abf'
17 七月 2026 16:31:34,715 DEBUG main  ResourcePlugin:getLocalFile - 从本地找到'/jlcb/classes/nxcb/trx/nx000/t180101/T180101.abf'
17 七月 2026 16:31:34,781 DEBUG main  ResourcePlugin:getLocalFile - 开始从本地获取'/jlcb/dictionary.jar'
17 七月 2026 16:31:34,781 DEBUG main  ResourcePlugin:getLocalFile - 无法从本地找到/jlcb/dictionary.jar
17 七月 2026 16:31:34,965 DEBUG main  ResourcePlugin:getLocalFile - 开始从本地获取'/jlcb/resources/para/abs_combo_00000.ini'
17 七月 2026 16:31:34,965 DEBUG main  ResourcePlugin:getLocalFile - 从本地找到'/jlcb/resources/para/abs_combo_00000.ini'
17 七月 2026 16:31:35,116 DEBUG main  ResourcePlugin:getLocalFile - 开始从本地获取'/jlcb/resources/para/abs_sys_combo.ini'
17 七月 2026 16:31:35,116 DEBUG main  ResourcePlugin:getLocalFile - 从本地找到'/jlcb/resources/para/abs_sys_combo.ini'
17 七月 2026 16:31:43,987 DEBUG Worker-1  ResourcePlugin:getLocalFile - 开始从本地获取'/jlcb/classes/nxcb/pub/login/Tellerlogin.abf'
17 七月 2026 16:31:43,988 DEBUG Worker-1  ResourcePlugin:getLocalFile - 从本地找到'/jlcb/classes/nxcb/pub/login/Tellerlogin.abf'
17 七月 2026 16:31:44,055 DEBUG Worker-1  ResourcePlugin:getLocalFile - 开始从本地获取'/jlcb/dictionary.jar'
17 七月 2026 16:31:44,055 DEBUG Worker-1  ResourcePlugin:getLocalFile - 无法从本地找到/jlcb/dictionary.jar
17 七月 2026 16:31:47,182 DEBUG Worker-1  ResourcePlugin:getLocalFile - 开始从本地获取'/jlcb/classes/nxcb/pub/login/Tellerlogin.abf'
17 七月 2026 16:31:47,183  WARN Worker-1  ResourcePlugin:getLocalFile - 工程'jlcb'不存在, 程序将自动创建
17 七月 2026 16:31:47,218 DEBUG Worker-1  ResourcePlugin:getLocalFile - 从本地找到'/jlcb/classes/nxcb/pub/login/Tellerlogin.abf'
17 七月 2026 16:31:47,289 DEBUG Worker-1  ResourcePlugin:getLocalFile - 开始从本地获取'/jlcb/.classpath'
17 七月 2026 16:31:47,290 DEBUG Worker-1  ResourcePlugin:getLocalFile - 从本地找到'/jlcb/.classpath'
17 七月 2026 16:31:47,361 DEBUG Worker-1  ResourcePlugin:getLocalFile - 开始从本地获取'/jlcb/dictionary.jar'
17 七月 2026 16:31:47,362 DEBUG Worker-1  ResourcePlugin:getLocalFile - 无法从本地找到/jlcb/dictionary.jar
17 七月 2026 16:31:58,297 DEBUG main  ResourcePlugin:getLocalFile - 开始从本地获取'/jlcb/classes/nxcb/pub/frame/Frame.abf'
17 七月 2026 16:31:58,297 DEBUG main  ResourcePlugin:getLocalFile - 从本地找到'/jlcb/classes/nxcb/pub/frame/Frame.abf'
17 七月 2026 16:31:58,371 DEBUG main  ResourcePlugin:getLocalFile - 开始从本地获取'/jlcb/dictionary.jar'
17 七月 2026 16:31:58,371 DEBUG main  ResourcePlugin:getLocalFile - 无法从本地找到/jlcb/dictionary.jar
17 七月 2026 16:31:58,723 DEBUG main  ResourcePlugin:getLocalFile - 开始从本地获取'/jlcb/resources/image/search.png'
17 七月 2026 16:31:58,724 DEBUG main  ResourcePlugin:getLocalFile - 从本地找到'/jlcb/resources/image/search.png'
17 七月 2026 16:31:58,878 DEBUG main  ResourcePlugin:getLocalFile - 开始从本地获取'/jlcb/resources/image/service.png'
17 七月 2026 16:31:58,878 DEBUG main  ResourcePlugin:getLocalFile - 从本地找到'/jlcb/resources/image/service.png'
17 七月 2026 16:31:59,110 DEBUG main  ResourcePlugin:getLocalFile - 开始从本地获取'/jlcb/resources/image/网上银行.png'
17 七月 2026 16:31:59,111 DEBUG main  ResourcePlugin:getLocalFile - 从本地找到'/jlcb/resources/image/网上银行.png'
17 七月 2026 16:31:59,253 DEBUG main  ResourcePlugin:getLocalFile - 开始从本地获取'/jlcb/resources/image/中间业务.png'
17 七月 2026 16:31:59,253 DEBUG main  ResourcePlugin:getLocalFile - 从本地找到'/jlcb/resources/image/中间业务.png'
17 七月 2026 16:31:59,390 DEBUG main  ResourcePlugin:getLocalFile - 开始从本地获取'/jlcb/resources/image/短信平台.png'
17 七月 2026 16:31:59,390 DEBUG main  ResourcePlugin:getLocalFile - 从本地找到'/jlcb/resources/image/短信平台.png'
17 七月 2026 16:31:59,526 DEBUG main  ResourcePlugin:getLocalFile - 开始从本地获取'/jlcb/resources/image/统一报表平台.png'
17 七月 2026 16:31:59,526 DEBUG main  ResourcePlugin:getLocalFile - 从本地找到'/jlcb/resources/image/统一报表平台.png'
17 七月 2026 16:31:59,663 DEBUG main  ResourcePlugin:getLocalFile - 开始从本地获取'/jlcb/resources/image/反洗钱系统.png'
17 七月 2026 16:31:59,663 DEBUG main  ResourcePlugin:getLocalFile - 从本地找到'/jlcb/resources/image/反洗钱系统.png'
17 七月 2026 16:31:59,800 DEBUG main  ResourcePlugin:getLocalFile - 开始从本地获取'/jlcb/resources/image/信贷系统.png'
17 七月 2026 16:31:59,800 DEBUG main  ResourcePlugin:getLocalFile - 从本地找到'/jlcb/resources/image/信贷系统.png'
17 七月 2026 16:31:59,929 DEBUG main  ResourcePlugin:getLocalFile - 开始从本地获取'/jlcb/resources/image/差错平台.png'
17 七月 2026 16:31:59,929 DEBUG main  ResourcePlugin:getLocalFile - 从本地找到'/jlcb/resources/image/差错平台.png'
17 七月 2026 16:32:00,061 DEBUG main  ResourcePlugin:getLocalFile - 开始从本地获取'/jlcb/resources/image/综合业务系统.png'
17 七月 2026 16:32:00,061 DEBUG main  ResourcePlugin:getLocalFile - 从本地找到'/jlcb/resources/image/综合业务系统.png'
17 七月 2026 16:32:00,194 DEBUG main  ResourcePlugin:getLocalFile - 开始从本地获取'/jlcb/resources/image/理财平台.png'
17 七月 2026 16:32:00,194 DEBUG main  ResourcePlugin:getLocalFile - 从本地找到'/jlcb/resources/image/理财平台.png'
17 七月 2026 16:32:00,327 DEBUG main  ResourcePlugin:getLocalFile - 开始从本地获取'/jlcb/resources/image/事后监督.png'
17 七月 2026 16:32:00,327 DEBUG main  ResourcePlugin:getLocalFile - 从本地找到'/jlcb/resources/image/事后监督.png'
17 七月 2026 16:32:00,468 DEBUG main  ResourcePlugin:getLocalFile - 开始从本地获取'/jlcb/resources/image/财务管理.png'
17 七月 2026 16:32:00,469 DEBUG main  ResourcePlugin:getLocalFile - 从本地找到'/jlcb/resources/image/财务管理.png'
17 七月 2026 16:32:00,623 DEBUG main  ResourcePlugin:getLocalFile - 开始从本地获取'/jlcb/resources/image/积分管理.png'
17 七月 2026 16:32:00,623 DEBUG main  ResourcePlugin:getLocalFile - 从本地找到'/jlcb/resources/image/积分管理.png'
17 七月 2026 16:32:00,770 DEBUG main  ResourcePlugin:getLocalFile - 开始从本地获取'/jlcb/resources/image/现金管理.png'
17 七月 2026 16:32:00,770 DEBUG main  ResourcePlugin:getLocalFile - 从本地找到'/jlcb/resources/image/现金管理.png'
17 七月 2026 16:32:00,915 DEBUG main  ResourcePlugin:getLocalFile - 开始从本地获取'/jlcb/resources/image/大额存单系统.png'
17 七月 2026 16:32:00,915 DEBUG main  ResourcePlugin:getLocalFile - 从本地找到'/jlcb/resources/image/大额存单系统.png'
17 七月 2026 16:32:01,051 DEBUG main  ResourcePlugin:getLocalFile - 开始从本地获取'/jlcb/resources/image/电子验印.png'
17 七月 2026 16:32:01,051 DEBUG main  ResourcePlugin:getLocalFile - 从本地找到'/jlcb/resources/image/电子验印.png'
17 七月 2026 16:32:01,193 DEBUG main  ResourcePlugin:getLocalFile - 开始从本地获取'/jlcb/resources/image/国结系统.png'
17 七月 2026 16:32:01,193 DEBUG main  ResourcePlugin:getLocalFile - 从本地找到'/jlcb/resources/image/国结系统.png'
17 七月 2026 16:32:01,837 DEBUG main  ResourcePlugin:getLocalFile - 开始从本地获取'/jlcb/resources/image/noMsg.png'
17 七月 2026 16:32:01,837 DEBUG main  ResourcePlugin:getLocalFile - 从本地找到'/jlcb/resources/image/noMsg.png'
17 七月 2026 16:32:35,654 DEBUG main  ResourcePlugin:getLocalFile - 开始从本地获取'/jlcb/classes/nxcb/trx/nx000/t832003/T832003.abf'
17 七月 2026 16:32:35,654 DEBUG main  ResourcePlugin:getLocalFile - 从本地找到'/jlcb/classes/nxcb/trx/nx000/t832003/T832003.abf'
17 七月 2026 16:32:35,722 DEBUG main  ResourcePlugin:getLocalFile - 开始从本地获取'/jlcb/dictionary.jar'
17 七月 2026 16:32:35,724 DEBUG main  ResourcePlugin:getLocalFile - 无法从本地找到/jlcb/dictionary.jar
17 七月 2026 16:32:45,150 DEBUG main  ResourcePlugin:getLocalFile - 开始从本地获取'/jlcb/classes/nxcb/pub/login/Tellerlogin.abf'
17 七月 2026 16:32:45,151 DEBUG main  ResourcePlugin:getLocalFile - 从本地找到'/jlcb/classes/nxcb/pub/login/Tellerlogin.abf'
17 七月 2026 16:32:45,216 DEBUG main  ResourcePlugin:getLocalFile - 开始从本地获取'/jlcb/dictionary.jar'
17 七月 2026 16:32:45,216 DEBUG main  ResourcePlugin:getLocalFile - 无法从本地找到/jlcb/dictionary.jar
17 七月 2026 16:32:47,531 DEBUG Worker-1  ResourcePlugin:getLocalFile - 开始从本地获取'/jlcb/classes/nxcb/pub/login/Tellerlogin.abf'
17 七月 2026 16:32:47,532 DEBUG Worker-1  ResourcePlugin:getLocalFile - 从本地找到'/jlcb/classes/nxcb/pub/login/Tellerlogin.abf'
17 七月 2026 16:32:47,600 DEBUG Worker-1  ResourcePlugin:getLocalFile - 开始从本地获取'/jlcb/dictionary.jar'
17 七月 2026 16:32:47,600 DEBUG Worker-1  ResourcePlugin:getLocalFile - 无法从本地找到/jlcb/dictionary.jar
23 七月 2026 18:51:51,430 DEBUG Worker-1  ResourcePlugin:getLocalFile - 开始从本地获取'/jlcb/classes/nxcb/pub/login/Tellerlogin.abf'
23 七月 2026 18:51:51,432  WARN Worker-1  ResourcePlugin:getLocalFile - 工程'jlcb'不存在, 程序将自动创建
23 七月 2026 18:51:51,541 DEBUG Worker-1  ResourcePlugin:getLocalFile - 从本地找到'/jlcb/classes/nxcb/pub/login/Tellerlogin.abf'
23 七月 2026 18:51:51,633 DEBUG Worker-1  ResourcePlugin:getLocalFile - 开始从本地获取'/jlcb/.classpath'
23 七月 2026 18:51:51,634 DEBUG Worker-1  ResourcePlugin:getLocalFile - 从本地找到'/jlcb/.classpath'
23 七月 2026 18:51:51,722 DEBUG Worker-1  ResourcePlugin:getLocalFile - 开始从本地获取'/jlcb/dictionary.jar'
23 七月 2026 18:51:51,723 DEBUG Worker-1  ResourcePlugin:getLocalFile - 无法从本地找到/jlcb/dictionary.jar
23 七月 2026 18:52:12,804 DEBUG Worker-5  ResourcePlugin:getLocalFile - 开始从本地获取'/jlcb/classes/nxcb/pub/login/Tellerlogin.abf'
23 七月 2026 18:52:12,805 DEBUG Worker-5  ResourcePlugin:getLocalFile - 从本地找到'/jlcb/classes/nxcb/pub/login/Tellerlogin.abf'
23 七月 2026 18:52:12,884 DEBUG Worker-5  ResourcePlugin:getLocalFile - 开始从本地获取'/jlcb/dictionary.jar'
23 七月 2026 18:52:12,884 DEBUG Worker-5  ResourcePlugin:getLocalFile - 无法从本地找到/jlcb/dictionary.jar
23 七月 2026 18:52:51,872 DEBUG Worker-1  ResourcePlugin:getLocalFile - 开始从本地获取'/jlcb/classes/nxcb/pub/login/Tellerlogin.abf'
23 七月 2026 18:52:51,873  WARN Worker-1  ResourcePlugin:getLocalFile - 工程'jlcb'不存在, 程序将自动创建
23 七月 2026 18:52:51,932 DEBUG Worker-1  ResourcePlugin:getLocalFile - 从本地找到'/jlcb/classes/nxcb/pub/login/Tellerlogin.abf'
23 七月 2026 18:52:52,016 DEBUG Worker-1  ResourcePlugin:getLocalFile - 开始从本地获取'/jlcb/.classpath'
23 七月 2026 18:52:52,018 DEBUG Worker-1  ResourcePlugin:getLocalFile - 从本地找到'/jlcb/.classpath'
23 七月 2026 18:52:52,096 DEBUG Worker-1  ResourcePlugin:getLocalFile - 开始从本地获取'/jlcb/dictionary.jar'
23 七月 2026 18:52:52,096 DEBUG Worker-1  ResourcePlugin:getLocalFile - 无法从本地找到/jlcb/dictionary.jar
23 七月 2026 18:53:06,177 DEBUG main  ResourcePlugin:getLocalFile - 开始从本地获取'/jlcb/classes/nxcb/pub/frame/Frame.abf'
23 七月 2026 18:53:06,177 DEBUG main  ResourcePlugin:getLocalFile - 从本地找到'/jlcb/classes/nxcb/pub/frame/Frame.abf'
23 七月 2026 18:53:06,272 DEBUG main  ResourcePlugin:getLocalFile - 开始从本地获取'/jlcb/dictionary.jar'
23 七月 2026 18:53:06,272 DEBUG main  ResourcePlugin:getLocalFile - 无法从本地找到/jlcb/dictionary.jar
23 七月 2026 18:53:06,620 DEBUG main  ResourcePlugin:getLocalFile - 开始从本地获取'/jlcb/resources/image/search.png'
23 七月 2026 18:53:06,620 DEBUG main  ResourcePlugin:getLocalFile - 从本地找到'/jlcb/resources/image/search.png'
23 七月 2026 18:53:07,153 DEBUG main  ResourcePlugin:getLocalFile - 开始从本地获取'/jlcb/resources/image/service.png'
23 七月 2026 18:53:07,153 DEBUG main  ResourcePlugin:getLocalFile - 从本地找到'/jlcb/resources/image/service.png'
23 七月 2026 18:53:07,420 DEBUG main  ResourcePlugin:getLocalFile - 开始从本地获取'/jlcb/resources/image/网上银行.png'
23 七月 2026 18:53:07,421 DEBUG main  ResourcePlugin:getLocalFile - 从本地找到'/jlcb/resources/image/网上银行.png'
23 七月 2026 18:53:07,581 DEBUG main  ResourcePlugin:getLocalFile - 开始从本地获取'/jlcb/resources/image/中间业务.png'
23 七月 2026 18:53:07,582 DEBUG main  ResourcePlugin:getLocalFile - 从本地找到'/jlcb/resources/image/中间业务.png'
23 七月 2026 18:53:07,743 DEBUG main  ResourcePlugin:getLocalFile - 开始从本地获取'/jlcb/resources/image/短信平台.png'
23 七月 2026 18:53:07,743 DEBUG main  ResourcePlugin:getLocalFile - 从本地找到'/jlcb/resources/image/短信平台.png'
23 七月 2026 18:53:07,907 DEBUG main  ResourcePlugin:getLocalFile - 开始从本地获取'/jlcb/resources/image/统一报表平台.png'
23 七月 2026 18:53:07,907 DEBUG main  ResourcePlugin:getLocalFile - 从本地找到'/jlcb/resources/image/统一报表平台.png'
23 七月 2026 18:53:08,068 DEBUG main  ResourcePlugin:getLocalFile - 开始从本地获取'/jlcb/resources/image/反洗钱系统.png'
23 七月 2026 18:53:08,068 DEBUG main  ResourcePlugin:getLocalFile - 从本地找到'/jlcb/resources/image/反洗钱系统.png'
23 七月 2026 18:53:08,236 DEBUG main  ResourcePlugin:getLocalFile - 开始从本地获取'/jlcb/resources/image/信贷系统.png'
23 七月 2026 18:53:08,236 DEBUG main  ResourcePlugin:getLocalFile - 从本地找到'/jlcb/resources/image/信贷系统.png'
23 七月 2026 18:53:08,399 DEBUG main  ResourcePlugin:getLocalFile - 开始从本地获取'/jlcb/resources/image/差错平台.png'
23 七月 2026 18:53:08,399 DEBUG main  ResourcePlugin:getLocalFile - 从本地找到'/jlcb/resources/image/差错平台.png'
23 七月 2026 18:53:08,557 DEBUG main  ResourcePlugin:getLocalFile - 开始从本地获取'/jlcb/resources/image/综合业务系统.png'
23 七月 2026 18:53:08,557 DEBUG main  ResourcePlugin:getLocalFile - 从本地找到'/jlcb/resources/image/综合业务系统.png'
23 七月 2026 18:53:09,067 DEBUG main  ResourcePlugin:getLocalFile - 开始从本地获取'/jlcb/resources/image/理财平台.png'
23 七月 2026 18:53:09,067 DEBUG main  ResourcePlugin:getLocalFile - 从本地找到'/jlcb/resources/image/理财平台.png'
23 七月 2026 18:53:09,227 DEBUG main  ResourcePlugin:getLocalFile - 开始从本地获取'/jlcb/resources/image/事后监督.png'
23 七月 2026 18:53:09,227 DEBUG main  ResourcePlugin:getLocalFile - 从本地找到'/jlcb/resources/image/事后监督.png'
23 七月 2026 18:53:09,388 DEBUG main  ResourcePlugin:getLocalFile - 开始从本地获取'/jlcb/resources/image/财务管理.png'
23 七月 2026 18:53:09,388 DEBUG main  ResourcePlugin:getLocalFile - 从本地找到'/jlcb/resources/image/财务管理.png'
23 七月 2026 18:53:09,547 DEBUG main  ResourcePlugin:getLocalFile - 开始从本地获取'/jlcb/resources/image/积分管理.png'
23 七月 2026 18:53:09,547 DEBUG main  ResourcePlugin:getLocalFile - 从本地找到'/jlcb/resources/image/积分管理.png'
23 七月 2026 18:53:09,707 DEBUG main  ResourcePlugin:getLocalFile - 开始从本地获取'/jlcb/resources/image/现金管理.png'
23 七月 2026 18:53:09,707 DEBUG main  ResourcePlugin:getLocalFile - 从本地找到'/jlcb/resources/image/现金管理.png'
23 七月 2026 18:53:09,877 DEBUG main  ResourcePlugin:getLocalFile - 开始从本地获取'/jlcb/resources/image/大额存单系统.png'
23 七月 2026 18:53:09,878 DEBUG main  ResourcePlugin:getLocalFile - 从本地找到'/jlcb/resources/image/大额存单系统.png'
23 七月 2026 18:53:10,387 DEBUG main  ResourcePlugin:getLocalFile - 开始从本地获取'/jlcb/resources/image/电子验印.png'
23 七月 2026 18:53:10,388 DEBUG main  ResourcePlugin:getLocalFile - 从本地找到'/jlcb/resources/image/电子验印.png'
23 七月 2026 18:53:10,553 DEBUG main  ResourcePlugin:getLocalFile - 开始从本地获取'/jlcb/resources/image/国结系统.png'
23 七月 2026 18:53:10,553 DEBUG main  ResourcePlugin:getLocalFile - 从本地找到'/jlcb/resources/image/国结系统.png'
23 七月 2026 18:53:12,260 DEBUG main  ResourcePlugin:getLocalFile - 开始从本地获取'/jlcb/resources/image/noMsg.png'
23 七月 2026 18:53:12,260 DEBUG main  ResourcePlugin:getLocalFile - 从本地找到'/jlcb/resources/image/noMsg.png'
23 七月 2026 18:53:27,163 DEBUG main  ResourcePlugin:getLocalFile - 开始从本地获取'/jlcb/classes/nxcb/trx/nx000/bankcard/t860613/T860613.abf'
23 七月 2026 18:53:27,163 DEBUG main  ResourcePlugin:getLocalFile - 从本地找到'/jlcb/classes/nxcb/trx/nx000/bankcard/t860613/T860613.abf'
23 七月 2026 18:53:27,249 DEBUG main  ResourcePlugin:getLocalFile - 开始从本地获取'/jlcb/dictionary.jar'
23 七月 2026 18:53:27,249 DEBUG main  ResourcePlugin:getLocalFile - 无法从本地找到/jlcb/dictionary.jar
23 七月 2026 18:53:27,447 DEBUG main  ResourcePlugin:getLocalFile - 开始从本地获取'/jlcb/resources/para/abs_combo_00000.ini'
23 七月 2026 18:53:27,448 DEBUG main  ResourcePlugin:getLocalFile - 从本地找到'/jlcb/resources/para/abs_combo_00000.ini'
23 七月 2026 18:53:27,625 DEBUG main  ResourcePlugin:getLocalFile - 开始从本地获取'/jlcb/resources/para/abs_sys_combo.ini'
23 七月 2026 18:53:27,625 DEBUG main  ResourcePlugin:getLocalFile - 从本地找到'/jlcb/resources/para/abs_sys_combo.ini'
23 七月 2026 18:53:57,391 DEBUG main  ResourcePlugin:getLocalFile - 开始从本地获取'/jlcb/classes/nxcb/trx/nx000/bankcard/t120015/T120015.abf'
23 七月 2026 18:53:57,392 DEBUG main  ResourcePlugin:getLocalFile - 从本地找到'/jlcb/classes/nxcb/trx/nx000/bankcard/t120015/T120015.abf'
23 七月 2026 18:53:57,479 DEBUG main  ResourcePlugin:getLocalFile - 开始从本地获取'/jlcb/dictionary.jar'
23 七月 2026 18:53:57,479 DEBUG main  ResourcePlugin:getLocalFile - 无法从本地找到/jlcb/dictionary.jar
23 七月 2026 18:53:57,948 DEBUG main  ResourcePlugin:getLocalFile - 开始从本地获取'/jlcb/resources/para/abs_combo_00000.ini'
23 七月 2026 18:53:57,948 DEBUG main  ResourcePlugin:getLocalFile - 从本地找到'/jlcb/resources/para/abs_combo_00000.ini'
23 七月 2026 18:54:07,804 DEBUG main  ResourcePlugin:getLocalFile - 开始从本地获取'/jlcb/classes/nxcb/trx/nx000/t243010/T243010.abf'
23 七月 2026 18:54:07,804 DEBUG main  ResourcePlugin:getLocalFile - 从本地找到'/jlcb/classes/nxcb/trx/nx000/t243010/T243010.abf'
23 七月 2026 18:54:07,892 DEBUG main  ResourcePlugin:getLocalFile - 开始从本地获取'/jlcb/dictionary.jar'
23 七月 2026 18:54:07,892 DEBUG main  ResourcePlugin:getLocalFile - 无法从本地找到/jlcb/dictionary.jar
23 七月 2026 18:54:08,369 DEBUG main  ResourcePlugin:getLocalFile - 开始从本地获取'/jlcb/resources/para/abs_combo_00000.ini'
23 七月 2026 18:54:08,369 DEBUG main  ResourcePlugin:getLocalFile - 从本地找到'/jlcb/resources/para/abs_combo_00000.ini'
23 七月 2026 18:54:26,415 DEBUG Worker-4  ResourcePlugin:getLocalFile - 开始从本地获取'/jlcb/classes/nxcb/pub/confirmWindow/ConfirmWindow.abf'
23 七月 2026 18:54:26,415 DEBUG Worker-4  ResourcePlugin:getLocalFile - 从本地找到'/jlcb/classes/nxcb/pub/confirmWindow/ConfirmWindow.abf'
23 七月 2026 18:54:26,493 DEBUG Worker-4  ResourcePlugin:getLocalFile - 开始从本地获取'/jlcb/dictionary.jar'
23 七月 2026 18:54:26,493 DEBUG Worker-4  ResourcePlugin:getLocalFile - 无法从本地找到/jlcb/dictionary.jar
23 七月 2026 18:56:51,118 DEBUG Worker-3  ResourcePlugin:getLocalFile - 开始从本地获取'/jlcb/classes/nxcb/pub/confirmWindow/ConfirmWindow.abf'
23 七月 2026 18:56:51,118 DEBUG Worker-3  ResourcePlugin:getLocalFile - 从本地找到'/jlcb/classes/nxcb/pub/confirmWindow/ConfirmWindow.abf'
23 七月 2026 18:56:51,185 DEBUG Worker-3  ResourcePlugin:getLocalFile - 开始从本地获取'/jlcb/dictionary.jar'
23 七月 2026 18:56:51,185 DEBUG Worker-3  ResourcePlugin:getLocalFile - 无法从本地找到/jlcb/dictionary.jar
23 七月 2026 18:57:22,926 DEBUG Worker-6  ResourcePlugin:getLocalFile - 开始从本地获取'/jlcb/classes/nxcb/pub/confirmWindow/ConfirmWindow.abf'
23 七月 2026 18:57:22,927 DEBUG Worker-6  ResourcePlugin:getLocalFile - 从本地找到'/jlcb/classes/nxcb/pub/confirmWindow/ConfirmWindow.abf'
23 七月 2026 18:57:23,002 DEBUG Worker-6  ResourcePlugin:getLocalFile - 开始从本地获取'/jlcb/dictionary.jar'
23 七月 2026 18:57:23,002 DEBUG Worker-6  ResourcePlugin:getLocalFile - 无法从本地找到/jlcb/dictionary.jar
23 七月 2026 18:58:06,075 DEBUG Worker-1  ResourcePlugin:getLocalFile - 开始从本地获取'/jlcb/classes/nxcb/pub/confirmWindow/ConfirmWindow.abf'
23 七月 2026 18:58:06,076 DEBUG Worker-1  ResourcePlugin:getLocalFile - 从本地找到'/jlcb/classes/nxcb/pub/confirmWindow/ConfirmWindow.abf'
23 七月 2026 18:58:06,211 DEBUG Worker-1  ResourcePlugin:getLocalFile - 开始从本地获取'/jlcb/dictionary.jar'
23 七月 2026 18:58:06,211 DEBUG Worker-1  ResourcePlugin:getLocalFile - 无法从本地找到/jlcb/dictionary.jar
23 七月 2026 18:58:19,974 DEBUG Worker-2  ResourcePlugin:getLocalFile - 开始从本地获取'/jlcb/classes/nxcb/pub/confirmWindow/ConfirmWindow.abf'
23 七月 2026 18:58:19,974 DEBUG Worker-2  ResourcePlugin:getLocalFile - 从本地找到'/jlcb/classes/nxcb/pub/confirmWindow/ConfirmWindow.abf'
23 七月 2026 18:58:20,041 DEBUG Worker-2  ResourcePlugin:getLocalFile - 开始从本地获取'/jlcb/dictionary.jar'
23 七月 2026 18:58:20,041 DEBUG Worker-2  ResourcePlugin:getLocalFile - 无法从本地找到/jlcb/dictionary.jar
23 七月 2026 18:59:20,420 DEBUG Worker-5  ResourcePlugin:getLocalFile - 开始从本地获取'/jlcb/classes/nxcb/pub/confirmWindow/ConfirmWindow.abf'
23 七月 2026 18:59:20,421 DEBUG Worker-5  ResourcePlugin:getLocalFile - 从本地找到'/jlcb/classes/nxcb/pub/confirmWindow/ConfirmWindow.abf'
23 七月 2026 18:59:20,496 DEBUG Worker-5  ResourcePlugin:getLocalFile - 开始从本地获取'/jlcb/dictionary.jar'
23 七月 2026 18:59:20,496 DEBUG Worker-5  ResourcePlugin:getLocalFile - 无法从本地找到/jlcb/dictionary.jar
23 七月 2026 18:59:24,867 DEBUG Worker-4  ResourcePlugin:getLocalFile - 开始从本地获取'/jlcb/classes/nxcb/pub/confirmWindow/ConfirmWindow.abf'
23 七月 2026 18:59:24,867 DEBUG Worker-4  ResourcePlugin:getLocalFile - 从本地找到'/jlcb/classes/nxcb/pub/confirmWindow/ConfirmWindow.abf'
23 七月 2026 18:59:24,944 DEBUG Worker-4  ResourcePlugin:getLocalFile - 开始从本地获取'/jlcb/dictionary.jar'
23 七月 2026 18:59:24,944 DEBUG Worker-4  ResourcePlugin:getLocalFile - 无法从本地找到/jlcb/dictionary.jar
23 七月 2026 18:59:31,130 DEBUG Worker-2  ResourcePlugin:getLocalFile - 开始从本地获取'/jlcb/classes/nxcb/pub/confirmWindow/ConfirmWindow.abf'
23 七月 2026 18:59:31,130 DEBUG Worker-2  ResourcePlugin:getLocalFile - 从本地找到'/jlcb/classes/nxcb/pub/confirmWindow/ConfirmWindow.abf'
23 七月 2026 18:59:31,207 DEBUG Worker-2  ResourcePlugin:getLocalFile - 开始从本地获取'/jlcb/dictionary.jar'
23 七月 2026 18:59:31,207 DEBUG Worker-2  ResourcePlugin:getLocalFile - 无法从本地找到/jlcb/dictionary.jar
23 七月 2026 18:59:36,199 DEBUG Worker-6  ResourcePlugin:getLocalFile - 开始从本地获取'/jlcb/classes/nxcb/pub/confirmWindow/ConfirmWindow.abf'
23 七月 2026 18:59:36,199 DEBUG Worker-6  ResourcePlugin:getLocalFile - 从本地找到'/jlcb/classes/nxcb/pub/confirmWindow/ConfirmWindow.abf'
23 七月 2026 18:59:36,274 DEBUG Worker-6  ResourcePlugin:getLocalFile - 开始从本地获取'/jlcb/dictionary.jar'
23 七月 2026 18:59:36,274 DEBUG Worker-6  ResourcePlugin:getLocalFile - 无法从本地找到/jlcb/dictionary.jar
23 七月 2026 18:59:39,930 DEBUG Worker-5  ResourcePlugin:getLocalFile - 开始从本地获取'/jlcb/classes/nxcb/pub/confirmWindow/ConfirmWindow.abf'
23 七月 2026 18:59:39,930 DEBUG Worker-5  ResourcePlugin:getLocalFile - 从本地找到'/jlcb/classes/nxcb/pub/confirmWindow/ConfirmWindow.abf'
23 七月 2026 18:59:39,996 DEBUG Worker-5  ResourcePlugin:getLocalFile - 开始从本地获取'/jlcb/dictionary.jar'
23 七月 2026 18:59:39,996 DEBUG Worker-5  ResourcePlugin:getLocalFile - 无法从本地找到/jlcb/dictionary.jar
23 七月 2026 18:59:41,191 DEBUG Worker-2  ResourcePlugin:getLocalFile - 开始从本地获取'/jlcb/classes/nxcb/lib/axep/cardPanel/CardPanel.abf'
23 七月 2026 18:59:41,191 DEBUG Worker-2  ResourcePlugin:getLocalFile - 从本地找到'/jlcb/classes/nxcb/lib/axep/cardPanel/CardPanel.abf'
23 七月 2026 18:59:41,279 DEBUG Worker-2  ResourcePlugin:getLocalFile - 开始从本地获取'/jlcb/dictionary.jar'
23 七月 2026 18:59:41,279 DEBUG Worker-2  ResourcePlugin:getLocalFile - 无法从本地找到/jlcb/dictionary.jar
23 七月 2026 18:59:45,428 DEBUG Worker-4  ResourcePlugin:getLocalFile - 开始从本地获取'/jlcb/classes/nxcb/pub/confirmWindow/ConfirmWindow.abf'
23 七月 2026 18:59:45,428 DEBUG Worker-4  ResourcePlugin:getLocalFile - 从本地找到'/jlcb/classes/nxcb/pub/confirmWindow/ConfirmWindow.abf'
23 七月 2026 18:59:45,504 DEBUG Worker-4  ResourcePlugin:getLocalFile - 开始从本地获取'/jlcb/dictionary.jar'
23 七月 2026 18:59:45,504 DEBUG Worker-4  ResourcePlugin:getLocalFile - 无法从本地找到/jlcb/dictionary.jar
23 七月 2026 18:59:48,977 DEBUG Worker-3  ResourcePlugin:getLocalFile - 开始从本地获取'/jlcb/classes/nxcb/pub/confirmWindow/ConfirmWindow.abf'
23 七月 2026 18:59:48,979 DEBUG Worker-3  ResourcePlugin:getLocalFile - 从本地找到'/jlcb/classes/nxcb/pub/confirmWindow/ConfirmWindow.abf'
23 七月 2026 18:59:49,056 DEBUG Worker-3  ResourcePlugin:getLocalFile - 开始从本地获取'/jlcb/dictionary.jar'
23 七月 2026 18:59:49,056 DEBUG Worker-3  ResourcePlugin:getLocalFile - 无法从本地找到/jlcb/dictionary.jar
23 七月 2026 18:59:54,737 DEBUG Worker-5  ResourcePlugin:getLocalFile - 开始从本地获取'/jlcb/classes/nxcb/lib/axep/pinPanel/PinPanel.abf'
23 七月 2026 18:59:54,737 DEBUG Worker-5  ResourcePlugin:getLocalFile - 从本地找到'/jlcb/classes/nxcb/lib/axep/pinPanel/PinPanel.abf'
23 七月 2026 18:59:54,832 DEBUG Worker-5  ResourcePlugin:getLocalFile - 开始从本地获取'/jlcb/dictionary.jar'
23 七月 2026 18:59:54,832 DEBUG Worker-5  ResourcePlugin:getLocalFile - 无法从本地找到/jlcb/dictionary.jar
23 七月 2026 18:59:58,465 DEBUG Worker-2  ResourcePlugin:getLocalFile - 开始从本地获取'/jlcb/classes/nxcb/lib/axep/pinPanel/PinPanel.abf'
23 七月 2026 18:59:58,467 DEBUG Worker-2  ResourcePlugin:getLocalFile - 从本地找到'/jlcb/classes/nxcb/lib/axep/pinPanel/PinPanel.abf'
23 七月 2026 18:59:58,567 DEBUG Worker-2  ResourcePlugin:getLocalFile - 开始从本地获取'/jlcb/dictionary.jar'
23 七月 2026 18:59:58,567 DEBUG Worker-2  ResourcePlugin:getLocalFile - 无法从本地找到/jlcb/dictionary.jar
23 七月 2026 19:00:33,472 DEBUG Worker-3  ResourcePlugin:getLocalFile - 开始从本地获取'/jlcb/classes/nxcb/trx/nx000/DepositMoney/t910221/T910221.abf'
23 七月 2026 19:00:33,472 DEBUG Worker-3  ResourcePlugin:getLocalFile - 从本地找到'/jlcb/classes/nxcb/trx/nx000/DepositMoney/t910221/T910221.abf'
23 七月 2026 19:00:33,562 DEBUG Worker-3  ResourcePlugin:getLocalFile - 开始从本地获取'/jlcb/dictionary.jar'
23 七月 2026 19:00:33,562 DEBUG Worker-3  ResourcePlugin:getLocalFile - 无法从本地找到/jlcb/dictionary.jar
23 七月 2026 19:00:33,745 DEBUG main  ResourcePlugin:getLocalFile - 开始从本地获取'/jlcb/resources/para/abs_combo_00000.ini'
23 七月 2026 19:00:33,746 DEBUG main  ResourcePlugin:getLocalFile - 从本地找到'/jlcb/resources/para/abs_combo_00000.ini'
23 七月 2026 19:00:35,414 DEBUG Worker-5  ResourcePlugin:getLocalFile - 开始从本地获取'/jlcb/classes/nxcb/trx/nx000/t360102/T360102.abf'
23 七月 2026 19:00:35,415 DEBUG Worker-5  ResourcePlugin:getLocalFile - 从本地找到'/jlcb/classes/nxcb/trx/nx000/t360102/T360102.abf'
23 七月 2026 19:00:35,506 DEBUG Worker-5  ResourcePlugin:getLocalFile - 开始从本地获取'/jlcb/dictionary.jar'
23 七月 2026 19:00:35,506 DEBUG Worker-5  ResourcePlugin:getLocalFile - 无法从本地找到/jlcb/dictionary.jar
23 七月 2026 19:00:35,684 DEBUG main  ResourcePlugin:getLocalFile - 开始从本地获取'/jlcb/resources/para/abs_combo_00000.ini'
23 七月 2026 19:00:35,684 DEBUG main  ResourcePlugin:getLocalFile - 从本地找到'/jlcb/resources/para/abs_combo_00000.ini'
23 七月 2026 19:01:00,262 DEBUG main  ResourcePlugin:getLocalFile - 开始从本地获取'/jlcb/classes/nxcb/trx/nx000/yhk/t122010/T122010.abf'
23 七月 2026 19:01:00,262 DEBUG main  ResourcePlugin:getLocalFile - 无法从本地找到/jlcb/classes/nxcb/trx/nx000/yhk/t122010/T122010.abf
23 七月 2026 19:01:01,663 DEBUG main  ResourcePlugin:downloadFile - 成功下载资源:/jlcb/classes/nxcb/trx/nx000/yhk/t122010/T122010.abf
23 七月 2026 19:01:01,675 DEBUG main  ResourcePlugin:getLocalFile - 开始从本地获取'/jlcb/dictionary.jar'
23 七月 2026 19:01:01,676 DEBUG main  ResourcePlugin:getLocalFile - 无法从本地找到/jlcb/dictionary.jar
23 七月 2026 19:01:02,120 DEBUG main  ResourcePlugin:getLocalFile - 开始从本地获取'/jlcb/resources/para/abs_combo_00000.ini'
23 七月 2026 19:01:02,120 DEBUG main  ResourcePlugin:getLocalFile - 从本地找到'/jlcb/resources/para/abs_combo_00000.ini'
23 七月 2026 19:01:02,752 DEBUG Worker-3  ResourcePlugin:getLocalFile - 开始从本地获取'/jlcb/classes/nxcb/pub/confirmWindow/ConfirmWindow.abf'
23 七月 2026 19:01:02,752 DEBUG Worker-3  ResourcePlugin:getLocalFile - 从本地找到'/jlcb/classes/nxcb/pub/confirmWindow/ConfirmWindow.abf'
23 七月 2026 19:01:02,819 DEBUG Worker-3  ResourcePlugin:getLocalFile - 开始从本地获取'/jlcb/dictionary.jar'
23 七月 2026 19:01:02,819 DEBUG Worker-3  ResourcePlugin:getLocalFile - 无法从本地找到/jlcb/dictionary.jar
23 七月 2026 19:01:22,092 DEBUG Worker-6  ResourcePlugin:getLocalFile - 开始从本地获取'/jlcb/classes/nxcb/pub/confirmWindow/ConfirmWindow.abf'
23 七月 2026 19:01:22,092 DEBUG Worker-6  ResourcePlugin:getLocalFile - 从本地找到'/jlcb/classes/nxcb/pub/confirmWindow/ConfirmWindow.abf'
23 七月 2026 19:01:22,184 DEBUG Worker-6  ResourcePlugin:getLocalFile - 开始从本地获取'/jlcb/dictionary.jar'
23 七月 2026 19:01:22,184 DEBUG Worker-6  ResourcePlugin:getLocalFile - 无法从本地找到/jlcb/dictionary.jar
23 七月 2026 19:01:34,549 DEBUG Worker-6  ResourcePlugin:getLocalFile - 开始从本地获取'/jlcb/classes/nxcb/pub/confirmWindow/ConfirmWindow.abf'
23 七月 2026 19:01:34,549 DEBUG Worker-6  ResourcePlugin:getLocalFile - 从本地找到'/jlcb/classes/nxcb/pub/confirmWindow/ConfirmWindow.abf'
23 七月 2026 19:01:34,628 DEBUG Worker-6  ResourcePlugin:getLocalFile - 开始从本地获取'/jlcb/dictionary.jar'
23 七月 2026 19:01:34,628 DEBUG Worker-6  ResourcePlugin:getLocalFile - 无法从本地找到/jlcb/dictionary.jar
23 七月 2026 19:01:53,856 DEBUG main  ResourcePlugin:getLocalFile - 开始从本地获取'/jlcb/classes/nxcb/trx/nx000/DepositMoney/t275270/T275270.abf'
23 七月 2026 19:01:53,856 DEBUG main  ResourcePlugin:getLocalFile - 从本地找到'/jlcb/classes/nxcb/trx/nx000/DepositMoney/t275270/T275270.abf'
23 七月 2026 19:01:53,993 DEBUG main  ResourcePlugin:getLocalFile - 开始从本地获取'/jlcb/dictionary.jar'
23 七月 2026 19:01:53,994 DEBUG main  ResourcePlugin:getLocalFile - 无法从本地找到/jlcb/dictionary.jar
23 七月 2026 19:01:54,253 DEBUG main  ResourcePlugin:getLocalFile - 开始从本地获取'/jlcb/resources/para/abs_combo_00000.ini'
23 七月 2026 19:01:54,253 DEBUG main  ResourcePlugin:getLocalFile - 从本地找到'/jlcb/resources/para/abs_combo_00000.ini'
23 七月 2026 19:01:54,699 DEBUG Worker-1  ResourcePlugin:getLocalFile - 开始从本地获取'/jlcb/classes/nxcb/pub/confirmWindow/ConfirmWindow.abf'
23 七月 2026 19:01:54,700 DEBUG Worker-1  ResourcePlugin:getLocalFile - 从本地找到'/jlcb/classes/nxcb/pub/confirmWindow/ConfirmWindow.abf'
23 七月 2026 19:01:54,768 DEBUG Worker-1  ResourcePlugin:getLocalFile - 开始从本地获取'/jlcb/dictionary.jar'
23 七月 2026 19:01:54,768 DEBUG Worker-1  ResourcePlugin:getLocalFile - 无法从本地找到/jlcb/dictionary.jar
23 七月 2026 19:02:05,610 DEBUG Worker-1  ResourcePlugin:getLocalFile - 开始从本地获取'/jlcb/classes/nxcb/lib/auth/auth/Auth.abf'
23 七月 2026 19:02:05,610 DEBUG Worker-1  ResourcePlugin:getLocalFile - 从本地找到'/jlcb/classes/nxcb/lib/auth/auth/Auth.abf'
23 七月 2026 19:02:05,698 DEBUG Worker-1  ResourcePlugin:getLocalFile - 开始从本地获取'/jlcb/dictionary.jar'
23 七月 2026 19:02:05,698 DEBUG Worker-1  ResourcePlugin:getLocalFile - 无法从本地找到/jlcb/dictionary.jar
23 七月 2026 19:02:19,323 DEBUG Worker-5  ResourcePlugin:getLocalFile - 开始从本地获取'/jlcb/classes/nxcb/lib/auth/auth/Auth.abf'
23 七月 2026 19:02:19,324 DEBUG Worker-5  ResourcePlugin:getLocalFile - 从本地找到'/jlcb/classes/nxcb/lib/auth/auth/Auth.abf'
23 七月 2026 19:02:19,391 DEBUG Worker-5  ResourcePlugin:getLocalFile - 开始从本地获取'/jlcb/dictionary.jar'
23 七月 2026 19:02:19,391 DEBUG Worker-5  ResourcePlugin:getLocalFile - 无法从本地找到/jlcb/dictionary.jar
23 七月 2026 19:02:23,295 DEBUG Worker-2  ResourcePlugin:getLocalFile - 开始从本地获取'/jlcb/classes/nxcb/lib/auth/auth/Auth.abf'
23 七月 2026 19:02:23,296 DEBUG Worker-2  ResourcePlugin:getLocalFile - 从本地找到'/jlcb/classes/nxcb/lib/auth/auth/Auth.abf'
23 七月 2026 19:02:23,668 DEBUG Worker-2  ResourcePlugin:getLocalFile - 开始从本地获取'/jlcb/dictionary.jar'
23 七月 2026 19:02:23,668 DEBUG Worker-2  ResourcePlugin:getLocalFile - 无法从本地找到/jlcb/dictionary.jar
23 七月 2026 19:14:09,402 DEBUG main  ResourcePlugin:getLocalFile - 开始从本地获取'/jlcb/classes/nxcb/trx/nx000/DepositMoney/t275270/T275270.abf'
23 七月 2026 19:14:09,402 DEBUG main  ResourcePlugin:getLocalFile - 从本地找到'/jlcb/classes/nxcb/trx/nx000/DepositMoney/t275270/T275270.abf'
23 七月 2026 19:14:09,478 DEBUG main  ResourcePlugin:getLocalFile - 开始从本地获取'/jlcb/dictionary.jar'
23 七月 2026 19:14:09,478 DEBUG main  ResourcePlugin:getLocalFile - 无法从本地找到/jlcb/dictionary.jar
23 七月 2026 19:14:09,560 DEBUG main  ResourcePlugin:getLocalFile - 开始从本地获取'/jlcb/resources/para/abs_combo_00000.ini'
23 七月 2026 19:14:09,560 DEBUG main  ResourcePlugin:getLocalFile - 从本地找到'/jlcb/resources/para/abs_combo_00000.ini'
23 七月 2026 19:14:10,025 DEBUG Worker-5  ResourcePlugin:getLocalFile - 开始从本地获取'/jlcb/classes/nxcb/pub/confirmWindow/ConfirmWindow.abf'
23 七月 2026 19:14:10,025 DEBUG Worker-5  ResourcePlugin:getLocalFile - 从本地找到'/jlcb/classes/nxcb/pub/confirmWindow/ConfirmWindow.abf'
23 七月 2026 19:14:10,111 DEBUG Worker-5  ResourcePlugin:getLocalFile - 开始从本地获取'/jlcb/dictionary.jar'
23 七月 2026 19:14:10,111 DEBUG Worker-5  ResourcePlugin:getLocalFile - 无法从本地找到/jlcb/dictionary.jar
23 七月 2026 19:14:17,453 DEBUG Worker-6  ResourcePlugin:getLocalFile - 开始从本地获取'/jlcb/classes/nxcb/lib/auth/auth/Auth.abf'
23 七月 2026 19:14:17,454 DEBUG Worker-6  ResourcePlugin:getLocalFile - 从本地找到'/jlcb/classes/nxcb/lib/auth/auth/Auth.abf'
23 七月 2026 19:14:17,529 DEBUG Worker-6  ResourcePlugin:getLocalFile - 开始从本地获取'/jlcb/dictionary.jar'
23 七月 2026 19:14:17,529 DEBUG Worker-6  ResourcePlugin:getLocalFile - 无法从本地找到/jlcb/dictionary.jar
23 七月 2026 21:44:05,269 DEBUG Worker-4  ResourcePlugin:getLocalFile - 开始从本地获取'/jlcb/classes/nxcb/pub/login/Tellerlogin.abf'
23 七月 2026 21:44:05,269 DEBUG Worker-4  ResourcePlugin:getLocalFile - 从本地找到'/jlcb/classes/nxcb/pub/login/Tellerlogin.abf'
23 七月 2026 21:44:05,269 ERROR Worker-4  ResourceClient:getResourceStamp - 获取资源stamp失败
java.io.IOException: 0006 接入服务器被拒绝．可能的原因：
1. 终端名设置错误　
2. 使用了错误的ip地址
	at cn.com.agree.ab.communication.CellUnit.exchangeMap(CellUnit.java:243)
	at cn.com.agree.ab.resource.client.ResourceClient.getResourceStamp(ResourceClient.java:94)
	at cn.com.agree.ab.resource.ResourcePlugin.updateFile(ResourcePlugin.java:973)
	at cn.com.agree.ab.resource.ResourcePlugin.getResourceFile(ResourcePlugin.java:652)
	at cn.com.agree.ab.resource.ResourcePlugin.getResourceStream(ResourcePlugin.java:661)
	at cn.com.agree.ab.gui.DomainDelegator.getTradeXml(DomainDelegator.java:646)
	at cn.com.agree.ab.exterior.ExteriorView.createDomain(ExteriorView.java:548)
	at cn.com.agree.ab.exterior.ExteriorView$6.run(ExteriorView.java:485)
	at org.eclipse.core.internal.jobs.Worker.run(Worker.java:55)
23 七月 2026 21:44:05,270 DEBUG Worker-4  ResourcePlugin:getLocalFile - 开始从本地获取'/jlcb/dictionary.jar'
23 七月 2026 21:44:05,270 DEBUG Worker-4  ResourcePlugin:getLocalFile - 无法从本地找到/jlcb/dictionary.jar
23 七月 2026 21:44:05,272 ERROR Worker-4  ResourceClient:getResourceStamp - 获取资源stamp失败
java.io.IOException: 0006 接入服务器被拒绝．可能的原因：
1. 终端名设置错误　
2. 使用了错误的ip地址
	at cn.com.agree.ab.communication.CellUnit.exchangeMap(CellUnit.java:243)
	at cn.com.agree.ab.resource.client.ResourceClient.getResourceStamp(ResourceClient.java:94)
	at cn.com.agree.ab.resource.ResourcePlugin.updateFile(ResourcePlugin.java:973)
	at cn.com.agree.ab.resource.ResourcePlugin.getResourceFile(ResourcePlugin.java:652)
	at cn.com.agree.ab.resource.dictionary.DictionaryManager.update(DictionaryManager.java:107)
	at cn.com.agree.ab.exterior.ExteriorView.createDomain(ExteriorView.java:576)
	at cn.com.agree.ab.exterior.ExteriorView$6.run(ExteriorView.java:485)
	at org.eclipse.core.internal.jobs.Worker.run(Worker.java:55)
23 七月 2026 21:44:25,139 DEBUG Worker-1  ResourcePlugin:getLocalFile - 开始从本地获取'/jlcb/classes/nxcb/pub/login/Tellerlogin.abf'
23 七月 2026 21:44:25,140  WARN Worker-1  ResourcePlugin:getLocalFile - 工程'jlcb'不存在, 程序将自动创建
23 七月 2026 21:44:25,201 DEBUG Worker-1  ResourcePlugin:getLocalFile - 从本地找到'/jlcb/classes/nxcb/pub/login/Tellerlogin.abf'
23 七月 2026 21:44:25,273 DEBUG Worker-1  ResourcePlugin:getLocalFile - 开始从本地获取'/jlcb/.classpath'
23 七月 2026 21:44:25,277 DEBUG Worker-1  ResourcePlugin:getLocalFile - 从本地找到'/jlcb/.classpath'
23 七月 2026 21:44:25,347 DEBUG Worker-1  ResourcePlugin:getLocalFile - 开始从本地获取'/jlcb/dictionary.jar'
23 七月 2026 21:44:25,347 DEBUG Worker-1  ResourcePlugin:getLocalFile - 无法从本地找到/jlcb/dictionary.jar
23 七月 2026 21:44:48,847 DEBUG main  ResourcePlugin:getLocalFile - 开始从本地获取'/jlcb/classes/nxcb/pub/frame/Frame.abf'
23 七月 2026 21:44:48,847 DEBUG main  ResourcePlugin:getLocalFile - 从本地找到'/jlcb/classes/nxcb/pub/frame/Frame.abf'
23 七月 2026 21:44:48,929 DEBUG main  ResourcePlugin:getLocalFile - 开始从本地获取'/jlcb/dictionary.jar'
23 七月 2026 21:44:48,929 DEBUG main  ResourcePlugin:getLocalFile - 无法从本地找到/jlcb/dictionary.jar
23 七月 2026 21:44:49,548 DEBUG main  ResourcePlugin:getLocalFile - 开始从本地获取'/jlcb/resources/image/search.png'
23 七月 2026 21:44:49,548 DEBUG main  ResourcePlugin:getLocalFile - 从本地找到'/jlcb/resources/image/search.png'
23 七月 2026 21:44:49,713 DEBUG main  ResourcePlugin:getLocalFile - 开始从本地获取'/jlcb/resources/image/service.png'
23 七月 2026 21:44:49,713 DEBUG main  ResourcePlugin:getLocalFile - 从本地找到'/jlcb/resources/image/service.png'
23 七月 2026 21:44:49,942 DEBUG main  ResourcePlugin:getLocalFile - 开始从本地获取'/jlcb/resources/image/网上银行.png'
23 七月 2026 21:44:49,942 DEBUG main  ResourcePlugin:getLocalFile - 从本地找到'/jlcb/resources/image/网上银行.png'
23 七月 2026 21:44:50,102 DEBUG main  ResourcePlugin:getLocalFile - 开始从本地获取'/jlcb/resources/image/中间业务.png'
23 七月 2026 21:44:50,102 DEBUG main  ResourcePlugin:getLocalFile - 从本地找到'/jlcb/resources/image/中间业务.png'
23 七月 2026 21:44:50,549 DEBUG main  ResourcePlugin:getLocalFile - 开始从本地获取'/jlcb/resources/image/短信平台.png'
23 七月 2026 21:44:50,549 DEBUG main  ResourcePlugin:getLocalFile - 从本地找到'/jlcb/resources/image/短信平台.png'
23 七月 2026 21:44:50,709 DEBUG main  ResourcePlugin:getLocalFile - 开始从本地获取'/jlcb/resources/image/统一报表平台.png'
23 七月 2026 21:44:50,709 DEBUG main  ResourcePlugin:getLocalFile - 从本地找到'/jlcb/resources/image/统一报表平台.png'
23 七月 2026 21:44:50,868 DEBUG main  ResourcePlugin:getLocalFile - 开始从本地获取'/jlcb/resources/image/反洗钱系统.png'
23 七月 2026 21:44:50,869 DEBUG main  ResourcePlugin:getLocalFile - 从本地找到'/jlcb/resources/image/反洗钱系统.png'
23 七月 2026 21:44:51,025 DEBUG main  ResourcePlugin:getLocalFile - 开始从本地获取'/jlcb/resources/image/信贷系统.png'
23 七月 2026 21:44:51,025 DEBUG main  ResourcePlugin:getLocalFile - 从本地找到'/jlcb/resources/image/信贷系统.png'
23 七月 2026 21:44:51,751 DEBUG main  ResourcePlugin:getLocalFile - 开始从本地获取'/jlcb/resources/image/差错平台.png'
23 七月 2026 21:44:51,752 DEBUG main  ResourcePlugin:getLocalFile - 从本地找到'/jlcb/resources/image/差错平台.png'
23 七月 2026 21:44:51,911 DEBUG main  ResourcePlugin:getLocalFile - 开始从本地获取'/jlcb/resources/image/综合业务系统.png'
23 七月 2026 21:44:51,911 DEBUG main  ResourcePlugin:getLocalFile - 从本地找到'/jlcb/resources/image/综合业务系统.png'
23 七月 2026 21:44:52,067 DEBUG main  ResourcePlugin:getLocalFile - 开始从本地获取'/jlcb/resources/image/理财平台.png'
23 七月 2026 21:44:52,068 DEBUG main  ResourcePlugin:getLocalFile - 从本地找到'/jlcb/resources/image/理财平台.png'
23 七月 2026 21:44:52,514 DEBUG main  ResourcePlugin:getLocalFile - 开始从本地获取'/jlcb/resources/image/事后监督.png'
23 七月 2026 21:44:52,514 DEBUG main  ResourcePlugin:getLocalFile - 从本地找到'/jlcb/resources/image/事后监督.png'
23 七月 2026 21:44:52,675 DEBUG main  ResourcePlugin:getLocalFile - 开始从本地获取'/jlcb/resources/image/财务管理.png'
23 七月 2026 21:44:52,675 DEBUG main  ResourcePlugin:getLocalFile - 从本地找到'/jlcb/resources/image/财务管理.png'
23 七月 2026 21:44:53,116 DEBUG main  ResourcePlugin:getLocalFile - 开始从本地获取'/jlcb/resources/image/积分管理.png'
23 七月 2026 21:44:53,116 DEBUG main  ResourcePlugin:getLocalFile - 从本地找到'/jlcb/resources/image/积分管理.png'
23 七月 2026 21:44:53,274 DEBUG main  ResourcePlugin:getLocalFile - 开始从本地获取'/jlcb/resources/image/现金管理.png'
23 七月 2026 21:44:53,274 DEBUG main  ResourcePlugin:getLocalFile - 从本地找到'/jlcb/resources/image/现金管理.png'
23 七月 2026 21:44:53,428 DEBUG main  ResourcePlugin:getLocalFile - 开始从本地获取'/jlcb/resources/image/大额存单系统.png'
23 七月 2026 21:44:53,430 DEBUG main  ResourcePlugin:getLocalFile - 从本地找到'/jlcb/resources/image/大额存单系统.png'
23 七月 2026 21:44:53,602 DEBUG main  ResourcePlugin:getLocalFile - 开始从本地获取'/jlcb/resources/image/电子验印.png'
23 七月 2026 21:44:53,602 DEBUG main  ResourcePlugin:getLocalFile - 从本地找到'/jlcb/resources/image/电子验印.png'
23 七月 2026 21:44:53,765 DEBUG main  ResourcePlugin:getLocalFile - 开始从本地获取'/jlcb/resources/image/国结系统.png'
23 七月 2026 21:44:53,765 DEBUG main  ResourcePlugin:getLocalFile - 从本地找到'/jlcb/resources/image/国结系统.png'
23 七月 2026 21:44:55,462 DEBUG main  ResourcePlugin:getLocalFile - 开始从本地获取'/jlcb/resources/image/noMsg.png'
23 七月 2026 21:44:55,462 DEBUG main  ResourcePlugin:getLocalFile - 从本地找到'/jlcb/resources/image/noMsg.png'
23 七月 2026 21:45:39,237 DEBUG main  ResourcePlugin:getLocalFile - 开始从本地获取'/jlcb/classes/nxcb/trx/nx000/t832003/T832003.abf'
23 七月 2026 21:45:39,237 DEBUG main  ResourcePlugin:getLocalFile - 从本地找到'/jlcb/classes/nxcb/trx/nx000/t832003/T832003.abf'
23 七月 2026 21:45:39,324 DEBUG main  ResourcePlugin:getLocalFile - 开始从本地获取'/jlcb/dictionary.jar'
23 七月 2026 21:45:39,324 DEBUG main  ResourcePlugin:getLocalFile - 无法从本地找到/jlcb/dictionary.jar
23 七月 2026 21:46:02,452 DEBUG Worker-0  ResourcePlugin:getLocalFile - 开始从本地获取'/jlcb/classes/nxcb/pub/login/Tellerlogin.abf'
23 七月 2026 21:46:02,452 DEBUG Worker-0  ResourcePlugin:getLocalFile - 从本地找到'/jlcb/classes/nxcb/pub/login/Tellerlogin.abf'
23 七月 2026 21:46:02,931 DEBUG Worker-0  ResourcePlugin:getLocalFile - 开始从本地获取'/jlcb/dictionary.jar'
23 七月 2026 21:46:02,931 DEBUG Worker-0  ResourcePlugin:getLocalFile - 无法从本地找到/jlcb/dictionary.jar
24 七月 2026 10:52:17,154 DEBUG Worker-1  ResourcePlugin:getLocalFile - 开始从本地获取'/jlcb/classes/nxcb/pub/login/Tellerlogin.abf'
24 七月 2026 10:52:17,155  WARN Worker-1  ResourcePlugin:getLocalFile - 工程'jlcb'不存在, 程序将自动创建
24 七月 2026 10:52:17,254 DEBUG Worker-1  ResourcePlugin:getLocalFile - 从本地找到'/jlcb/classes/nxcb/pub/login/Tellerlogin.abf'
24 七月 2026 10:52:17,350 DEBUG Worker-1  ResourcePlugin:getLocalFile - 开始从本地获取'/jlcb/.classpath'
24 七月 2026 10:52:17,351 DEBUG Worker-1  ResourcePlugin:getLocalFile - 从本地找到'/jlcb/.classpath'
24 七月 2026 10:52:17,447 DEBUG Worker-1  ResourcePlugin:getLocalFile - 开始从本地获取'/jlcb/dictionary.jar'
24 七月 2026 10:52:17,447 DEBUG Worker-1  ResourcePlugin:getLocalFile - 无法从本地找到/jlcb/dictionary.jar
24 七月 2026 10:52:30,949 DEBUG main  ResourcePlugin:getLocalFile - 开始从本地获取'/jlcb/classes/nxcb/pub/frame/Frame.abf'
24 七月 2026 10:52:30,949 DEBUG main  ResourcePlugin:getLocalFile - 从本地找到'/jlcb/classes/nxcb/pub/frame/Frame.abf'
24 七月 2026 10:52:31,038 DEBUG main  ResourcePlugin:getLocalFile - 开始从本地获取'/jlcb/dictionary.jar'
24 七月 2026 10:52:31,038 DEBUG main  ResourcePlugin:getLocalFile - 无法从本地找到/jlcb/dictionary.jar
24 七月 2026 10:52:31,386 DEBUG main  ResourcePlugin:getLocalFile - 开始从本地获取'/jlcb/resources/image/search.png'
24 七月 2026 10:52:31,386 DEBUG main  ResourcePlugin:getLocalFile - 从本地找到'/jlcb/resources/image/search.png'
24 七月 2026 10:52:31,547 DEBUG main  ResourcePlugin:getLocalFile - 开始从本地获取'/jlcb/resources/image/service.png'
24 七月 2026 10:52:31,547 DEBUG main  ResourcePlugin:getLocalFile - 从本地找到'/jlcb/resources/image/service.png'
24 七月 2026 10:52:31,805 DEBUG main  ResourcePlugin:getLocalFile - 开始从本地获取'/jlcb/resources/image/网上银行.png'
24 七月 2026 10:52:31,805 DEBUG main  ResourcePlugin:getLocalFile - 从本地找到'/jlcb/resources/image/网上银行.png'
24 七月 2026 10:52:31,946 DEBUG main  ResourcePlugin:getLocalFile - 开始从本地获取'/jlcb/resources/image/中间业务.png'
24 七月 2026 10:52:31,947 DEBUG main  ResourcePlugin:getLocalFile - 从本地找到'/jlcb/resources/image/中间业务.png'
24 七月 2026 10:52:32,086 DEBUG main  ResourcePlugin:getLocalFile - 开始从本地获取'/jlcb/resources/image/短信平台.png'
24 七月 2026 10:52:32,086 DEBUG main  ResourcePlugin:getLocalFile - 从本地找到'/jlcb/resources/image/短信平台.png'
24 七月 2026 10:52:32,221 DEBUG main  ResourcePlugin:getLocalFile - 开始从本地获取'/jlcb/resources/image/统一报表平台.png'
24 七月 2026 10:52:32,221 DEBUG main  ResourcePlugin:getLocalFile - 从本地找到'/jlcb/resources/image/统一报表平台.png'
24 七月 2026 10:52:32,363 DEBUG main  ResourcePlugin:getLocalFile - 开始从本地获取'/jlcb/resources/image/反洗钱系统.png'
24 七月 2026 10:52:32,363 DEBUG main  ResourcePlugin:getLocalFile - 从本地找到'/jlcb/resources/image/反洗钱系统.png'
24 七月 2026 10:52:32,495 DEBUG main  ResourcePlugin:getLocalFile - 开始从本地获取'/jlcb/resources/image/信贷系统.png'
24 七月 2026 10:52:32,495 DEBUG main  ResourcePlugin:getLocalFile - 从本地找到'/jlcb/resources/image/信贷系统.png'
24 七月 2026 10:52:32,626 DEBUG main  ResourcePlugin:getLocalFile - 开始从本地获取'/jlcb/resources/image/差错平台.png'
24 七月 2026 10:52:32,626 DEBUG main  ResourcePlugin:getLocalFile - 从本地找到'/jlcb/resources/image/差错平台.png'
24 七月 2026 10:52:32,758 DEBUG main  ResourcePlugin:getLocalFile - 开始从本地获取'/jlcb/resources/image/综合业务系统.png'
24 七月 2026 10:52:32,758 DEBUG main  ResourcePlugin:getLocalFile - 从本地找到'/jlcb/resources/image/综合业务系统.png'
24 七月 2026 10:52:32,891 DEBUG main  ResourcePlugin:getLocalFile - 开始从本地获取'/jlcb/resources/image/理财平台.png'
24 七月 2026 10:52:32,891 DEBUG main  ResourcePlugin:getLocalFile - 从本地找到'/jlcb/resources/image/理财平台.png'
24 七月 2026 10:52:33,027 DEBUG main  ResourcePlugin:getLocalFile - 开始从本地获取'/jlcb/resources/image/事后监督.png'
24 七月 2026 10:52:33,027 DEBUG main  ResourcePlugin:getLocalFile - 从本地找到'/jlcb/resources/image/事后监督.png'
24 七月 2026 10:52:33,165 DEBUG main  ResourcePlugin:getLocalFile - 开始从本地获取'/jlcb/resources/image/财务管理.png'
24 七月 2026 10:52:33,165 DEBUG main  ResourcePlugin:getLocalFile - 从本地找到'/jlcb/resources/image/财务管理.png'
24 七月 2026 10:52:33,299 DEBUG main  ResourcePlugin:getLocalFile - 开始从本地获取'/jlcb/resources/image/积分管理.png'
24 七月 2026 10:52:33,299 DEBUG main  ResourcePlugin:getLocalFile - 从本地找到'/jlcb/resources/image/积分管理.png'
24 七月 2026 10:52:33,434 DEBUG main  ResourcePlugin:getLocalFile - 开始从本地获取'/jlcb/resources/image/现金管理.png'
24 七月 2026 10:52:33,434 DEBUG main  ResourcePlugin:getLocalFile - 从本地找到'/jlcb/resources/image/现金管理.png'
24 七月 2026 10:52:33,564 DEBUG main  ResourcePlugin:getLocalFile - 开始从本地获取'/jlcb/resources/image/大额存单系统.png'
24 七月 2026 10:52:33,565 DEBUG main  ResourcePlugin:getLocalFile - 从本地找到'/jlcb/resources/image/大额存单系统.png'
24 七月 2026 10:52:33,699 DEBUG main  ResourcePlugin:getLocalFile - 开始从本地获取'/jlcb/resources/image/电子验印.png'
24 七月 2026 10:52:33,699 DEBUG main  ResourcePlugin:getLocalFile - 从本地找到'/jlcb/resources/image/电子验印.png'
24 七月 2026 10:52:33,840 DEBUG main  ResourcePlugin:getLocalFile - 开始从本地获取'/jlcb/resources/image/国结系统.png'
24 七月 2026 10:52:33,840 DEBUG main  ResourcePlugin:getLocalFile - 从本地找到'/jlcb/resources/image/国结系统.png'
24 七月 2026 10:52:35,115 DEBUG main  ResourcePlugin:getLocalFile - 开始从本地获取'/jlcb/resources/image/noMsg.png'
24 七月 2026 10:52:35,115 DEBUG main  ResourcePlugin:getLocalFile - 从本地找到'/jlcb/resources/image/noMsg.png'
24 七月 2026 10:53:23,888 DEBUG main  ResourcePlugin:getLocalFile - 开始从本地获取'/jlcb/classes/nxcb/trx/nx000/DepositMoney/t274010/T274010.abf'
24 七月 2026 10:53:23,888 DEBUG main  ResourcePlugin:getLocalFile - 从本地找到'/jlcb/classes/nxcb/trx/nx000/DepositMoney/t274010/T274010.abf'
24 七月 2026 10:53:23,967 DEBUG main  ResourcePlugin:getLocalFile - 开始从本地获取'/jlcb/dictionary.jar'
24 七月 2026 10:53:23,967 DEBUG main  ResourcePlugin:getLocalFile - 无法从本地找到/jlcb/dictionary.jar
24 七月 2026 10:53:24,206 DEBUG main  ResourcePlugin:getLocalFile - 开始从本地获取'/jlcb/resources/para/abs_combo_00000.ini'
24 七月 2026 10:53:24,206 DEBUG main  ResourcePlugin:getLocalFile - 从本地找到'/jlcb/resources/para/abs_combo_00000.ini'
24 七月 2026 10:53:31,246 DEBUG Worker-3  ResourcePlugin:getLocalFile - 开始从本地获取'/jlcb/classes/nxcb/pub/confirmWindow/ConfirmWindow.abf'
24 七月 2026 10:53:31,246 DEBUG Worker-3  ResourcePlugin:getLocalFile - 从本地找到'/jlcb/classes/nxcb/pub/confirmWindow/ConfirmWindow.abf'
24 七月 2026 10:53:31,327 DEBUG Worker-3  ResourcePlugin:getLocalFile - 开始从本地获取'/jlcb/dictionary.jar'
24 七月 2026 10:53:31,327 DEBUG Worker-3  ResourcePlugin:getLocalFile - 无法从本地找到/jlcb/dictionary.jar
24 七月 2026 10:54:00,804 DEBUG Worker-3  ResourcePlugin:getLocalFile - 开始从本地获取'/jlcb/classes/nxcb/lib/axep/pinPanel/PinPanel.abf'
24 七月 2026 10:54:00,805 DEBUG Worker-3  ResourcePlugin:getLocalFile - 从本地找到'/jlcb/classes/nxcb/lib/axep/pinPanel/PinPanel.abf'
24 七月 2026 10:54:00,888 DEBUG Worker-3  ResourcePlugin:getLocalFile - 开始从本地获取'/jlcb/dictionary.jar'
24 七月 2026 10:54:00,888 DEBUG Worker-3  ResourcePlugin:getLocalFile - 无法从本地找到/jlcb/dictionary.jar
24 七月 2026 10:54:43,513 DEBUG Worker-4  ResourcePlugin:getLocalFile - 开始从本地获取'/jlcb/classes/nxcb/trx/nx000/t360102/T360102.abf'
24 七月 2026 10:54:43,513 DEBUG Worker-4  ResourcePlugin:getLocalFile - 从本地找到'/jlcb/classes/nxcb/trx/nx000/t360102/T360102.abf'
24 七月 2026 10:54:43,606 DEBUG Worker-4  ResourcePlugin:getLocalFile - 开始从本地获取'/jlcb/dictionary.jar'
24 七月 2026 10:54:43,607 DEBUG Worker-4  ResourcePlugin:getLocalFile - 无法从本地找到/jlcb/dictionary.jar
24 七月 2026 10:54:43,782 DEBUG main  ResourcePlugin:getLocalFile - 开始从本地获取'/jlcb/resources/para/abs_combo_00000.ini'
24 七月 2026 10:54:43,782 DEBUG main  ResourcePlugin:getLocalFile - 从本地找到'/jlcb/resources/para/abs_combo_00000.ini'
24 七月 2026 10:54:48,798 DEBUG Worker-1  ResourcePlugin:getLocalFile - 开始从本地获取'/jlcb/classes/nxcb/lib/auth/auth/Auth.abf'
24 七月 2026 10:54:48,798 DEBUG Worker-1  ResourcePlugin:getLocalFile - 从本地找到'/jlcb/classes/nxcb/lib/auth/auth/Auth.abf'
24 七月 2026 10:54:48,882 DEBUG Worker-1  ResourcePlugin:getLocalFile - 开始从本地获取'/jlcb/dictionary.jar'
24 七月 2026 10:54:48,882 DEBUG Worker-1  ResourcePlugin:getLocalFile - 无法从本地找到/jlcb/dictionary.jar
24 七月 2026 10:55:03,558 DEBUG main  ResourcePlugin:getLocalFile - 开始从本地获取'/jlcb/classes/nxcb/trx/nx000/DepositMoney/t274010/T274010.abf'
24 七月 2026 10:55:03,559 DEBUG main  ResourcePlugin:getLocalFile - 从本地找到'/jlcb/classes/nxcb/trx/nx000/DepositMoney/t274010/T274010.abf'
24 七月 2026 10:55:03,628 DEBUG main  ResourcePlugin:getLocalFile - 开始从本地获取'/jlcb/dictionary.jar'
24 七月 2026 10:55:03,628 DEBUG main  ResourcePlugin:getLocalFile - 无法从本地找到/jlcb/dictionary.jar
24 七月 2026 10:55:03,746 DEBUG main  ResourcePlugin:getLocalFile - 开始从本地获取'/jlcb/resources/para/abs_combo_00000.ini'
24 七月 2026 10:55:03,746 DEBUG main  ResourcePlugin:getLocalFile - 从本地找到'/jlcb/resources/para/abs_combo_00000.ini'
24 七月 2026 10:55:16,352 DEBUG Worker-3  ResourcePlugin:getLocalFile - 开始从本地获取'/jlcb/classes/nxcb/pub/confirmWindow/ConfirmWindow.abf'
24 七月 2026 10:55:16,353 DEBUG Worker-3  ResourcePlugin:getLocalFile - 从本地找到'/jlcb/classes/nxcb/pub/confirmWindow/ConfirmWindow.abf'
24 七月 2026 10:55:16,435 DEBUG Worker-3  ResourcePlugin:getLocalFile - 开始从本地获取'/jlcb/dictionary.jar'
24 七月 2026 10:55:16,436 DEBUG Worker-3  ResourcePlugin:getLocalFile - 无法从本地找到/jlcb/dictionary.jar
24 七月 2026 10:55:22,046 DEBUG Worker-3  ResourcePlugin:getLocalFile - 开始从本地获取'/jlcb/classes/nxcb/lib/axep/pinPanel/PinPanel.abf'
24 七月 2026 10:55:22,046 DEBUG Worker-3  ResourcePlugin:getLocalFile - 从本地找到'/jlcb/classes/nxcb/lib/axep/pinPanel/PinPanel.abf'
24 七月 2026 10:55:22,119 DEBUG Worker-3  ResourcePlugin:getLocalFile - 开始从本地获取'/jlcb/dictionary.jar'
24 七月 2026 10:55:22,119 DEBUG Worker-3  ResourcePlugin:getLocalFile - 无法从本地找到/jlcb/dictionary.jar
24 七月 2026 10:55:43,348 DEBUG Worker-6  ResourcePlugin:getLocalFile - 开始从本地获取'/jlcb/classes/nxcb/trx/nx000/t360102/T360102.abf'
24 七月 2026 10:55:43,349 DEBUG Worker-6  ResourcePlugin:getLocalFile - 从本地找到'/jlcb/classes/nxcb/trx/nx000/t360102/T360102.abf'
24 七月 2026 10:55:43,417 DEBUG Worker-6  ResourcePlugin:getLocalFile - 开始从本地获取'/jlcb/dictionary.jar'
24 七月 2026 10:55:43,418 DEBUG Worker-6  ResourcePlugin:getLocalFile - 无法从本地找到/jlcb/dictionary.jar
24 七月 2026 10:55:43,532 DEBUG main  ResourcePlugin:getLocalFile - 开始从本地获取'/jlcb/resources/para/abs_combo_00000.ini'
24 七月 2026 10:55:43,533 DEBUG main  ResourcePlugin:getLocalFile - 从本地找到'/jlcb/resources/para/abs_combo_00000.ini'
24 七月 2026 10:55:47,771 DEBUG Worker-2  ResourcePlugin:getLocalFile - 开始从本地获取'/jlcb/classes/nxcb/lib/auth/auth/Auth.abf'
24 七月 2026 10:55:47,772 DEBUG Worker-2  ResourcePlugin:getLocalFile - 从本地找到'/jlcb/classes/nxcb/lib/auth/auth/Auth.abf'
24 七月 2026 10:55:47,845 DEBUG Worker-2  ResourcePlugin:getLocalFile - 开始从本地获取'/jlcb/dictionary.jar'
24 七月 2026 10:55:47,845 DEBUG Worker-2  ResourcePlugin:getLocalFile - 无法从本地找到/jlcb/dictionary.jar
24 七月 2026 11:26:07,127 DEBUG main  ResourcePlugin:getLocalFile - 开始从本地获取'/jlcb/classes/nxcb/pub/login/Tellerlogin.abf'
24 七月 2026 11:26:07,127 DEBUG main  ResourcePlugin:getLocalFile - 从本地找到'/jlcb/classes/nxcb/pub/login/Tellerlogin.abf'
24 七月 2026 11:26:07,202 DEBUG main  ResourcePlugin:getLocalFile - 开始从本地获取'/jlcb/dictionary.jar'
24 七月 2026 11:26:07,202 DEBUG main  ResourcePlugin:getLocalFile - 无法从本地找到/jlcb/dictionary.jar
24 七月 2026 11:26:11,382 DEBUG Worker-5  ResourcePlugin:getLocalFile - 开始从本地获取'/jlcb/classes/nxcb/pub/login/Tellerlogin.abf'
24 七月 2026 11:26:11,382 DEBUG Worker-5  ResourcePlugin:getLocalFile - 从本地找到'/jlcb/classes/nxcb/pub/login/Tellerlogin.abf'
24 七月 2026 11:26:11,477 DEBUG Worker-5  ResourcePlugin:getLocalFile - 开始从本地获取'/jlcb/dictionary.jar'
24 七月 2026 11:26:11,477 DEBUG Worker-5  ResourcePlugin:getLocalFile - 无法从本地找到/jlcb/dictionary.jar
26 七月 2026 22:50:53,181 DEBUG Worker-5  ResourcePlugin:getLocalFile - 开始从本地获取'/jlcb/classes/nxcb/pub/login/Tellerlogin.abf'
26 七月 2026 22:50:53,183  WARN Worker-5  ResourcePlugin:getLocalFile - 工程'jlcb'不存在, 程序将自动创建
26 七月 2026 22:50:53,281 DEBUG Worker-5  ResourcePlugin:getLocalFile - 从本地找到'/jlcb/classes/nxcb/pub/login/Tellerlogin.abf'
26 七月 2026 22:50:53,372 DEBUG Worker-5  ResourcePlugin:getLocalFile - 开始从本地获取'/jlcb/.classpath'
26 七月 2026 22:50:53,373 DEBUG Worker-5  ResourcePlugin:getLocalFile - 从本地找到'/jlcb/.classpath'
26 七月 2026 22:50:53,454 DEBUG Worker-5  ResourcePlugin:getLocalFile - 开始从本地获取'/jlcb/dictionary.jar'
26 七月 2026 22:50:53,454 DEBUG Worker-5  ResourcePlugin:getLocalFile - 无法从本地找到/jlcb/dictionary.jar
26 七月 2026 22:51:11,378 DEBUG Worker-1  ResourcePlugin:getLocalFile - 开始从本地获取'/jlcb/classes/nxcb/pub/login/Tellerlogin.abf'
26 七月 2026 22:51:11,380 DEBUG Worker-1  ResourcePlugin:getLocalFile - 从本地找到'/jlcb/classes/nxcb/pub/login/Tellerlogin.abf'
26 七月 2026 22:51:11,466 DEBUG Worker-1  ResourcePlugin:getLocalFile - 开始从本地获取'/jlcb/dictionary.jar'
26 七月 2026 22:51:11,466 DEBUG Worker-1  ResourcePlugin:getLocalFile - 无法从本地找到/jlcb/dictionary.jar
26 七月 2026 23:38:01,295 DEBUG Worker-1  ResourcePlugin:getLocalFile - 开始从本地获取'/jlcb/classes/nxcb/pub/login/Tellerlogin.abf'
26 七月 2026 23:38:01,296  WARN Worker-1  ResourcePlugin:getLocalFile - 工程'jlcb'不存在, 程序将自动创建
26 七月 2026 23:38:01,377 DEBUG Worker-1  ResourcePlugin:getLocalFile - 从本地找到'/jlcb/classes/nxcb/pub/login/Tellerlogin.abf'
26 七月 2026 23:38:01,462 DEBUG Worker-1  ResourcePlugin:getLocalFile - 开始从本地获取'/jlcb/.classpath'
26 七月 2026 23:38:01,462 DEBUG Worker-1  ResourcePlugin:getLocalFile - 从本地找到'/jlcb/.classpath'
26 七月 2026 23:38:01,816 DEBUG Worker-1  ResourcePlugin:getLocalFile - 开始从本地获取'/jlcb/dictionary.jar'
26 七月 2026 23:38:01,816 DEBUG Worker-1  ResourcePlugin:getLocalFile - 无法从本地找到/jlcb/dictionary.jar
26 七月 2026 23:38:16,740 DEBUG main  ResourcePlugin:getLocalFile - 开始从本地获取'/jlcb/classes/nxcb/pub/frame/Frame.abf'
26 七月 2026 23:38:16,741 DEBUG main  ResourcePlugin:getLocalFile - 从本地找到'/jlcb/classes/nxcb/pub/frame/Frame.abf'
26 七月 2026 23:38:16,822 DEBUG main  ResourcePlugin:getLocalFile - 开始从本地获取'/jlcb/dictionary.jar'
26 七月 2026 23:38:16,822 DEBUG main  ResourcePlugin:getLocalFile - 无法从本地找到/jlcb/dictionary.jar
26 七月 2026 23:38:17,149 DEBUG main  ResourcePlugin:getLocalFile - 开始从本地获取'/jlcb/resources/image/search.png'
26 七月 2026 23:38:17,149 DEBUG main  ResourcePlugin:getLocalFile - 从本地找到'/jlcb/resources/image/search.png'
26 七月 2026 23:38:17,314 DEBUG main  ResourcePlugin:getLocalFile - 开始从本地获取'/jlcb/resources/image/service.png'
26 七月 2026 23:38:17,315 DEBUG main  ResourcePlugin:getLocalFile - 从本地找到'/jlcb/resources/image/service.png'
26 七月 2026 23:38:17,593 DEBUG main  ResourcePlugin:getLocalFile - 开始从本地获取'/jlcb/resources/image/网上银行.png'
26 七月 2026 23:38:17,593 DEBUG main  ResourcePlugin:getLocalFile - 从本地找到'/jlcb/resources/image/网上银行.png'
26 七月 2026 23:38:17,746 DEBUG main  ResourcePlugin:getLocalFile - 开始从本地获取'/jlcb/resources/image/中间业务.png'
26 七月 2026 23:38:17,746 DEBUG main  ResourcePlugin:getLocalFile - 从本地找到'/jlcb/resources/image/中间业务.png'
26 七月 2026 23:38:17,921 DEBUG main  ResourcePlugin:getLocalFile - 开始从本地获取'/jlcb/resources/image/短信平台.png'
26 七月 2026 23:38:17,921 DEBUG main  ResourcePlugin:getLocalFile - 从本地找到'/jlcb/resources/image/短信平台.png'
26 七月 2026 23:38:18,503 DEBUG main  ResourcePlugin:getLocalFile - 开始从本地获取'/jlcb/resources/image/统一报表平台.png'
26 七月 2026 23:38:18,503 DEBUG main  ResourcePlugin:getLocalFile - 从本地找到'/jlcb/resources/image/统一报表平台.png'
26 七月 2026 23:38:18,678 DEBUG main  ResourcePlugin:getLocalFile - 开始从本地获取'/jlcb/resources/image/反洗钱系统.png'
26 七月 2026 23:38:18,679 DEBUG main  ResourcePlugin:getLocalFile - 从本地找到'/jlcb/resources/image/反洗钱系统.png'
26 七月 2026 23:38:18,850 DEBUG main  ResourcePlugin:getLocalFile - 开始从本地获取'/jlcb/resources/image/信贷系统.png'
26 七月 2026 23:38:18,850 DEBUG main  ResourcePlugin:getLocalFile - 从本地找到'/jlcb/resources/image/信贷系统.png'
26 七月 2026 23:38:19,331 DEBUG main  ResourcePlugin:getLocalFile - 开始从本地获取'/jlcb/resources/image/差错平台.png'
26 七月 2026 23:38:19,331 DEBUG main  ResourcePlugin:getLocalFile - 从本地找到'/jlcb/resources/image/差错平台.png'
26 七月 2026 23:38:19,530 DEBUG main  ResourcePlugin:getLocalFile - 开始从本地获取'/jlcb/resources/image/综合业务系统.png'
26 七月 2026 23:38:19,531 DEBUG main  ResourcePlugin:getLocalFile - 从本地找到'/jlcb/resources/image/综合业务系统.png'
26 七月 2026 23:38:19,728 DEBUG main  ResourcePlugin:getLocalFile - 开始从本地获取'/jlcb/resources/image/理财平台.png'
26 七月 2026 23:38:19,728 DEBUG main  ResourcePlugin:getLocalFile - 从本地找到'/jlcb/resources/image/理财平台.png'
26 七月 2026 23:38:19,883 DEBUG main  ResourcePlugin:getLocalFile - 开始从本地获取'/jlcb/resources/image/事后监督.png'
26 七月 2026 23:38:19,883 DEBUG main  ResourcePlugin:getLocalFile - 从本地找到'/jlcb/resources/image/事后监督.png'
26 七月 2026 23:38:20,017 DEBUG main  ResourcePlugin:getLocalFile - 开始从本地获取'/jlcb/resources/image/财务管理.png'
26 七月 2026 23:38:20,018 DEBUG main  ResourcePlugin:getLocalFile - 从本地找到'/jlcb/resources/image/财务管理.png'
26 七月 2026 23:38:20,427 DEBUG main  ResourcePlugin:getLocalFile - 开始从本地获取'/jlcb/resources/image/积分管理.png'
26 七月 2026 23:38:20,428 DEBUG main  ResourcePlugin:getLocalFile - 从本地找到'/jlcb/resources/image/积分管理.png'
26 七月 2026 23:38:20,621 DEBUG main  ResourcePlugin:getLocalFile - 开始从本地获取'/jlcb/resources/image/现金管理.png'
26 七月 2026 23:38:20,621 DEBUG main  ResourcePlugin:getLocalFile - 从本地找到'/jlcb/resources/image/现金管理.png'
26 七月 2026 23:38:20,751 DEBUG main  ResourcePlugin:getLocalFile - 开始从本地获取'/jlcb/resources/image/大额存单系统.png'
26 七月 2026 23:38:20,751 DEBUG main  ResourcePlugin:getLocalFile - 从本地找到'/jlcb/resources/image/大额存单系统.png'
26 七月 2026 23:38:21,161 DEBUG main  ResourcePlugin:getLocalFile - 开始从本地获取'/jlcb/resources/image/电子验印.png'
26 七月 2026 23:38:21,162 DEBUG main  ResourcePlugin:getLocalFile - 从本地找到'/jlcb/resources/image/电子验印.png'
26 七月 2026 23:38:21,352 DEBUG main  ResourcePlugin:getLocalFile - 开始从本地获取'/jlcb/resources/image/国结系统.png'
26 七月 2026 23:38:21,353 DEBUG main  ResourcePlugin:getLocalFile - 从本地找到'/jlcb/resources/image/国结系统.png'
26 七月 2026 23:38:23,671 DEBUG main  ResourcePlugin:getLocalFile - 开始从本地获取'/jlcb/resources/image/noMsg.png'
26 七月 2026 23:38:23,672 DEBUG main  ResourcePlugin:getLocalFile - 从本地找到'/jlcb/resources/image/noMsg.png'
26 七月 2026 23:38:30,588 DEBUG main  ResourcePlugin:getLocalFile - 开始从本地获取'/jlcb/classes/nxcb/trx/nx000/bankcard/t860613/T860613.abf'
26 七月 2026 23:38:30,588 DEBUG main  ResourcePlugin:getLocalFile - 从本地找到'/jlcb/classes/nxcb/trx/nx000/bankcard/t860613/T860613.abf'
26 七月 2026 23:38:30,669 DEBUG main  ResourcePlugin:getLocalFile - 开始从本地获取'/jlcb/dictionary.jar'
26 七月 2026 23:38:30,669 DEBUG main  ResourcePlugin:getLocalFile - 无法从本地找到/jlcb/dictionary.jar
26 七月 2026 23:38:30,856 DEBUG main  ResourcePlugin:getLocalFile - 开始从本地获取'/jlcb/resources/para/abs_combo_00000.ini'
26 七月 2026 23:38:30,856 DEBUG main  ResourcePlugin:getLocalFile - 从本地找到'/jlcb/resources/para/abs_combo_00000.ini'
26 七月 2026 23:38:31,302 DEBUG main  ResourcePlugin:getLocalFile - 开始从本地获取'/jlcb/resources/para/abs_sys_combo.ini'
26 七月 2026 23:38:31,302 DEBUG main  ResourcePlugin:getLocalFile - 从本地找到'/jlcb/resources/para/abs_sys_combo.ini'
26 七月 2026 23:38:48,958 DEBUG main  ResourcePlugin:getLocalFile - 开始从本地获取'/jlcb/classes/nxcb/trx/nx000/bankcard/t120015/T120015.abf'
26 七月 2026 23:38:48,958 DEBUG main  ResourcePlugin:getLocalFile - 从本地找到'/jlcb/classes/nxcb/trx/nx000/bankcard/t120015/T120015.abf'
26 七月 2026 23:38:49,043 DEBUG main  ResourcePlugin:getLocalFile - 开始从本地获取'/jlcb/dictionary.jar'
26 七月 2026 23:38:49,043 DEBUG main  ResourcePlugin:getLocalFile - 无法从本地找到/jlcb/dictionary.jar
26 七月 2026 23:38:49,210 DEBUG main  ResourcePlugin:getLocalFile - 开始从本地获取'/jlcb/resources/para/abs_combo_00000.ini'
26 七月 2026 23:38:49,210 DEBUG main  ResourcePlugin:getLocalFile - 从本地找到'/jlcb/resources/para/abs_combo_00000.ini'
26 七月 2026 23:38:57,872 DEBUG main  ResourcePlugin:getLocalFile - 开始从本地获取'/jlcb/classes/nxcb/trx/nx000/t243010/T243010.abf'
26 七月 2026 23:38:57,872 DEBUG main  ResourcePlugin:getLocalFile - 从本地找到'/jlcb/classes/nxcb/trx/nx000/t243010/T243010.abf'
26 七月 2026 23:38:57,955 DEBUG main  ResourcePlugin:getLocalFile - 开始从本地获取'/jlcb/dictionary.jar'
26 七月 2026 23:38:57,955 DEBUG main  ResourcePlugin:getLocalFile - 无法从本地找到/jlcb/dictionary.jar
26 七月 2026 23:38:58,124 DEBUG main  ResourcePlugin:getLocalFile - 开始从本地获取'/jlcb/resources/para/abs_combo_00000.ini'
26 七月 2026 23:38:58,124 DEBUG main  ResourcePlugin:getLocalFile - 从本地找到'/jlcb/resources/para/abs_combo_00000.ini'
26 七月 2026 23:39:11,890 DEBUG Worker-3  ResourcePlugin:getLocalFile - 开始从本地获取'/jlcb/classes/nxcb/pub/confirmWindow/ConfirmWindow.abf'
26 七月 2026 23:39:11,890 DEBUG Worker-3  ResourcePlugin:getLocalFile - 从本地找到'/jlcb/classes/nxcb/pub/confirmWindow/ConfirmWindow.abf'
26 七月 2026 23:39:12,013 DEBUG Worker-3  ResourcePlugin:getLocalFile - 开始从本地获取'/jlcb/dictionary.jar'
26 七月 2026 23:39:12,013 DEBUG Worker-3  ResourcePlugin:getLocalFile - 无法从本地找到/jlcb/dictionary.jar
26 七月 2026 23:39:26,953 DEBUG Worker-4  ResourcePlugin:getLocalFile - 开始从本地获取'/jlcb/classes/nxcb/pub/confirmWindow/ConfirmWindow.abf'
26 七月 2026 23:39:26,953 DEBUG Worker-4  ResourcePlugin:getLocalFile - 从本地找到'/jlcb/classes/nxcb/pub/confirmWindow/ConfirmWindow.abf'
26 七月 2026 23:39:27,069 DEBUG Worker-4  ResourcePlugin:getLocalFile - 开始从本地获取'/jlcb/dictionary.jar'
26 七月 2026 23:39:27,070 DEBUG Worker-4  ResourcePlugin:getLocalFile - 无法从本地找到/jlcb/dictionary.jar
26 七月 2026 23:39:32,766 DEBUG Worker-5  ResourcePlugin:getLocalFile - 开始从本地获取'/jlcb/classes/nxcb/pub/confirmWindow/ConfirmWindow.abf'
26 七月 2026 23:39:32,766 DEBUG Worker-5  ResourcePlugin:getLocalFile - 从本地找到'/jlcb/classes/nxcb/pub/confirmWindow/ConfirmWindow.abf'
26 七月 2026 23:39:32,842 DEBUG Worker-5  ResourcePlugin:getLocalFile - 开始从本地获取'/jlcb/dictionary.jar'
26 七月 2026 23:39:32,843 DEBUG Worker-5  ResourcePlugin:getLocalFile - 无法从本地找到/jlcb/dictionary.jar
26 七月 2026 23:39:37,291 DEBUG Worker-5  ResourcePlugin:getLocalFile - 开始从本地获取'/jlcb/classes/nxcb/pub/confirmWindow/ConfirmWindow.abf'
26 七月 2026 23:39:37,291 DEBUG Worker-5  ResourcePlugin:getLocalFile - 从本地找到'/jlcb/classes/nxcb/pub/confirmWindow/ConfirmWindow.abf'
26 七月 2026 23:39:37,367 DEBUG Worker-5  ResourcePlugin:getLocalFile - 开始从本地获取'/jlcb/dictionary.jar'
26 七月 2026 23:39:37,367 DEBUG Worker-5  ResourcePlugin:getLocalFile - 无法从本地找到/jlcb/dictionary.jar
26 七月 2026 23:39:45,181 DEBUG Worker-4  ResourcePlugin:getLocalFile - 开始从本地获取'/jlcb/classes/nxcb/pub/confirmWindow/ConfirmWindow.abf'
26 七月 2026 23:39:45,181 DEBUG Worker-4  ResourcePlugin:getLocalFile - 从本地找到'/jlcb/classes/nxcb/pub/confirmWindow/ConfirmWindow.abf'
26 七月 2026 23:39:45,254 DEBUG Worker-4  ResourcePlugin:getLocalFile - 开始从本地获取'/jlcb/dictionary.jar'
26 七月 2026 23:39:45,254 DEBUG Worker-4  ResourcePlugin:getLocalFile - 无法从本地找到/jlcb/dictionary.jar
26 七月 2026 23:39:52,146 DEBUG Worker-5  ResourcePlugin:getLocalFile - 开始从本地获取'/jlcb/classes/nxcb/lib/axep/pinPanel/PinPanel.abf'
26 七月 2026 23:39:52,147 DEBUG Worker-5  ResourcePlugin:getLocalFile - 从本地找到'/jlcb/classes/nxcb/lib/axep/pinPanel/PinPanel.abf'
26 七月 2026 23:39:52,228 DEBUG Worker-5  ResourcePlugin:getLocalFile - 开始从本地获取'/jlcb/dictionary.jar'
26 七月 2026 23:39:52,228 DEBUG Worker-5  ResourcePlugin:getLocalFile - 无法从本地找到/jlcb/dictionary.jar
26 七月 2026 23:39:55,152 DEBUG Worker-5  ResourcePlugin:getLocalFile - 开始从本地获取'/jlcb/classes/nxcb/lib/axep/pinPanel/PinPanel.abf'
26 七月 2026 23:39:55,152 DEBUG Worker-5  ResourcePlugin:getLocalFile - 从本地找到'/jlcb/classes/nxcb/lib/axep/pinPanel/PinPanel.abf'
26 七月 2026 23:39:55,214 DEBUG Worker-5  ResourcePlugin:getLocalFile - 开始从本地获取'/jlcb/dictionary.jar'
26 七月 2026 23:39:55,214 DEBUG Worker-5  ResourcePlugin:getLocalFile - 无法从本地找到/jlcb/dictionary.jar
26 七月 2026 23:40:28,827 DEBUG Worker-5  ResourcePlugin:getLocalFile - 开始从本地获取'/jlcb/classes/nxcb/trx/nx000/DepositMoney/t910221/T910221.abf'
26 七月 2026 23:40:28,827 DEBUG Worker-5  ResourcePlugin:getLocalFile - 从本地找到'/jlcb/classes/nxcb/trx/nx000/DepositMoney/t910221/T910221.abf'
26 七月 2026 23:40:28,908 DEBUG Worker-5  ResourcePlugin:getLocalFile - 开始从本地获取'/jlcb/dictionary.jar'
26 七月 2026 23:40:28,908 DEBUG Worker-5  ResourcePlugin:getLocalFile - 无法从本地找到/jlcb/dictionary.jar
26 七月 2026 23:40:29,112 DEBUG main  ResourcePlugin:getLocalFile - 开始从本地获取'/jlcb/resources/para/abs_combo_00000.ini'
26 七月 2026 23:40:29,112 DEBUG main  ResourcePlugin:getLocalFile - 从本地找到'/jlcb/resources/para/abs_combo_00000.ini'
26 七月 2026 23:40:33,094 DEBUG Worker-4  ResourcePlugin:getLocalFile - 开始从本地获取'/jlcb/classes/nxcb/trx/nx000/t360102/T360102.abf'
26 七月 2026 23:40:33,095 DEBUG Worker-4  ResourcePlugin:getLocalFile - 从本地找到'/jlcb/classes/nxcb/trx/nx000/t360102/T360102.abf'
26 七月 2026 23:40:33,177 DEBUG Worker-4  ResourcePlugin:getLocalFile - 开始从本地获取'/jlcb/dictionary.jar'
26 七月 2026 23:40:33,177 DEBUG Worker-4  ResourcePlugin:getLocalFile - 无法从本地找到/jlcb/dictionary.jar
26 七月 2026 23:40:33,340 DEBUG main  ResourcePlugin:getLocalFile - 开始从本地获取'/jlcb/resources/para/abs_combo_00000.ini'
26 七月 2026 23:40:33,341 DEBUG main  ResourcePlugin:getLocalFile - 从本地找到'/jlcb/resources/para/abs_combo_00000.ini'
26 七月 2026 23:40:58,798 DEBUG main  ResourcePlugin:getLocalFile - 开始从本地获取'/jlcb/classes/nxcb/trx/nx000/bankcard/t860613/T860613.abf'
26 七月 2026 23:40:58,798 DEBUG main  ResourcePlugin:getLocalFile - 从本地找到'/jlcb/classes/nxcb/trx/nx000/bankcard/t860613/T860613.abf'
26 七月 2026 23:40:58,872 DEBUG main  ResourcePlugin:getLocalFile - 开始从本地获取'/jlcb/dictionary.jar'
26 七月 2026 23:40:58,873 DEBUG main  ResourcePlugin:getLocalFile - 无法从本地找到/jlcb/dictionary.jar
26 七月 2026 23:40:58,977 DEBUG main  ResourcePlugin:getLocalFile - 开始从本地获取'/jlcb/resources/para/abs_combo_00000.ini'
26 七月 2026 23:40:58,977 DEBUG main  ResourcePlugin:getLocalFile - 从本地找到'/jlcb/resources/para/abs_combo_00000.ini'
26 七月 2026 23:40:59,092 DEBUG main  ResourcePlugin:getLocalFile - 开始从本地获取'/jlcb/resources/para/abs_sys_combo.ini'
26 七月 2026 23:40:59,093 DEBUG main  ResourcePlugin:getLocalFile - 从本地找到'/jlcb/resources/para/abs_sys_combo.ini'
26 七月 2026 23:41:17,246 DEBUG main  ResourcePlugin:getLocalFile - 开始从本地获取'/jlcb/classes/nxcb/trx/nx000/bankcard/t120015/T120015.abf'
26 七月 2026 23:41:17,247 DEBUG main  ResourcePlugin:getLocalFile - 从本地找到'/jlcb/classes/nxcb/trx/nx000/bankcard/t120015/T120015.abf'
26 七月 2026 23:41:17,320 DEBUG main  ResourcePlugin:getLocalFile - 开始从本地获取'/jlcb/dictionary.jar'
26 七月 2026 23:41:17,320 DEBUG main  ResourcePlugin:getLocalFile - 无法从本地找到/jlcb/dictionary.jar
26 七月 2026 23:41:18,027 DEBUG main  ResourcePlugin:getLocalFile - 开始从本地获取'/jlcb/resources/para/abs_combo_00000.ini'
26 七月 2026 23:41:18,028 DEBUG main  ResourcePlugin:getLocalFile - 从本地找到'/jlcb/resources/para/abs_combo_00000.ini'
26 七月 2026 23:41:27,615 DEBUG Worker-2  ResourcePlugin:getLocalFile - 开始从本地获取'/jlcb/classes/nxcb/pub/confirmWindow/ConfirmWindow.abf'
26 七月 2026 23:41:27,615 DEBUG Worker-2  ResourcePlugin:getLocalFile - 从本地找到'/jlcb/classes/nxcb/pub/confirmWindow/ConfirmWindow.abf'
26 七月 2026 23:41:27,686 DEBUG Worker-2  ResourcePlugin:getLocalFile - 开始从本地获取'/jlcb/dictionary.jar'
26 七月 2026 23:41:27,686 DEBUG Worker-2  ResourcePlugin:getLocalFile - 无法从本地找到/jlcb/dictionary.jar
26 七月 2026 23:41:36,583 DEBUG Worker-3  ResourcePlugin:getLocalFile - 开始从本地获取'/jlcb/classes/nxcb/lib/axep/pinPanel/PinPanel.abf'
26 七月 2026 23:41:36,583 DEBUG Worker-3  ResourcePlugin:getLocalFile - 从本地找到'/jlcb/classes/nxcb/lib/axep/pinPanel/PinPanel.abf'
26 七月 2026 23:41:36,658 DEBUG Worker-3  ResourcePlugin:getLocalFile - 开始从本地获取'/jlcb/dictionary.jar'
26 七月 2026 23:41:36,658 DEBUG Worker-3  ResourcePlugin:getLocalFile - 无法从本地找到/jlcb/dictionary.jar
26 七月 2026 23:41:39,169 DEBUG Worker-3  ResourcePlugin:getLocalFile - 开始从本地获取'/jlcb/classes/nxcb/lib/axep/pinPanel/PinPanel.abf'
26 七月 2026 23:41:39,169 DEBUG Worker-3  ResourcePlugin:getLocalFile - 从本地找到'/jlcb/classes/nxcb/lib/axep/pinPanel/PinPanel.abf'
26 七月 2026 23:41:39,238 DEBUG Worker-3  ResourcePlugin:getLocalFile - 开始从本地获取'/jlcb/dictionary.jar'
26 七月 2026 23:41:39,238 DEBUG Worker-3  ResourcePlugin:getLocalFile - 无法从本地找到/jlcb/dictionary.jar
26 七月 2026 23:41:42,454 DEBUG Worker-3  ResourcePlugin:getLocalFile - 开始从本地获取'/jlcb/classes/nxcb/lib/axep/pinPanel/PinPanel.abf'
26 七月 2026 23:41:42,454 DEBUG Worker-3  ResourcePlugin:getLocalFile - 从本地找到'/jlcb/classes/nxcb/lib/axep/pinPanel/PinPanel.abf'
26 七月 2026 23:41:42,514 DEBUG Worker-3  ResourcePlugin:getLocalFile - 开始从本地获取'/jlcb/dictionary.jar'
26 七月 2026 23:41:42,514 DEBUG Worker-3  ResourcePlugin:getLocalFile - 无法从本地找到/jlcb/dictionary.jar
26 七月 2026 23:42:11,008 DEBUG Worker-6  ResourcePlugin:getLocalFile - 开始从本地获取'/jlcb/classes/nxcb/trx/nx000/DepositMoney/t910221/T910221.abf'
26 七月 2026 23:42:11,008 DEBUG Worker-6  ResourcePlugin:getLocalFile - 从本地找到'/jlcb/classes/nxcb/trx/nx000/DepositMoney/t910221/T910221.abf'
26 七月 2026 23:42:11,148 DEBUG Worker-6  ResourcePlugin:getLocalFile - 开始从本地获取'/jlcb/dictionary.jar'
26 七月 2026 23:42:11,148 DEBUG Worker-6  ResourcePlugin:getLocalFile - 无法从本地找到/jlcb/dictionary.jar
26 七月 2026 23:42:11,244 DEBUG main  ResourcePlugin:getLocalFile - 开始从本地获取'/jlcb/resources/para/abs_combo_00000.ini'
26 七月 2026 23:42:11,244 DEBUG main  ResourcePlugin:getLocalFile - 从本地找到'/jlcb/resources/para/abs_combo_00000.ini'
26 七月 2026 23:42:13,151 DEBUG Worker-6  ResourcePlugin:getLocalFile - 开始从本地获取'/jlcb/classes/nxcb/trx/nx000/t360102/T360102.abf'
26 七月 2026 23:42:13,151 DEBUG Worker-6  ResourcePlugin:getLocalFile - 从本地找到'/jlcb/classes/nxcb/trx/nx000/t360102/T360102.abf'
26 七月 2026 23:42:13,588 DEBUG Worker-6  ResourcePlugin:getLocalFile - 开始从本地获取'/jlcb/dictionary.jar'
26 七月 2026 23:42:13,588 DEBUG Worker-6  ResourcePlugin:getLocalFile - 无法从本地找到/jlcb/dictionary.jar
26 七月 2026 23:42:13,718 DEBUG main  ResourcePlugin:getLocalFile - 开始从本地获取'/jlcb/resources/para/abs_combo_00000.ini'
26 七月 2026 23:42:13,718 DEBUG main  ResourcePlugin:getLocalFile - 从本地找到'/jlcb/resources/para/abs_combo_00000.ini'
26 七月 2026 23:55:48,626 DEBUG main  ResourcePlugin:getLocalFile - 开始从本地获取'/jlcb/classes/nxcb/trx/nx000/t180131/T180131.abf'
26 七月 2026 23:55:48,626 DEBUG main  ResourcePlugin:getLocalFile - 从本地找到'/jlcb/classes/nxcb/trx/nx000/t180131/T180131.abf'
26 七月 2026 23:55:48,997 DEBUG main  ResourcePlugin:getLocalFile - 开始从本地获取'/jlcb/dictionary.jar'
26 七月 2026 23:55:48,998 DEBUG main  ResourcePlugin:getLocalFile - 无法从本地找到/jlcb/dictionary.jar
26 七月 2026 23:55:49,585 DEBUG main  ResourcePlugin:getLocalFile - 开始从本地获取'/jlcb/resources/para/abs_combo_00000.ini'
26 七月 2026 23:55:49,585 DEBUG main  ResourcePlugin:getLocalFile - 从本地找到'/jlcb/resources/para/abs_combo_00000.ini'
26 七月 2026 23:55:50,011 DEBUG main  ResourcePlugin:getLocalFile - 开始从本地获取'/jlcb/resources/para/abs_sys_combo.ini'
26 七月 2026 23:55:50,011 DEBUG main  ResourcePlugin:getLocalFile - 从本地找到'/jlcb/resources/para/abs_sys_combo.ini'
26 七月 2026 23:56:05,094 DEBUG main  ResourcePlugin:getLocalFile - 开始从本地获取'/jlcb/classes/nxcb/trx/nx000/DepositMoney/t275270/T275270.abf'
26 七月 2026 23:56:05,095 DEBUG main  ResourcePlugin:getLocalFile - 从本地找到'/jlcb/classes/nxcb/trx/nx000/DepositMoney/t275270/T275270.abf'
26 七月 2026 23:56:05,255 DEBUG main  ResourcePlugin:getLocalFile - 开始从本地获取'/jlcb/dictionary.jar'
26 七月 2026 23:56:05,256 DEBUG main  ResourcePlugin:getLocalFile - 无法从本地找到/jlcb/dictionary.jar
26 七月 2026 23:56:06,146 DEBUG main  ResourcePlugin:getLocalFile - 开始从本地获取'/jlcb/resources/para/abs_combo_00000.ini'
26 七月 2026 23:56:06,146 DEBUG main  ResourcePlugin:getLocalFile - 从本地找到'/jlcb/resources/para/abs_combo_00000.ini'
26 七月 2026 23:56:06,855 DEBUG Worker-4  ResourcePlugin:getLocalFile - 开始从本地获取'/jlcb/classes/nxcb/pub/confirmWindow/ConfirmWindow.abf'
26 七月 2026 23:56:06,856 DEBUG Worker-4  ResourcePlugin:getLocalFile - 从本地找到'/jlcb/classes/nxcb/pub/confirmWindow/ConfirmWindow.abf'
26 七月 2026 23:56:06,925 DEBUG Worker-4  ResourcePlugin:getLocalFile - 开始从本地获取'/jlcb/dictionary.jar'
26 七月 2026 23:56:06,925 DEBUG Worker-4  ResourcePlugin:getLocalFile - 无法从本地找到/jlcb/dictionary.jar
26 七月 2026 23:56:17,923 DEBUG Worker-6  ResourcePlugin:getLocalFile - 开始从本地获取'/jlcb/classes/nxcb/lib/auth/auth/Auth.abf'
26 七月 2026 23:56:17,924 DEBUG Worker-6  ResourcePlugin:getLocalFile - 从本地找到'/jlcb/classes/nxcb/lib/auth/auth/Auth.abf'
26 七月 2026 23:56:18,017 DEBUG Worker-6  ResourcePlugin:getLocalFile - 开始从本地获取'/jlcb/dictionary.jar'
26 七月 2026 23:56:18,017 DEBUG Worker-6  ResourcePlugin:getLocalFile - 无法从本地找到/jlcb/dictionary.jar
27 七月 2026 00:04:56,594 DEBUG Worker-5  ResourcePlugin:getLocalFile - 开始从本地获取'/jlcb/classes/nxcb/lib/auth/auth/Auth.abf'
27 七月 2026 00:04:56,594 DEBUG Worker-5  ResourcePlugin:getLocalFile - 从本地找到'/jlcb/classes/nxcb/lib/auth/auth/Auth.abf'
27 七月 2026 00:04:56,942 DEBUG Worker-5  ResourcePlugin:getLocalFile - 开始从本地获取'/jlcb/dictionary.jar'
27 七月 2026 00:04:56,942 DEBUG Worker-5  ResourcePlugin:getLocalFile - 无法从本地找到/jlcb/dictionary.jar
27 七月 2026 00:05:10,262 DEBUG Worker-1  ResourcePlugin:getLocalFile - 开始从本地获取'/jlcb/classes/nxcb/lib/auth/auth/Auth.abf'
27 七月 2026 00:05:10,262 DEBUG Worker-1  ResourcePlugin:getLocalFile - 从本地找到'/jlcb/classes/nxcb/lib/auth/auth/Auth.abf'
27 七月 2026 00:05:10,381 DEBUG Worker-1  ResourcePlugin:getLocalFile - 开始从本地获取'/jlcb/dictionary.jar'
27 七月 2026 00:05:10,382 DEBUG Worker-1  ResourcePlugin:getLocalFile - 无法从本地找到/jlcb/dictionary.jar
27 七月 2026 00:05:15,965 DEBUG Worker-6  ResourcePlugin:getLocalFile - 开始从本地获取'/jlcb/classes/nxcb/lib/auth/auth/Auth.abf'
27 七月 2026 00:05:15,966 DEBUG Worker-6  ResourcePlugin:getLocalFile - 从本地找到'/jlcb/classes/nxcb/lib/auth/auth/Auth.abf'
27 七月 2026 00:05:16,035 DEBUG Worker-6  ResourcePlugin:getLocalFile - 开始从本地获取'/jlcb/dictionary.jar'
27 七月 2026 00:05:16,035 DEBUG Worker-6  ResourcePlugin:getLocalFile - 无法从本地找到/jlcb/dictionary.jar
27 七月 2026 00:06:17,028 DEBUG main  ResourcePlugin:getLocalFile - 开始从本地获取'/jlcb/classes/nxcb/pub/login/Tellerlogin.abf'
27 七月 2026 00:06:17,029 DEBUG main  ResourcePlugin:getLocalFile - 从本地找到'/jlcb/classes/nxcb/pub/login/Tellerlogin.abf'
27 七月 2026 00:06:17,096 DEBUG main  ResourcePlugin:getLocalFile - 开始从本地获取'/jlcb/dictionary.jar'
27 七月 2026 00:06:17,096 DEBUG main  ResourcePlugin:getLocalFile - 无法从本地找到/jlcb/dictionary.jar
27 七月 2026 00:06:20,483 DEBUG Worker-4  ResourcePlugin:getLocalFile - 开始从本地获取'/jlcb/classes/nxcb/pub/login/Tellerlogin.abf'
27 七月 2026 00:06:20,484 DEBUG Worker-4  ResourcePlugin:getLocalFile - 从本地找到'/jlcb/classes/nxcb/pub/login/Tellerlogin.abf'
27 七月 2026 00:06:20,557 DEBUG Worker-4  ResourcePlugin:getLocalFile - 开始从本地获取'/jlcb/dictionary.jar'
27 七月 2026 00:06:20,559 DEBUG Worker-4  ResourcePlugin:getLocalFile - 无法从本地找到/jlcb/dictionary.jar
